SET FOREIGN_KEY_CHECKS = 0;

DROP TABLE IF EXISTS  `ecs_account_log`;
CREATE TABLE `ecs_account_log` (
  `log_id` mediumint(8) unsigned NOT NULL AUTO_INCREMENT,
  `user_id` mediumint(8) unsigned NOT NULL,
  `user_money` decimal(10,2) NOT NULL,
  `frozen_money` decimal(10,2) NOT NULL,
  `rank_points` mediumint(9) NOT NULL,
  `pay_points` mediumint(9) NOT NULL,
  `change_time` int(10) unsigned NOT NULL,
  `change_desc` varchar(255) NOT NULL,
  `change_type` tinyint(3) unsigned NOT NULL,
  PRIMARY KEY (`log_id`),
  KEY `user_id` (`user_id`)
) ENGINE=InnoDB AUTO_INCREMENT=61 DEFAULT CHARSET=utf8 ROW_FORMAT=DYNAMIC;

insert into `ecs_account_log`(`log_id`,`user_id`,`user_money`,`frozen_money`,`rank_points`,`pay_points`,`change_time`,`change_desc`,`change_type`) values
('1','5',1100000.00,0.00,'0','0','1242140736','11','2'),
('2','3',400000.00,0.00,'0','0','1242140752','21312','2'),
('3','2',300000.00,0.00,'0','0','1242140775','300000','2'),
('4','1',50000.00,0.00,'0','0','1242140811','50','2'),
('5','5',0.00,10000.00,'0','0','1242140853','32','2'),
('6','1',-400.00,0.00,'0','0','1242142274','支付订单 2009051298180','99'),
('7','1',-975.00,0.00,'0','0','1242142324','支付订单 2009051255518','99'),
('8','1',0.00,0.00,'960','960','1242142390','订单 2009051255518 赠送的积分','99'),
('9','1',0.00,0.00,'385','385','1242142432','订单 2009051298180 赠送的积分','99'),
('10','1',-2310.00,0.00,'0','0','1242142549','支付订单 2009051267570','99'),
('11','1',0.00,0.00,'2300','2300','1242142589','订单 2009051267570 赠送的积分','99'),
('12','1',-5989.00,0.00,'0','0','1242142681','支付订单 2009051230249','99'),
('13','1',-8610.00,0.00,'0','0','1242142808','支付订单 2009051276258','99'),
('14','1',0.00,0.00,'0','-1','1242142910','参加夺宝奇兵夺宝奇兵之夏新N7 ','99'),
('15','1',0.00,0.00,'0','-1','1242142935','参加夺宝奇兵夺宝奇兵之诺基亚N96 ','99'),
('16','1',0.00,0.00,'0','100000','1242143867','奖励','2'),
('17','1',-10.00,0.00,'0','0','1242143920','支付订单 2009051268194','99'),
('18','1',0.00,0.00,'0','-17000','1242143920','支付订单 2009051268194','99'),
('19','1',0.00,0.00,'-960','-960','1242144185','由于退货或未发货操作，退回订单 2009051255518 赠送的积分','99'),
('20','1',975.00,0.00,'0','0','1242144185','由于取消、无效或退货操作，退回支付订单 2009051255518 时使用的预付款','99'),
('21','1',0.00,0.00,'960','960','1242576445','订单 2009051719232 赠送的积分','99'),
('22','3',-1000.00,0.00,'0','0','1242973612','追加使用余额支付订单：2009051227085','99'),
('23','1',-13806.60,0.00,'0','0','1242976699','支付订单 2009052224892','99'),
('24','1',0.00,0.00,'14045','14045','1242976740','订单 2009052224892 赠送的积分','99'),
('25','1',0.00,0.00,'-2300','-2300','1245045334','由于退货或未发货操作，退回订单 2009051267570 赠送的积分','99'),
('26','1',2310.00,0.00,'0','0','1245045334','由于取消、无效或退货操作，退回支付订单 2009051267570 时使用的预付款','99'),
('27','1',0.00,0.00,'17044','17044','1245045443','订单 2009061585887 赠送的积分','99'),
('28','1',17054.00,0.00,'0','0','1245045515','1','99'),
('29','1',0.00,0.00,'-17044','-17044','1245045515','由于退货或未发货操作，退回订单 2009061585887 赠送的积分','99'),
('30','1',-3196.30,0.00,'0','0','1245045672','支付订单 2009061525429','99'),
('31','1',-1910.00,0.00,'0','0','1245047978','支付订单 2009061503335','99'),
('32','1',0.00,0.00,'1900','1900','1245048189','订单 2009061503335 赠送的积分','99'),
('33','1',0.00,0.00,'-1900','-1900','1245048212','由于退货或未发货操作，退回订单 2009061503335 赠送的积分','99'),
('34','1',1910.00,0.00,'0','0','1245048212','由于取消、无效或退货操作，退回支付订单 2009061503335 时使用的预付款','99'),
('35','1',-500.00,0.00,'0','0','1245048585','支付订单 2009061510313','99'),
('36','8',0.00,0.00,'439','439','1390267904','订单 2014012127768 赠送的积分','99'),
('37','8',0.00,0.00,'259','259','1390413545','订单 2014012386380 赠送的积分','99'),
('38','8',0.00,0.00,'1118','1118','1390413621','订单 2014012362771 赠送的积分','99'),
('39','8',0.00,0.00,'2037','2037','1390413742','订单 2014012338692 赠送的积分','99'),
('40','8',0.00,0.00,'2007','2007','1390413820','订单 2014012367996 赠送的积分','99'),
('41','11',10000.00,10000.00,'10000','10000','1394573872','四十','2'),
('42','11',-6967.45,0.00,'0','0','1394670050','支付订单 2014031332969','99'),
('43','11',-10.00,0.00,'0','0','1394745597','支付订单 2014031425991','99'),
('44','11',0.00,0.00,'4749','4749','1399411603','订单 2014050772019 赠送的积分','99'),
('45','11',0.00,0.00,'0','-5000','1400115083','支付订单 2014051590543','99'),
('46','11',0.00,0.00,'8579','8579','1400541034','订单 2014052039945 赠送的积分','99'),
('47','11',0.00,0.00,'6587','6587','1400541047','订单 2014052053993 赠送的积分','99'),
('48','11',0.00,0.00,'1248','1248','1400541109','订单 2014052026120 赠送的积分','99'),
('49','11',0.00,0.00,'1793','1793','1400541236','订单 2014052020831 赠送的积分','99'),
('50','11',0.00,0.00,'1246','1246','1400541242','订单 2014052019031 赠送的积分','99'),
('51','11',0.00,0.00,'2553','2553','1400541246','订单 2014052040140 赠送的积分','99'),
('52','11',0.00,0.00,'3999','3999','1400794485','订单 2014052328317 赠送的积分','99'),
('53','11',0.00,0.00,'10','5','1400795966','订单 2014052397095 赠送的积分','99'),
('54','11',0.00,0.00,'2499','2484','1402340457','订单 2014052793358 赠送的积分','99'),
('55','11',0.00,0.00,'1703','1703','1403204824','订单 2014062024769 赠送的积分','99'),
('56','11',-193.00,0.00,'0','0','1403569333','支付订单 2014062407369','99'),
('57','11',-193.00,0.00,'0','0','1403569401','支付订单 2014062499582','99'),
('58','11',-198.00,0.00,'0','0','1403569538','支付订单 2014062433901','99'),
('59','11',-188.00,0.00,'0','0','1403569917','支付订单 2014062499398','99'),
('60','11',-922.25,0.00,'0','0','1404864096','支付订单 2014070972598','99');
DROP TABLE IF EXISTS  `ecs_ad`;
CREATE TABLE `ecs_ad` (
  `ad_id` smallint(5) unsigned NOT NULL AUTO_INCREMENT,
  `position_id` smallint(5) unsigned NOT NULL DEFAULT '0',
  `media_type` tinyint(3) unsigned NOT NULL DEFAULT '0',
  `ad_name` varchar(60) NOT NULL DEFAULT '',
  `ad_link` varchar(255) NOT NULL DEFAULT '',
  `ad_code` text NOT NULL,
  `start_time` int(11) NOT NULL DEFAULT '0',
  `end_time` int(11) NOT NULL DEFAULT '0',
  `link_man` varchar(60) NOT NULL DEFAULT '',
  `link_email` varchar(60) NOT NULL DEFAULT '',
  `link_phone` varchar(60) NOT NULL DEFAULT '',
  `click_count` mediumint(8) unsigned NOT NULL DEFAULT '0',
  `enabled` tinyint(3) unsigned NOT NULL DEFAULT '1',
  PRIMARY KEY (`ad_id`),
  KEY `position_id` (`position_id`),
  KEY `enabled` (`enabled`)
) ENGINE=InnoDB AUTO_INCREMENT=149 DEFAULT CHARSET=utf8 ROW_FORMAT=DYNAMIC;

insert into `ecs_ad`(`ad_id`,`position_id`,`media_type`,`ad_name`,`ad_link`,`ad_code`,`start_time`,`end_time`,`link_man`,`link_email`,`link_phone`,`click_count`,`enabled`) values
('4','4','0','c1_6','#','1385061431186132996.jpg','1384761600','1545379200','','','','0','1'),
('5','4','0','c1_1','#','1385062115512889604.jpg','1385020800','1608537600','','','','0','1'),
('6','4','0','c2_6','#','1385061779185345983.jpg','1385020800','1829376000','','','','0','1'),
('7','4','0','c3_6','#','1385061801470000152.jpg','1385020800','1640073600','','','','0','1'),
('8','4','0','c2_1','#','1385062138557064424.jpg','1385020800','1734768000','','','','0','1'),
('9','4','0','c3_1','#','1385062158820738155.jpg','1385020800','1734768000','','','','0','1'),
('10','4','0','c1_16','#','1385062533817611084.jpg','1385020800','1703145600','','','','0','1'),
('11','4','0','c2_16','#','1385062555075564130.jpg','1385020800','1703145600','','','','0','1'),
('12','4','0','c3_16','#','1385062574350540187.jpg','1385020800','1671609600','','','','0','1'),
('13','4','0','c1_17','#','1385063109926844212.jpg','1385020800','1734768000','','','','0','1'),
('14','4','0','c2_17','#','1385063127710913762.jpg','1385020800','1671609600','','','','0','1'),
('15','4','0','c3_17','#','1385063145138551529.jpg','1385020800','1608537600','','','','0','1'),
('16','4','0','c1_12','#','1385063166350123929.jpg','1385020800','1640073600','','','','0','1'),
('17','4','0','c2_12','#','1385063184197402989.jpg','1385020800','1671609600','','','','0','1'),
('18','4','0','c3_12','#','1385063201094512286.jpg','1385020800','1671609600','','','','0','1'),
('19','5','0','cate_1_111111','#','1387134240996968982.jpg','1387094400','1831449600','','','','0','1'),
('20','5','0','cate_2_6','#','1387134436631919403.jpg','1387094400','1673683200','','','','0','1'),
('21','5','0','cate_3_6','#','1387134610289875197.jpg','1387094400','1673683200','','','','0','1'),
('22','6','0','sad_1_6','#','1388712037887027364.jpg','1388649600','1549008000','','','','0','1'),
('23','6','0','sad_2_6','#','1388712059394990489.jpg','1388649600','1580544000','','','','0','1'),
('24','7','0','团购列表左侧广告一','#','1390350714139310283.jpg','1390291200','1645344000','','','','0','1'),
('25','8','0','团购列表左侧广告二','#','1390350730168563820.jpg','1390291200','1582185600','','','','1','1'),
('26','9','0','团购列表左侧广告三','#','1390350744473328295.jpg','1390291200','1392883200','','','','0','1'),
('27','10','0','团购列表左侧广告四','#','1390350760626738934.jpg','1390291200','1708416000','','','','0','1'),
('28','11','0','团购列表页右侧广告一','#','1390518412643487010.jpg','1390464000','1708588800','','','','0','1'),
('29','12','0','团购列表页右侧广告二','#','1390518430908793815.jpg','1390464000','1613980800','','','','0','1'),
('30','13','0','团购列表页右侧广告三','#','1390518446394401991.jpg','1390464000','1645516800','','','','0','1'),
('52','28','0','积分商品列表页Banner广告一','#','1399940342203794191.jpg','1394092800','1491379200','','','','1','1'),
('53','29','0','积分商品列表页Banner广告二','#','1399940351330825046.jpg','1394092800','1491379200','','','','0','1'),
('54','30','0','积分商品列表页Banner广告三','#','1399940358629881047.jpg','1394092800','1491379200','','','','0','1'),
('55','31','0','积分商品列表页Banner广告四','#','1399940365222684616.jpg','1394092800','1491379200','','','','1','1'),
('56','32','0','积分商品列表页Banner广告五','#','1399940373013926979.jpg','1394092800','1491379200','','','','0','1'),
('57','33','0','积分商品列表页Banner广告六','#','1399936182202176105.jpg','1394092800','1491379200','','','','1','1'),
('72','44','0','ad_user_login','#','1394567852922817003.jpg','1394524800','1491811200','','','','3','1'),
('113','62','0','登录页左侧广告','http://localhost/xiwang273/goods.php?id=153','1403227386901871933.jpg','1399536000','1494230400','','','','12','1'),
('126','75','0','category_1_407','http://www.ecmoban.com/','1402857625024925160.jpg','1402819200','1465977600','','','','0','1'),
('127','76','0','category_1_299','','1403137823991125534.jpg','1403078400','1497772800','','','','0','1'),
('128','77','0','团购列表幻灯片广告一','#','1403652878941786634.jpg','1403596800','1498291200','','','','0','1'),
('129','78','0','团购列表幻灯片广告二','','1403652899576244729.jpg','1403596800','1466755200','','','','0','1'),
('130','79','0','团购列表幻灯片广告三','#','1403652937480028071.jpg','1403596800','1466755200','','','','0','1'),
('131','80','0','团购列表幻灯片右侧广告','#','1403653251781887806.jpg','1403596800','1466755200','','','','0','1'),
('132','81','0','首页右侧幻灯片广告一','#','1403724112278700337.jpg','1403683200','1466841600','','','','0','1'),
('133','82','0','首页右侧幻灯片广告二','#','1403724128790828285.jpg','1403683200','1466841600','','','','0','1'),
('134','83','0','首页右侧幻灯片广告三','#','1403724143568600136.jpg','1403683200','1466841600','','','','0','1'),
('135','84','0','首页右侧幻灯片下广告','#','1403724195416035834.jpg','1403683200','1466841600','','','','0','1'),
('136','85','0','首页最新特卖广告1','','1404519124834430500.jpg','1404460800','1564819200','2.2','安踏ANTA活力男士运动专场','','4','1'),
('137','85','0','首页最新特卖广告2','','1404517165471210649.jpg','1404460800','1533283200','1','敦奴DUNNU女装专场','','0','1'),
('138','85','0','首页最新特卖广告3','','1404517187241460714.jpg','1404460800','1533283200','0.9','MORELINE女装专场','','1','1'),
('139','85','0','首页最新特卖广告4','','1404517284082411117.jpg','1404460800','1533283200','0.9','安玛莉PRECIS女鞋专场','','0','1'),
('145','85','0','首页最新特卖广告10','','1404517387474852396.jpg','1404460800','1564819200','2.8','安踏ANTA潮流女性运动专场','','1','1'),
('146','86','0','微信图片','','1447164947017636283.jpg','1447084800','1702742400','','','','0','1'),
('147','87','0','手机端','','1447165369023320315.jpg','1447084800','1732982400','','','','0','1'),
('148','88','0','头部悬浮logo透明图片','','1447238982476041646.png','1446307200','1701532800','','','','0','1');
DROP TABLE IF EXISTS  `ecs_ad_custom`;
CREATE TABLE `ecs_ad_custom` (
  `ad_id` mediumint(8) unsigned NOT NULL AUTO_INCREMENT,
  `ad_type` tinyint(1) unsigned NOT NULL DEFAULT '1',
  `ad_name` varchar(60) DEFAULT NULL,
  `add_time` int(10) unsigned NOT NULL DEFAULT '0',
  `content` mediumtext,
  `url` varchar(255) DEFAULT NULL,
  `ad_status` tinyint(3) unsigned NOT NULL DEFAULT '0',
  PRIMARY KEY (`ad_id`)
) ENGINE=InnoDB DEFAULT CHARSET=utf8 ROW_FORMAT=DYNAMIC;

DROP TABLE IF EXISTS  `ecs_ad_position`;
CREATE TABLE `ecs_ad_position` (
  `position_id` tinyint(3) unsigned NOT NULL AUTO_INCREMENT,
  `position_name` varchar(60) NOT NULL DEFAULT '',
  `ad_width` smallint(5) unsigned NOT NULL DEFAULT '0',
  `ad_height` smallint(5) unsigned NOT NULL DEFAULT '0',
  `position_desc` varchar(255) NOT NULL DEFAULT '',
  `position_style` text NOT NULL,
  PRIMARY KEY (`position_id`)
) ENGINE=InnoDB AUTO_INCREMENT=89 DEFAULT CHARSET=utf8 ROW_FORMAT=DYNAMIC;

insert into `ecs_ad_position`(`position_id`,`position_name`,`ad_width`,`ad_height`,`position_desc`,`position_style`) values
('4','分类轮播广告','248','465','','
{foreach from=$ads item=ad}
{$ad}
{/foreach}
'),
('5','顶级分类页轮播广告','970','340','','
{foreach from=$ads item=ad}
{$ad}
{/foreach}
'),
('6','顶级分类页轮播下广告左侧','335','212','','
{foreach from=$ads item=ad}
{$ad}
{/foreach}
'),
('7','团购列表左侧广告一','708','238','','
{foreach from=$ads item=ad}
{$ad}
{/foreach}
'),
('8','团购列表左侧广告二','708','238','','
{foreach from=$ads item=ad}
{$ad}
{/foreach}
'),
('9','团购列表左侧广告三','708','238','','
{foreach from=$ads item=ad}
{$ad}
{/foreach}
'),
('10','团购列表左侧广告四','708','238','','
{foreach from=$ads item=ad}
{$ad}
{/foreach}
'),
('11','团购列表页右侧广告一','255','305','','
{foreach from=$ads item=ad}
{$ad}
{/foreach}
'),
('12','团购列表页右侧广告二','255','305','','
{foreach from=$ads item=ad}
{$ad}
{/foreach}
'),
('13','团购列表页右侧广告三','255','305','','
{foreach from=$ads item=ad}
{$ad}
{/foreach}
'),
('14','首页Banner底部区域横屏广告','1130','70','','{foreach from=$ads item=ad}
{$ad}
{/foreach}'),
('21','首页商品分类顶部左侧广告五','180','226','','{foreach from=$ads item=ad}
{$ad}
{/foreach}'),
('22','首页商品分类顶部左侧广告六','180','226','','{foreach from=$ads item=ad}
{$ad}
{/foreach}'),
('23','首页商品分类顶部左侧广告七','180','226','','{foreach from=$ads item=ad}
{$ad}
{/foreach}'),
('24','首页商品分类顶部左侧广告八','180','226','','{foreach from=$ads item=ad}
{$ad}
{/foreach}
'),
('25','首页商品分类顶部左侧广告九','180','226','','{foreach from=$ads item=ad}
{$ad}
{/foreach}
'),
('26','首页商品分类顶部左侧广告十','180','226','','{foreach from=$ads item=ad}
{$ad}
{/foreach}'),
('28','积分商品列表页Banner广告位一','1110','250','','{foreach from=$ads item=ad}
{$ad}
{/foreach}'),
('29','积分商品列表页Banner广告位二','1110','250','','{foreach from=$ads item=ad}
{$ad}
{/foreach}'),
('30','积分商品列表页Banner广告位三','1110','250','','{foreach from=$ads item=ad}
{$ad}
{/foreach}'),
('31','积分商品列表页Banner广告位四','1110','250','','{foreach from=$ads item=ad}
{$ad}
{/foreach}'),
('32','积分商品列表页Banner广告位五','1110','250','','{foreach from=$ads item=ad}
{$ad}
{/foreach}'),
('33','积分商品表页Banner广告位六','1110','250','','{foreach from=$ads item=ad}
{$ad}
{/foreach}'),
('41','GoodsLeftAd01','179','129','','{foreach from=$ads item=ad}
{$ad}
{/foreach}'),
('42','GoodsLeftAd02','179','129','','{foreach from=$ads item=ad}
{$ad}
{/foreach}'),
('43','GoodsLeftAd03','179','111','','{foreach from=$ads item=ad}
{$ad}
{/foreach}'),
('44','ad_user_login','350','411','','{foreach from=$ads item=ad}
{$ad}
{/foreach}'),
('55','inbanad_1','194','133','','{foreach from=$ads item=ad}
{$ad}
<div class="Line"></div>
{/foreach}
'),
('56','inbanad_2','194','133','','{foreach from=$ads item=ad}
{$ad}
<div class="Line"></div>
{/foreach}'),
('57','inbanad_3','194','133','','{foreach from=$ads item=ad}
{$ad}
<div class="Line"></div>
{/foreach}
'),
('58','inbanad_4','194','133','','{foreach from=$ads item=ad}
{$ad}
<div class="Line"></div>
{/foreach}'),
('59','inbanad_5','194','133','','{foreach from=$ads item=ad}
{$ad}
<div class="Line"></div>
{/foreach}'),
('60','首页新闻底部广告位','196','83','','{foreach from=$ads item=ad}
{$ad}
{/foreach}'),
('61','首页商品评论右侧广告位','322','263','','{foreach from=$ads item=ad}
{$ad}
{/foreach}'),
('62','登录页左侧广告位','542','309','','{foreach from=$ads item=ad}
{$ad}
{/foreach}'),
('75','category_1_407','1920','272','','{foreach from=$ads item=ad}
{$ad}
{/foreach}'),
('76','category_1_299','1920','272','','{foreach from=$ads item=ad}
{$ad}
{/foreach}'),
('77','团购列表幻灯片广告一','670','264','','{foreach from=$ads item=ad}
{$ad}
{/foreach}'),
('78','团购列表幻灯片广告二','670','264','','{foreach from=$ads item=ad}
{$ad}
{/foreach}'),
('79','团购列表幻灯片广告三','670','264','','{foreach from=$ads item=ad}
{$ad}
{/foreach}'),
('80','团购列表幻灯片右侧广告','264','264','','{foreach from=$ads item=ad}
{$ad}
{/foreach}'),
('81','首页右侧幻灯片广告位一','310','170','','{foreach from=$ads item=ad}
{$ad}
{/foreach}'),
('82','首页右侧幻灯片广告位二','310','170','','{foreach from=$ads item=ad}
{$ad}
{/foreach}'),
('83','首页右侧幻灯片广告位三','310','170','','{foreach from=$ads item=ad}
{$ad}
{/foreach}'),
('84','首页右侧幻灯片下广告位','330','50','','{foreach from=$ads item=ad}
{$ad}
{/foreach}'),
('85','首页最新特卖广告位','640','180','','{foreach from=$ads item=ad}
{$ad}
{/foreach}
'),
('86','微信图片','90','90','','<table cellpadding="0" cellspacing="0">
{foreach from=$ads item=ad}
<tr><td>{$ad}</td></tr>
{/foreach}
</table>'),
('87','手机端','90','90','','<table cellpadding="0" cellspacing="0">
{foreach from=$ads item=ad}
<tr><td>{$ad}</td></tr>
{/foreach}
</table>'),
('88','头部悬浮logo透明图片','100','45','','<table cellpadding="0" cellspacing="0">
{foreach from=$ads item=ad}
<tr><td>{$ad}</td></tr>
{/foreach}
</table>');
DROP TABLE IF EXISTS  `ecs_admin_action`;
CREATE TABLE `ecs_admin_action` (
  `action_id` tinyint(3) unsigned NOT NULL AUTO_INCREMENT,
  `parent_id` tinyint(3) unsigned NOT NULL DEFAULT '0',
  `action_code` varchar(20) NOT NULL DEFAULT '',
  `relevance` varchar(20) NOT NULL DEFAULT '',
  PRIMARY KEY (`action_id`),
  KEY `parent_id` (`parent_id`)
) ENGINE=InnoDB AUTO_INCREMENT=136 DEFAULT CHARSET=utf8 ROW_FORMAT=DYNAMIC;

insert into `ecs_admin_action`(`action_id`,`parent_id`,`action_code`,`relevance`) values
('1','0','goods',''),
('2','0','cms_manage',''),
('3','0','users_manage',''),
('4','0','priv_manage',''),
('5','0','sys_manage',''),
('6','0','order_manage',''),
('7','0','promotion',''),
('8','0','email',''),
('9','0','templates_manage',''),
('10','0','db_manage',''),
('11','0','sms_manage',''),
('21','1','goods_manage',''),
('22','1','remove_back',''),
('23','1','cat_manage',''),
('24','1','cat_drop','cat_manage'),
('25','1','attr_manage',''),
('26','1','brand_manage',''),
('27','1','comment_priv',''),
('30','2','article_cat',''),
('31','2','article_manage',''),
('32','2','shopinfo_manage',''),
('33','2','shophelp_manage',''),
('34','2','vote_priv',''),
('35','7','topic_manage',''),
('38','3','integrate_users',''),
('39','3','sync_users','integrate_users'),
('40','3','users_manage',''),
('41','3','users_drop','users_manage'),
('42','3','user_rank',''),
('43','4','admin_manage',''),
('44','4','admin_drop','admin_manage'),
('45','4','allot_priv','admin_manage'),
('46','4','logs_manage',''),
('47','4','logs_drop','logs_manage'),
('48','5','shop_config',''),
('49','5','ship_manage',''),
('50','5','payment',''),
('51','5','shiparea_manage',''),
('52','5','area_manage',''),
('53','6','order_os_edit',''),
('54','6','order_ps_edit','order_os_edit'),
('55','6','order_ss_edit','order_os_edit'),
('56','6','order_edit','order_os_edit'),
('57','6','order_view',''),
('58','6','order_view_finished',''),
('59','6','repay_manage',''),
('60','6','booking',''),
('61','6','sale_order_stats',''),
('62','6','client_flow_stats',''),
('70','1','goods_type',''),
('73','3','feedback_priv',''),
('74','4','template_manage',''),
('75','5','friendlink',''),
('76','5','db_backup',''),
('77','5','db_renew','db_backup'),
('78','7','snatch_manage',''),
('79','7','bonus_manage',''),
('80','7','gift_manage',''),
('81','7','card_manage',''),
('82','7','pack',''),
('83','7','ad_manage',''),
('84','1','tag_manage',''),
('85','3','surplus_manage','account_manage'),
('86','4','agency_manage',''),
('87','3','account_manage',''),
('88','5','flash_manage',''),
('89','5','navigator',''),
('90','7','auction',''),
('91','7','group_by',''),
('92','7','favourable',''),
('93','7','whole_sale',''),
('94','1','goods_auto',''),
('95','2','article_auto',''),
('96','5','cron',''),
('97','5','affiliate',''),
('98','5','affiliate_ck',''),
('99','8','attention_list',''),
('100','8','email_list',''),
('101','8','magazine_list',''),
('102','8','view_sendlist',''),
('103','1','virualcard',''),
('104','7','package_manage',''),
('105','1','picture_batch',''),
('106','1','goods_export',''),
('107','1','goods_batch',''),
('108','1','gen_goods_script',''),
('109','5','sitemap',''),
('110','5','file_priv',''),
('111','5','file_check',''),
('112','9','template_select',''),
('113','9','template_setup',''),
('114','9','library_manage',''),
('115','9','lang_edit',''),
('116','9','backup_setting',''),
('117','9','mail_template',''),
('118','10','db_backup',''),
('119','10','db_renew',''),
('120','10','db_optimize',''),
('121','10','sql_query',''),
('122','10','convert',''),
('124','11','sms_send',''),
('128','7','exchange_goods',''),
('129','6','delivery_view',''),
('130','6','back_view',''),
('131','5','reg_fields',''),
('132','5','shop_authorized',''),
('133','5','webcollect_manage',''),
('134','4','suppliers_manage',''),
('135','4','role_manage','');
DROP TABLE IF EXISTS  `ecs_admin_log`;
CREATE TABLE `ecs_admin_log` (
  `log_id` int(10) unsigned NOT NULL AUTO_INCREMENT,
  `log_time` int(10) unsigned NOT NULL DEFAULT '0',
  `user_id` tinyint(3) unsigned NOT NULL DEFAULT '0',
  `log_info` varchar(255) NOT NULL DEFAULT '',
  `ip_address` varchar(15) NOT NULL DEFAULT '',
  PRIMARY KEY (`log_id`),
  KEY `log_time` (`log_time`),
  KEY `user_id` (`user_id`)
) ENGINE=InnoDB AUTO_INCREMENT=3466 DEFAULT CHARSET=utf8 ROW_FORMAT=DYNAMIC;

insert into `ecs_admin_log`(`log_id`,`log_time`,`user_id`,`log_info`,`ip_address`) values
('1','1240294375','1','添加品牌管理: 诺基亚','0.0.0.0'),
('2','1240295621','1','添加属性: 网络类型','0.0.0.0'),
('3','1240295930','1','添加属性: 扩展卡','0.0.0.0'),
('4','1240295980','1','添加属性: 操作系统','0.0.0.0'),
('5','1240296082','1','添加属性: 通话时间（分）','0.0.0.0'),
('6','1240296102','1','添加属性: 待机时间（小时）','0.0.0.0'),
('7','1240296379','1','添加属性: 上市时间','0.0.0.0'),
('8','1240296403','1','编辑属性: 网络类型','0.0.0.0'),
('9','1240296415','1','编辑属性: 扩展卡','0.0.0.0'),
('10','1240298784','1','添加属性: 手机颜色','0.0.0.0'),
('11','1240300896','1','添加属性: 基本配件','0.0.0.0'),
('12','1240301110','1','添加属性: 附加配件','0.0.0.0'),
('13','1240301295','1','添加属性: 和铉铃声','0.0.0.0'),
('14','1240301371','1','添加属性: 相机像数','0.0.0.0'),
('15','1240301487','1','添加属性: 感光元件','0.0.0.0'),
('16','1240301508','1','编辑属性: 和铉铃声','0.0.0.0'),
('17','1240301518','1','编辑属性: 基本配件','0.0.0.0'),
('18','1240301570','1','添加属性: 移动qq','0.0.0.0'),
('19','1240301611','1','添加属性: gps','0.0.0.0'),
('20','1240301650','1','添加属性: FM收音机','0.0.0.0'),
('21','1240301665','1','编辑属性: GPS','0.0.0.0'),
('22','1240301679','1','编辑属性: FM收音机','0.0.0.0'),
('23','1240301705','1','添加属性: 话机电话薄（条）','0.0.0.0'),
('24','1240301715','1','添加属性: K-JAVA','0.0.0.0'),
('25','1240301788','1','添加属性: 价格档位','0.0.0.0'),
('26','1240305032','1','添加属性: 手机样式','0.0.0.0'),
('27','1240380338','1','添加属性: 图形菜单','0.0.0.0'),
('28','1240380399','1','添加属性: 中文短消息','0.0.0.0'),
('29','1240380444','1','添加属性: 内置游戏','0.0.0.0'),
('30','1240380507','1','添加属性: Wap 上网','0.0.0.0'),
('31','1240380533','1','添加属性: Wap 上网','0.0.0.0'),
('32','1240380552','1','编辑属性: Wap 上网','0.0.0.0'),
('33','1240380574','1','编辑属性: Wap 上网','0.0.0.0'),
('34','1240380587','1','编辑属性: Wap 上网','0.0.0.0'),
('35','1240380646','1','添加属性: 数据功能','0.0.0.0'),
('36','1240380743','1','添加属性: 移动QQ','0.0.0.0'),
('37','1240380759','1','添加属性: 视频格式','0.0.0.0'),
('38','1240380831','1','添加属性: 扩张卡','0.0.0.0'),
('39','1240380875','1','添加属性: 手机颜色','0.0.0.0'),
('40','1240380920','1','添加属性: 来电防火墙','0.0.0.0'),
('41','1240380945','1','添加属性: 英汉词典','0.0.0.0'),
('42','1240380957','1','添加属性: 多语言显示','0.0.0.0'),
('43','1240381002','1','添加属性: 电子书','0.0.0.0'),
('44','1240381052','1','添加属性: 移动 MSN','0.0.0.0'),
('45','1240381088','1','添加属性: 音频格式','0.0.0.0'),
('46','1240381143','1','添加属性: 上市时间','0.0.0.0'),
('47','1240381206','1','添加属性: 语音拨号','0.0.0.0'),
('48','1240381229','1','添加属性: 语音菜单','0.0.0.0'),
('49','1240381356','1','添加属性: 外观样式','0.0.0.0'),
('50','1240381382','1','添加属性: 天线位置','0.0.0.0'),
('51','1240381425','1','编辑属性: K-JAVA','0.0.0.0'),
('52','1240381430','1','添加属性: K-JAVA','0.0.0.0'),
('53','1240381464','1','添加属性: PDA 功能','0.0.0.0'),
('54','1240381480','1','添加属性: 操作系统','0.0.0.0'),
('55','1240381512','1','添加属性: 外壳材质','0.0.0.0'),
('56','1240381561','1','编辑属性: 基本配件','0.0.0.0'),
('57','1240381572','1','添加属性: 基本配件','0.0.0.0'),
('58','1240381580','1','编辑属性: 附加配件','0.0.0.0'),
('59','1240381602','1','添加属性: 附加配件','0.0.0.0'),
('60','1240381627','1','编辑属性: 附加配件','0.0.0.0'),
('61','1240381694','1','添加属性: 自动开关机','0.0.0.0'),
('62','1240381717','1','添加属性: 视频分辨率','0.0.0.0'),
('63','1240381731','1','添加属性: 影音编辑器','0.0.0.0'),
('64','1240381741','1','添加属性: 图像编辑器','0.0.0.0'),
('65','1240381759','1','添加属性: 可用内存','0.0.0.0'),
('66','1240381775','1','添加属性: 主屏幕像素','0.0.0.0'),
('67','1240381786','1','添加属性: 副屏幕像素','0.0.0.0'),
('68','1240382037','1','添加属性: 更换外壳','0.0.0.0'),
('69','1240382801','1','添加属性: 办公功能','0.0.0.0'),
('70','1240382823','1','添加属性: 传感器','0.0.0.0'),
('71','1240382844','1','添加属性: CPU频率','0.0.0.0'),
('72','1240382866','1','添加属性: 理论待机时间','0.0.0.0'),
('73','1240382875','1','添加属性: 理论通话时间','0.0.0.0'),
('74','1240383267','1','编辑商品类型: 3g手机','0.0.0.0'),
('75','1240383268','1','编辑商品类型: 手机','0.0.0.0'),
('76','1240383269','1','编辑商品类型: 3g手机','0.0.0.0'),
('77','1240383397','1','删除商品类型: 图形菜单','0.0.0.0'),
('78','1240383432','1','添加属性: 图形菜单','0.0.0.0'),
('79','1240383491','1','添加属性: EFR 服务','0.0.0.0'),
('80','1240383509','1','添加属性: STK 服务','0.0.0.0'),
('81','1240383528','1','添加属性: 通话录音','0.0.0.0'),
('82','1240383554','1','添加属性: 语音菜单','0.0.0.0'),
('83','1240383575','1','添加属性: 中文输入法','0.0.0.0'),
('84','1240383594','1','编辑属性: 中文输入法','0.0.0.0'),
('85','1240383613','1','编辑属性: 语音菜单','0.0.0.0'),
('86','1240383635','1','添加属性: 和弦铃声','0.0.0.0'),
('87','1240383651','1','添加属性: 主屏幕色彩','0.0.0.0'),
('88','1240383658','1','添加属性: 副屏幕色彩','0.0.0.0'),
('89','1240383682','1','添加属性: 天线位置','0.0.0.0'),
('90','1240383700','1','添加属性: 数据功能','0.0.0.0'),
('91','1240392733','1','安装配送方式: 邮政快递包裹','0.0.0.0'),
('92','1240392748','1','安装配送方式: 圆通速递','0.0.0.0'),
('93','1240392761','1','安装配送方式: 城际快递','0.0.0.0'),
('94','1240392769','1','安装配送方式: 市内快递','0.0.0.0'),
('95','1240463689','1','添加属性: 连拍','0.0.0.0'),
('96','1240463709','1','添加属性: 定时拍摄','0.0.0.0'),
('97','1240463729','1','添加属性: 照片打印','0.0.0.0'),
('98','1240463748','1','添加属性: 照片特效','0.0.0.0'),
('99','1240463766','1','添加属性: 电子书','0.0.0.0'),
('100','1240463777','1','添加属性: 外壳材质','0.0.0.0'),
('101','1240463793','1','添加属性: 名片扫描','0.0.0.0'),
('102','1240463803','1','添加属性: GPU','0.0.0.0'),
('103','1240463814','1','添加属性: CPU频率','0.0.0.0'),
('104','1240463830','1','添加属性: TV-OUT电视输出','0.0.0.0'),
('105','1240463843','1','添加属性: 来电图片识别','0.0.0.0'),
('106','1240463855','1','添加属性: 来电防火墙','0.0.0.0'),
('107','1240463865','1','添加属性: 背光自动调节','0.0.0.0'),
('108','1240463873','1','添加属性: 照片分辨率','0.0.0.0'),
('109','1240463880','1','添加属性: 变焦模式','0.0.0.0'),
('110','1240463903','1','添加属性: 英汉词典','0.0.0.0'),
('111','1240463925','1','添加属性: 多语言显示','0.0.0.0'),
('112','1240463974','1','添加属性: 数据线功能','0.0.0.0'),
('113','1240463992','1','添加属性: 留言应答','0.0.0.0'),
('114','1240464004','1','添加属性: 可用内存(MB)','0.0.0.0'),
('115','1240464015','1','添加属性: GPS','0.0.0.0'),
('116','1240464022','1','添加属性: 相机闪光灯','0.0.0.0'),
('117','1240464030','1','添加属性: 移动 MSN','0.0.0.0'),
('118','1240464038','1','添加属性: 移动QQ','0.0.0.0'),
('119','1240464050','1','添加属性: 内置媒体播放器','0.0.0.0'),
('120','1240464066','1','添加属性: 电子邮件','0.0.0.0'),
('121','1240464220','1','编辑属性: 待机时间（小时）','0.0.0.0'),
('122','1240464272','1','编辑属性: 网络类型','0.0.0.0'),
('123','1240464277','1','编辑属性: 网络类型','0.0.0.0'),
('124','1240464331','1','编辑属性: 网络类型','0.0.0.0'),
('125','1240464631','1','编辑属性: 网络类型','0.0.0.0'),
('126','1240464639','1','编辑属性: 扩展卡','0.0.0.0'),
('127','1240464650','1','编辑属性: 操作系统','0.0.0.0'),
('128','1240464709','1','编辑属性: 通话时间（分）','0.0.0.0'),
('129','1240464720','1','编辑属性: 待机时间（小时）','0.0.0.0'),
('130','1240464737','1','编辑属性: 上市时间','0.0.0.0'),
('131','1240464748','1','编辑属性: 手机颜色','0.0.0.0'),
('132','1240464758','1','编辑属性: 基本配件','0.0.0.0'),
('133','1240464770','1','编辑属性: 和铉铃声','0.0.0.0'),
('134','1240464783','1','编辑属性: 相机像数','0.0.0.0'),
('135','1240464794','1','编辑属性: 移动qq','0.0.0.0'),
('136','1240464806','1','编辑属性: 感光元件','0.0.0.0'),
('137','1240464816','1','编辑属性: GPS','0.0.0.0'),
('138','1240464827','1','编辑属性: FM收音机','0.0.0.0'),
('139','1240464853','1','编辑属性: FM收音机','0.0.0.0'),
('140','1240464869','1','编辑属性: 话机电话薄（条）','0.0.0.0'),
('141','1240464880','1','编辑属性: 扩展卡','0.0.0.0'),
('142','1240464896','1','编辑属性: 扩展卡','0.0.0.0'),
('143','1240464917','1','编辑属性: K-JAVA','0.0.0.0'),
('144','1240464931','1','编辑属性: 价格档位','0.0.0.0'),
('145','1240464945','1','编辑属性: 手机样式','0.0.0.0'),
('146','1240464959','1','编辑属性: Wap 上网','0.0.0.0'),
('147','1240800622','1','添加商品分类: 手机类型','0.0.0.0'),
('148','1240800687','1','添加商品分类: GSM手机','0.0.0.0'),
('149','1240800745','1','添加商品分类: GSM手机','0.0.0.0'),
('150','1240800791','1','添加商品分类: 3G手机','0.0.0.0'),
('151','1240800845','1','添加商品分类: 双模手机','0.0.0.0'),
('152','1240800877','1','编辑商品分类: GSM手机','0.0.0.0'),
('153','1240802922','1','添加品牌管理: 摩托罗拉','0.0.0.0'),
('154','1240803062','1','编辑品牌管理: 诺基亚','0.0.0.0'),
('155','1240803144','1','添加品牌管理: 多普达','0.0.0.0'),
('156','1240803248','1','添加品牌管理: 飞利浦','0.0.0.0'),
('157','1240803352','1','添加品牌管理: 夏新','0.0.0.0'),
('158','1240803412','1','添加品牌管理: 三星','0.0.0.0'),
('159','1240803482','1','添加品牌管理: 索爱','0.0.0.0'),
('160','1240803526','1','添加品牌管理: LG','0.0.0.0'),
('161','1240803578','1','添加品牌管理: 联想','0.0.0.0'),
('162','1240803689','1','添加品牌管理: 金立','0.0.0.0'),
('163','1240803736','1','添加品牌管理: 恒基伟业','0.0.0.0'),
('164','1240803750','1','编辑品牌管理: 恒基伟业','0.0.0.0'),
('165','1240804593','1','编辑商品分类: CDMA手机','0.0.0.0'),
('166','1240902890','1','添加商品: KD876','0.0.0.0'),
('167','1240904370','1','编辑商品: KD876','0.0.0.0'),
('168','1240904461','1','编辑商品: KD876','0.0.0.0'),
('169','1240912338','1','删除商品类型: 手机配件','0.0.0.0'),
('170','1240912361','1','添加商品分类: 手机配件','0.0.0.0'),
('171','1240912385','1','添加商品分类: 充电器','0.0.0.0'),
('172','1240912477','1','添加商品分类: 耳机','0.0.0.0'),
('173','1240912489','1','添加商品分类: 电池','0.0.0.0'),
('174','1241420935','1','添加商品分类: 111','0.0.0.0'),
('175','1241420966','1','添加商品: 斤','0.0.0.0'),
('176','1241421093','1','回收商品: 斤','0.0.0.0'),
('177','1241421104','1','删除商品: 斤','0.0.0.0'),
('178','1241421110','1','删除商品分类: 111','0.0.0.0'),
('179','1241421127','1','编辑商品分类: GSM手机','0.0.0.0'),
('180','1241422082','1','添加商品: 诺基亚原装5800耳机','0.0.0.0'),
('181','1241422137','1','添加属性: 卡的类型','0.0.0.0'),
('182','1241422163','1','添加属性: 卡的大小','0.0.0.0'),
('183','1241422236','1','添加属性: 颜色','0.0.0.0'),
('184','1241422272','1','编辑属性: 卡的容量','0.0.0.0'),
('185','1241422289','1','添加属性: 电池容量','0.0.0.0'),
('186','1241422347','1','编辑商品: 诺基亚原装5800耳机','0.0.0.0'),
('187','1241422402','1','添加商品: 诺基亚N85原装充电器','0.0.0.0'),
('188','1241422416','1','编辑商品: KD876','0.0.0.0'),
('189','1241422518','1','添加商品: 索爱原装M2卡读卡器','0.0.0.0'),
('190','1241422573','1','添加商品: 胜创KINGMAX内存卡','0.0.0.0'),
('191','1241422615','1','编辑商品: 胜创KINGMAX内存卡','0.0.0.0'),
('192','1241422626','1','编辑商品: 诺基亚N85原装充电器','0.0.0.0'),
('193','1241422785','1','添加商品: 诺基亚N85原装立体声耳机HS-82 查看商品相册 诺基亚N85原装立体声耳机HS-82','0.0.0.0'),
('194','1241425512','1','添加商品: 飞利浦9@9v ','0.0.0.0'),
('195','1241425836','1','编辑商品: 飞利浦9@9v ','0.0.0.0'),
('196','1241425891','1','编辑商品: 飞利浦9@9v ','0.0.0.0'),
('197','1241426819','1','添加文章分类: 3G手机资讯','0.0.0.0'),
('198','1241426864','1','添加文章: 三星电子宣布将在中国发布15款3G手机','0.0.0.0'),
('199','1241426898','1','编辑文章: 三星电子宣布将在中国发布15款3G手机','0.0.0.0'),
('200','1241427051','1','添加文章: 薄锐极限 电信3G定制摩托罗拉V10发布','0.0.0.0'),
('201','1241427449','1','编辑文章: 薄锐极限 电信3G定制摩托罗拉V10发布','0.0.0.0'),
('202','1241427779','1','编辑文章: 诺基亚牵手移动 5款热门TD手机机型推荐','0.0.0.0'),
('203','1241427850','1','编辑文章: 诺基亚牵手移动 5款热门TD手机机型推荐','0.0.0.0'),
('204','1241511486','1','编辑商品: 飞利浦9@9v','0.0.0.0'),
('205','1241511514','1','编辑属性: FM收音机','0.0.0.0'),
('206','1241511871','1','添加商品: 诺基亚E66','0.0.0.0'),
('207','1241512315','1','编辑商品: 诺基亚E66','0.0.0.0'),
('208','1241512443','1','删除商品类型: 手机','0.0.0.0'),
('209','1241512563','1','添加属性: 手机制式','0.0.0.0'),
('210','1241512693','1','添加属性: 外观样式','0.0.0.0'),
('211','1241512704','1','添加属性: 上市时间','0.0.0.0'),
('212','1241512712','1','添加属性: 屏幕参数','0.0.0.0'),
('213','1241512720','1','添加属性: 摄像功能','0.0.0.0'),
('214','1241512728','1','添加属性: 其它功能','0.0.0.0'),
('215','1241512737','1','添加属性: 产品配置','0.0.0.0'),
('216','1241512762','1','添加属性: 理论通话时间','0.0.0.0'),
('217','1241512772','1','添加属性: 理论待机时间','0.0.0.0'),
('218','1241512804','1','添加属性: 中文短消息','0.0.0.0'),
('219','1241512813','1','添加属性: 存储卡格式','0.0.0.0'),
('220','1241512842','1','添加属性: 外壳材质','0.0.0.0'),
('221','1241512868','1','添加属性: # 情景模式','0.0.0.0'),
('222','1241512907','1','添加属性: 蓝牙接口','0.0.0.0'),
('223','1241512939','1','添加属性: GPS','0.0.0.0'),
('224','1241512966','1','添加属性: MP3播放器','0.0.0.0'),
('225','1241512977','1','添加属性: 视频播放','0.0.0.0'),
('226','1241513003','1','添加属性: 内置游戏','0.0.0.0'),
('227','1241513036','1','编辑属性: 情景模式','0.0.0.0'),
('228','1241513132','1','添加属性: 价位','0.0.0.0'),
('229','1241513210','1','添加属性: 颜色','0.0.0.0'),
('230','1241513508','1','编辑商品: 飞利浦9@9v','0.0.0.0'),
('231','1241513571','1','编辑属性: MP3播放器','0.0.0.0'),
('232','1241513596','1','编辑属性: 外壳材质','0.0.0.0'),
('233','1241513630','1','编辑商品: 飞利浦9@9v','0.0.0.0'),
('234','1241513750','1','编辑属性: MP3播放器','0.0.0.0'),
('235','1241513771','1','添加属性: 附加配件','0.0.0.0'),
('236','1241513918','1','编辑属性: 像数（万）','0.0.0.0'),
('237','1241513939','1','编辑商品: 飞利浦9@9v','0.0.0.0'),
('238','1241513959','1','编辑属性: 像数（万）','0.0.0.0'),
('239','1241518314','1','编辑属性: 外壳材质','0.0.0.0'),
('240','1241518329','1','编辑属性: 价位','0.0.0.0'),
('241','1241946343','1','还原数据库备份: 备份时间2009-05-05 10:36:29','127.0.0.1'),
('242','1241965622','1','添加商品: 索爱C702c','127.0.0.1'),
('243','1241965816','1','添加商品: 索爱C702c','127.0.0.1'),
('244','1241965859','1','编辑品牌管理: 摩托罗拉','127.0.0.1'),
('245','1241965978','1','添加商品: 摩托罗拉A810','127.0.0.1'),
('246','1241966023','1','编辑商品: 摩托罗拉A810','127.0.0.1'),
('247','1241966218','1','编辑商品: 摩托罗拉A810','127.0.0.1'),
('248','1241966408','1','编辑商品: 摩托罗拉A810','127.0.0.1'),
('249','1241966536','1','编辑品牌管理: 诺基亚','127.0.0.1'),
('250','1241966874','1','编辑商品: 摩托罗拉A810','127.0.0.1'),
('251','1241966922','1','回收商品: 索爱C702c','127.0.0.1'),
('252','1241966951','1','还原商品: 索爱C702c','127.0.0.1'),
('253','1241966963','1','回收商品: 索爱C702c','127.0.0.1'),
('254','1241967340','1','编辑商品: 诺基亚E66','127.0.0.1'),
('255','1241967424','1','编辑商品: 诺基亚N85原装立体声耳机HS-82','127.0.0.1'),
('256','1241967465','1','编辑商品: 索爱原装M2卡读卡器','127.0.0.1'),
('257','1241967487','1','编辑商品: 诺基亚N85原装充电器','127.0.0.1'),
('258','1241967556','1','编辑商品: KD876','127.0.0.1'),
('259','1241967667','1','编辑商品: 飞利浦9@9v','127.0.0.1'),
('260','1241967762','1','添加商品: 诺基亚5320 XpressMusic','127.0.0.1'),
('261','1241968002','1','编辑商品: 诺基亚5320 XpressMusic','127.0.0.1'),
('262','1241968058','1','编辑商品: 诺基亚5320 XpressMusic','127.0.0.1'),
('263','1241968492','1','添加商品: 诺基亚5800XM','127.0.0.1'),
('264','1241968703','1','添加商品: 摩托罗拉A810','127.0.0.1'),
('265','1241968949','1','添加商品: 恒基伟业G101','127.0.0.1'),
('266','1241969394','1','添加商品: 夏新N7','127.0.0.1'),
('267','1241969533','1','添加商品: 夏新T5','127.0.0.1'),
('268','1241969541','1','回收商品: 夏新T5','127.0.0.1'),
('269','1241970139','1','添加商品: 三星SGH-F258','127.0.0.1'),
('270','1241970175','1','编辑商品: 三星SGH-F258','127.0.0.1'),
('271','1241970417','1','添加商品: 三星BC01','127.0.0.1'),
('272','1241970634','1','添加商品: 金立 A30','127.0.0.1'),
('273','1241970743','1','编辑商品: 飞利浦9@9v','127.0.0.1'),
('274','1241971076','1','添加商品: 多普达Touch HD','127.0.0.1'),
('275','1241971488','1','添加商品: 诺基亚N96','127.0.0.1'),
('276','1241971556','1','编辑商品: 诺基亚N96','127.0.0.1'),
('277','1241971981','1','添加商品: P806','127.0.0.1'),
('278','1241972305','1','编辑商品: 飞利浦9@9v','127.0.0.1'),
('279','1241972339','1','编辑商品: 恒基伟业G101','127.0.0.1'),
('280','1241972512','1','添加商品分类: 充值卡','127.0.0.1'),
('281','1241972554','1','添加商品分类: 小灵通/固话充值卡','127.0.0.1'),
('282','1241972598','1','添加商品分类: 移动手机充值卡','127.0.0.1'),
('283','1241972634','1','添加商品分类: 联通手机充值卡','127.0.0.1'),
('284','1241972709','1','添加商品: 小灵通/固话50元充值卡','127.0.0.1'),
('285','1241972789','1','添加商品: 小灵通/固话20元充值卡','127.0.0.1'),
('286','1241972894','1','添加商品: 联通100元充值卡','127.0.0.1'),
('287','1241972976','1','添加商品: 联通50元充值卡','127.0.0.1'),
('288','1241973022','1','添加商品: 移动100元充值卡','127.0.0.1'),
('289','1241973114','1','添加商品: 移动20元充值卡','127.0.0.1'),
('290','1242105946','1','还原数据库备份: 备份时间2009-05-10 16:33:51','0.0.0.0'),
('291','1242106383','1','编辑商品: 三星BC01','0.0.0.0'),
('292','1242106490','1','编辑商品: 三星BC01','0.0.0.0'),
('293','1242106594','1','添加会员账号: ecshop','0.0.0.0'),
('294','1242106663','1','添加会员等级: vip','0.0.0.0'),
('295','1242106727','1','添加会员等级: 钻石用户','0.0.0.0'),
('296','1242106771','1','编辑商品: 诺基亚N96','0.0.0.0'),
('297','1242106836','1','编辑商品: 诺基亚5320 XpressMusic','0.0.0.0'),
('298','1242106894','1','添加会员账号: vip','0.0.0.0'),
('299','1242106928','1','添加会员账号: text','0.0.0.0'),
('300','1242106997','1','添加会员账号: zhuangshi','0.0.0.0'),
('301','1242107017','1','删除会员账号: zhuangshi','0.0.0.0'),
('302','1242107045','1','添加会员账号: zuanshi','0.0.0.0'),
('303','1242107052','1','编辑会员账号: vip','0.0.0.0'),
('304','1242107224','1','编辑操作日志: ','0.0.0.0'),
('305','1242107360','1','添加: 音乐手机','0.0.0.0'),
('306','1242107418','1','添加: 音乐手机','0.0.0.0'),
('307','1242107466','1','添加: 音乐手机','0.0.0.0'),
('308','1242107517','1','添加: 智能手机','0.0.0.0'),
('309','1242107557','1','添加: 智能手机','0.0.0.0'),
('310','1242107611','1','添加: 智能手机','0.0.0.0'),
('311','1242107825','1','添加夺宝奇兵: 夺宝奇兵之诺基亚N96','0.0.0.0'),
('312','1242107987','1','添加夺宝奇兵: 夺宝奇兵之夏新N7','0.0.0.0'),
('313','1242108026','1','添加红包类型: 用户红包','0.0.0.0'),
('314','1242108084','1','添加红包类型: 商品红包','0.0.0.0'),
('315','1242108124','1','添加红包类型: 订单红包','0.0.0.0'),
('316','1242108159','1','添加红包类型: 线下红包','0.0.0.0'),
('317','1242108754','1','添加商品贺卡: 祝福贺卡','0.0.0.0'),
('318','1242109088','1','添加团购商品: P806','0.0.0.0'),
('319','1242109198','1','编辑商品: 金立 A30','0.0.0.0'),
('320','1242109298','1','编辑商品: 金立 A30','0.0.0.0'),
('321','1242109354','1','添加批发活动: 金立 A30','0.0.0.0'),
('322','1242109644','1','编辑会员等级: 钻石用户','0.0.0.0'),
('323','1242109964','1','添加优惠活动: 5.1诺基亚优惠活动','0.0.0.0'),
('324','1242110117','1','添加拍卖活动: 拍卖活动——索爱C702c','0.0.0.0'),
('325','1242110412','1','添加商品: 摩托罗拉E8 ','0.0.0.0'),
('326','1242110451','1','添加: 音乐手机','0.0.0.0'),
('327','1242110566','1','添加超值礼包: 摩托罗拉E8 大礼包','0.0.0.0'),
('328','1242110760','1','添加商品: 诺基亚N85','0.0.0.0'),
('329','1242110880','1','添加超值礼包: 诺基亚N85大礼包','0.0.0.0'),
('330','1242140620','1','还原数据库备份: 备份时间2009-05-12 06:48:22','127.0.0.1'),
('331','1242140683','1','添加积分可兑换的商品: 24','127.0.0.1'),
('332','1242141551','1','安装支付方式: 余额支付','127.0.0.1'),
('333','1242141813','1','安装配送方式: 申通快递','127.0.0.1'),
('334','1242141841','1','添加配送区域: 申通','127.0.0.1'),
('335','1242141890','1','添加配送区域: 1','127.0.0.1'),
('336','1242141897','1','安装配送方式: 邮局平邮','127.0.0.1'),
('337','1242141914','1','添加配送区域: 邮局','127.0.0.1'),
('338','1242141958','1','安装配送方式: 运费到付','127.0.0.1'),
('339','1242142014','1','添加配送区域: 运费到付','127.0.0.1'),
('340','1242142081','1','安装支付方式: 银行汇款/转帐','127.0.0.1'),
('341','1242142190','1','编辑配送区域: 1','127.0.0.1'),
('342','1242142210','1','编辑配送区域: 运费到付','127.0.0.1'),
('343','1242142227','1','编辑配送区域: 邮局','127.0.0.1'),
('344','1242142503','1','编辑红包类型: 商品红包','127.0.0.1'),
('345','1242143005','1','编辑团购商品: P806[3]','127.0.0.1'),
('346','1242143557','1','编辑商店设置: ','127.0.0.1'),
('347','1242144250','1','添加订单: 2009051264945','127.0.0.1'),
('348','1242144268','1','编辑订单: 2009051264945,订单总金额由 0.00 变为 3800.00','127.0.0.1'),
('349','1242144348','1','编辑订单: 2009051264945','127.0.0.1'),
('350','1242144353','1','编辑订单: 2009051264945,订单总金额由 3800.00 变为 3810.00','127.0.0.1'),
('351','1242144356','1','编辑订单: 2009051264945','127.0.0.1'),
('352','1242144359','1','编辑订单: 2009051264945','127.0.0.1'),
('353','1242144363','1','编辑订单: 2009051264945','127.0.0.1'),
('354','1242576182','1','安装支付方式: 货到付款','127.0.0.1'),
('355','1242576584','1','添加文章分类: 新手上路 ','127.0.0.1'),
('356','1242576615','1','添加文章分类: 手机常识 ','127.0.0.1'),
('357','1242576627','1','添加文章分类: 配送与支付 ','127.0.0.1'),
('358','1242576634','1','添加文章分类: 服务保证 ','127.0.0.1'),
('359','1242576641','1','添加文章分类: 联系我们 ','127.0.0.1'),
('360','1242576650','1','添加文章分类: 会员 ','127.0.0.1'),
('361','1242576700','1','添加文章: 售后流程','127.0.0.1'),
('362','1242576717','1','添加文章: 购物流程','127.0.0.1'),
('363','1242576727','1','添加文章: 订购方式','127.0.0.1'),
('364','1242576826','1','添加文章: 如何分辨原装电池','127.0.0.1'),
('365','1242576911','1','添加文章: 如何分辨水货手机 ','127.0.0.1'),
('366','1242576927','1','添加文章: 如何享受全国联保','127.0.0.1'),
('367','1242576971','1','编辑文章: 如何分辨原装电池','127.0.0.1'),
('368','1242577023','1','添加文章: 货到付款区域','127.0.0.1'),
('369','1242577032','1','添加文章: 配送支付智能查询 ','127.0.0.1'),
('370','1242577041','1','添加文章: 支付方式说明','127.0.0.1'),
('371','1242577080','1','编辑文章分类: 会员中心','127.0.0.1'),
('372','1242577127','1','添加文章: 资金管理','127.0.0.1'),
('373','1242577178','1','添加文章: 我的收藏','127.0.0.1'),
('374','1242577199','1','添加文章: 我的订单','127.0.0.1'),
('375','1242577230','1','编辑文章: 资金管理','127.0.0.1'),
('376','1242577293','1','添加文章: 退换货原则','127.0.0.1'),
('377','1242577308','1','添加文章: 售后服务保证 ','127.0.0.1'),
('378','1242577326','1','添加文章: 产品质量保证 ','127.0.0.1'),
('379','1242577409','1','编辑文章分类: 联系我们 ','127.0.0.1'),
('380','1242577432','1','添加文章: 网站故障报告','127.0.0.1'),
('381','1242577448','1','添加文章: 选机咨询 ','127.0.0.1'),
('382','1242577459','1','添加文章: 投诉与建议 ','127.0.0.1'),
('383','1242577702','1','添加文章: 800万像素超强拍照机 LG Viewty Smart再曝光','127.0.0.1'),
('384','1242577731','1','编辑商品: KD876','127.0.0.1'),
('385','1242577749','1','编辑商品: 三星BC01','127.0.0.1'),
('386','1242577768','1','编辑商品: 三星SGH-F258','127.0.0.1'),
('387','1242577791','1','编辑商品: 诺基亚N85','127.0.0.1'),
('388','1242577813','1','编辑商品: 诺基亚N96','127.0.0.1'),
('389','1242577838','1','编辑商品: 诺基亚N96','127.0.0.1'),
('390','1242577864','1','编辑商品: 诺基亚E66','127.0.0.1'),
('391','1242578018','1','添加文章分类: 本站手机促销','127.0.0.1'),
('392','1242578199','1','添加文章: 飞利浦9@9促销','127.0.0.1'),
('393','1242578365','1','编辑文章: 飞利浦9@9促销','127.0.0.1'),
('394','1242578676','1','添加文章: 诺基亚5320 促销','127.0.0.1'),
('395','1242578826','1','添加文章: 促销诺基亚N96','127.0.0.1'),
('396','1242578885','1','添加文章分类: 站内快讯','127.0.0.1'),
('397','1242579069','1','添加文章: 诺基亚6681手机广告欣赏','127.0.0.1'),
('398','1242579189','1','添加文章: 手机游戏下载','127.0.0.1'),
('399','1242579559','1','添加文章: 三星SGHU308说明书下载','127.0.0.1'),
('400','1242579587','1','编辑文章: 三星SGHU308说明书下载','127.0.0.1'),
('401','1242579622','1','编辑文章: 手机游戏下载','127.0.0.1'),
('402','1242580013','1','添加文章: 3G知识普及','127.0.0.1'),
('403','1242973211','1','还原数据库备份: 备份时间2009-05-17 17:10:28','0.0.0.0'),
('404','1242973252','1','编辑商品分类: 联通手机充值卡','0.0.0.0'),
('405','1242973362','1','编辑商品: 摩托罗拉A810','0.0.0.0'),
('406','1242973436','1','编辑商品: 索爱C702c','0.0.0.0'),
('407','1242973501','1','编辑文章分类: 3G资讯','0.0.0.0'),
('408','1242974080','1','添加拍卖活动: 拍卖活动——索爱C702c(第2期)','0.0.0.0'),
('409','1242974159','1','编辑拍卖活动: 拍卖活动——索爱C702c(第2期)','0.0.0.0'),
('410','1242974327','1','添加团购商品: P806','0.0.0.0'),
('411','1242974380','1','编辑团购商品: P806[8]','0.0.0.0'),
('412','1242974613','1','添加文章: “沃”的世界我做主','0.0.0.0'),
('413','1242976639','1','添加用户红包: 1000091405','0.0.0.0'),
('414','1244189181','1','编辑商品: 索爱C702c','0.0.0.0'),
('415','1244189344','1','编辑文章分类: 手机促销','0.0.0.0'),
('416','1244190576','1','编辑文章: 三星SGHU308说明书下载','0.0.0.0'),
('417','1244190791','1','编辑文章: 三星SGHU308说明书下载','0.0.0.0'),
('418','1244190825','1','编辑文章: 三星SGHU308说明书下载','0.0.0.0'),
('419','1244190882','1','编辑文章: 三星SGHU308说明书下载','0.0.0.0'),
('420','1244190952','1','编辑文章: 三星SGHU308说明书下载','0.0.0.0'),
('421','1244191015','1','编辑文章: 三星SGHU308说明书下载','0.0.0.0'),
('422','1244191031','1','编辑文章: 三星SGHU308说明书下载','0.0.0.0'),
('423','1244773301','1','添加在线调查: 您从哪里知道我们的网站','0.0.0.0'),
('424','1244773315','1','添加在线调查: 论坛','0.0.0.0'),
('425','1244773328','1','添加在线调查: 朋友','0.0.0.0'),
('426','1244773345','1','添加在线调查: 友情链接','0.0.0.0'),
('427','1245042408','1','还原数据库备份: 备份时间2009-06-12 02:23:14','0.0.0.0'),
('428','1245042659','1','编辑商品分类: 手机类型','0.0.0.0'),
('429','1245042742','1','编辑商品分类: GSM手机','0.0.0.0'),
('430','1245042772','1','编辑商品分类: 手机类型','0.0.0.0'),
('431','1245043251','1','编辑文章: 三星SGHU308说明书下载','0.0.0.0'),
('432','1245043292','1','编辑文章: 三星SGHU308说明书下载','0.0.0.0'),
('433','1245044142','1','编辑权限管理: bjgonghuo1','0.0.0.0'),
('434','1245044234','1','添加供货商管理: 北京供货商','0.0.0.0'),
('435','1245044248','1','添加供货商管理: 上海供货商','0.0.0.0'),
('436','1245044469','1','编辑红包类型: 订单红包','0.0.0.0'),
('437','1245044698','1','编辑供货商管理: 北京供货商','0.0.0.0'),
('438','1245044706','1','编辑供货商管理: 上海供货商','0.0.0.0'),
('439','1245136915','1','还原数据库备份: 备份时间2009-06-15 06:54:05','0.0.0.0'),
('440','1245138481','1','还原数据库备份: 备份时间2009-06-16 07:47:15','0.0.0.0'),
('441','1245220014','1','编辑商品: 诺基亚N85','0.0.0.0'),
('442','1245220040','1','编辑商品: 诺基亚N85','0.0.0.0'),
('443','1245220295','1','编辑商品: P806','0.0.0.0'),
('444','1245220617','1','编辑商品: 诺基亚N96','0.0.0.0'),
('445','1245220821','1','编辑商品: 多普达Touch HD','0.0.0.0'),
('446','1245221079','1','编辑商品: 金立 A30','0.0.0.0'),
('447','1245221279','1','编辑商品: 三星BC01','0.0.0.0'),
('448','1245221460','1','编辑商品: 三星SGH-F258','0.0.0.0'),
('449','1245221658','1','编辑商品: 夏新N7','0.0.0.0'),
('450','1245221889','1','编辑商品: 摩托罗拉A810','0.0.0.0'),
('451','1245222018','1','编辑商品: 诺基亚5800XM','0.0.0.0'),
('452','1245222169','1','编辑商品: 诺基亚5320 XpressMusic','0.0.0.0'),
('453','1245222267','1','回收商品: 摩托罗拉A810','0.0.0.0'),
('454','1245222409','1','编辑商品: 索爱C702c','0.0.0.0'),
('455','1245222545','1','编辑商品: 诺基亚E66','0.0.0.0'),
('456','1245222658','1','编辑商品: 飞利浦9@9v','0.0.0.0'),
('457','1245222832','1','编辑商品: KD876','0.0.0.0'),
('458','1245222978','1','编辑商店设置: ','0.0.0.0'),
('459','1245223043','1','编辑商品分类: 手机类型','0.0.0.0'),
('460','1245223128','1','编辑商品分类: GSM手机','0.0.0.0'),
('461','1245223340','1','编辑文章: 诺基亚牵手移动 5款热门TD手机机型推荐','0.0.0.0'),
('462','1245223387','1','编辑文章: 诺基亚牵手移动 5款热门TD手机机型推荐','0.0.0.0'),
('463','1245223611','1','还原数据库备份: 备份时间2009-06-17 07:23:51','0.0.0.0'),
('464','1379964228','1','编辑商店设置: ','127.0.0.1'),
('465','1383006918','1','编辑商店设置: ','127.0.0.1'),
('466','1383075778','1','编辑前台语言项: ','127.0.0.1'),
('467','1383082055','1','编辑前台语言项: ','127.0.0.1'),
('468','1383092430','1','编辑商品分类: 护肤','127.0.0.1'),
('469','1383092438','1','编辑商品分类: 彩妆','127.0.0.1'),
('470','1383092444','1','编辑商品分类: 男士','127.0.0.1'),
('471','1383092453','1','编辑商品分类: 面部护理','127.0.0.1'),
('472','1383154111','1','编辑商品分类: 眼部彩妆','127.0.0.1'),
('473','1383154124','1','编辑商品分类: 面部彩妆','127.0.0.1'),
('474','1383154138','1','编辑商品分类: 其他彩妆','127.0.0.1'),
('475','1383154157','1','编辑商品分类: 彩妆套装','127.0.0.1'),
('476','1383154203','1','编辑商品分类: 面部护理','127.0.0.1'),
('477','1383154217','1','编辑商品分类: 身体护理','127.0.0.1'),
('478','1383154229','1','编辑商品分类: 其他护理','127.0.0.1'),
('479','1383154253','1','添加商品分类: 男士套装','127.0.0.1'),
('480','1383154270','1','添加商品分类: 眼线','127.0.0.1'),
('481','1383154281','1','添加商品分类: 眼影','127.0.0.1'),
('482','1383154290','1','添加商品分类: 睫毛','127.0.0.1'),
('483','1383154302','1','添加商品分类: 眉粉眉笔','127.0.0.1'),
('484','1384821120','1','添加广告位置: 首页轮播广告一','127.0.0.1'),
('485','1384821143','1','添加广告位置: 首页轮播广告二','127.0.0.1'),
('486','1384821165','1','添加广告位置: 首页轮播广告三','127.0.0.1'),
('487','1384821178','1','编辑广告位置: 首页轮播广告一','127.0.0.1'),
('488','1384821178','1','编辑广告位置: 首页轮播广告一','127.0.0.1'),
('489','1384821247','1','添加广告: 首页轮播广告一','127.0.0.1'),
('490','1384821273','1','添加广告: 首页轮播广告二','127.0.0.1'),
('491','1384821295','1','添加广告: 首页轮播广告三','127.0.0.1'),
('492','1384885018','1','添加团购商品: 诺基亚N85原装充电器','127.0.0.1'),
('493','1384885137','1','添加团购商品: 金立 A30','127.0.0.1'),
('494','1384885145','1','删除团购商品: P806[8]','127.0.0.1'),
('495','1384885147','1','删除团购商品: P806[3]','127.0.0.1'),
('496','1384885178','1','添加团购商品: P806','127.0.0.1'),
('497','1384885228','1','添加团购商品: KD876','127.0.0.1'),
('498','1384885270','1','添加团购商品: 索爱原装M2卡读卡器','127.0.0.1'),
('499','1384885301','1','添加团购商品: 三星SGH-F258','127.0.0.1'),
('500','1384885341','1','添加团购商品: 夏新N7','127.0.0.1'),
('501','1384885422','1','添加团购商品: 多普达Touch HD','127.0.0.1'),
('502','1384885454','1','添加团购商品: 摩托罗拉A810','127.0.0.1'),
('503','1384885483','1','添加团购商品: 恒基伟业G101','127.0.0.1'),
('504','1384910129','1','编辑商店设置: ','127.0.0.1'),
('505','1384910168','1','编辑商店设置: ','127.0.0.1'),
('506','1384986246','1','编辑商品: 诺基亚E66','127.0.0.1'),
('507','1384986608','1','编辑商品: 雅诗兰黛第六代特润精华露50ml','127.0.0.1'),
('508','1384987018','1','编辑商品: 雅诗兰黛第六代特润精华露50ml','127.0.0.1'),
('509','1384987546','1','编辑商店设置: ','127.0.0.1'),
('510','1384988540','1','编辑商品: KD876','127.0.0.1'),
('511','1384988569','1','编辑商品: 希思黎轻柔护肤西柚柔肤水250ml','127.0.0.1'),
('512','1384988620','1','编辑商品: 希思黎轻柔护肤西柚柔肤水250ml','127.0.0.1'),
('513','1384988790','1','编辑商品:  香奈儿coco小姐唇膏（62#）3g','127.0.0.1'),
('514','1384988876','1','编辑商品:  香奈儿coco小姐唇膏（62#）3g','127.0.0.1'),
('515','1384991764','1','编辑商品: 伊丽莎白•雅顿水感24小时保湿三件套','127.0.0.1'),
('516','1384991811','1','编辑商品: 伊丽莎白•雅顿水感24小时保湿三件套','127.0.0.1'),
('517','1384994159','1','编辑商品: 兰蔻精华眼膜霜15ml','127.0.0.1'),
('518','1384994312','1','编辑商品: 纪梵希幻影四宫格胭脂21#7g','127.0.0.1'),
('519','1384994573','1','编辑商品: 娇韵诗超V型纤容紧致瘦脸面膜75ml','127.0.0.1'),
('520','1384994678','1','编辑商品: 娇兰金钻修颜粉饼SPF10','127.0.0.1'),
('521','1384994821','1','编辑商品: 兰蔻精华眼膜霜15ml','127.0.0.1'),
('522','1384994957','1','编辑商品: 纪梵希幻影四宫格胭脂21#7g','127.0.0.1'),
('523','1384995049','1','编辑商品: 娇韵诗超V型纤容紧致瘦脸面膜75ml','127.0.0.1'),
('524','1384995151','1','编辑商品: 娇兰金钻修颜粉饼SPF10','127.0.0.1'),
('525','1384995286','1','编辑商品: 雅诗兰黛第六代特润精华露50ml','127.0.0.1'),
('526','1384995428','1','编辑商品: 雅诗兰黛鲜活营养红石榴眼霜15ml','127.0.0.1'),
('527','1384995503','1','编辑团购商品: 雅诗兰黛鲜活营养红石榴眼霜15ml[18]','127.0.0.1'),
('528','1384995644','1','编辑商品: 雅顿保湿调理露200ml','127.0.0.1'),
('529','1384995672','1','编辑团购商品: 雅顿保湿调理露200ml[17]','127.0.0.1'),
('530','1384995853','1','添加商品: 兰蔻小黑瓶精华肌底液（新版）30ml','127.0.0.1'),
('531','1384995896','1','编辑团购商品: 兰蔻小黑瓶精华肌底液（新版）30ml[16]','127.0.0.1'),
('532','1384996126','1','添加商品: 兰蔻超塑颜5D提拉日霜法国版50ml','127.0.0.1'),
('533','1384996155','1','编辑团购商品: 兰蔻超塑颜5D提拉日霜法国版50ml[15]','127.0.0.1'),
('534','1384996219','1','添加商品: 雅诗兰黛红石榴鲜活晚霜50ml新','127.0.0.1'),
('535','1384996253','1','编辑团购商品: 雅诗兰黛红石榴鲜活晚霜50ml新[14]','127.0.0.1'),
('536','1385061118','1','添加广告位置: 分类轮播广告','127.0.0.1'),
('537','1385061431','1','添加广告: c1_6','127.0.0.1'),
('538','1385061453','1','编辑广告: c1_6','127.0.0.1'),
('539','1385061471','1','添加广告: c1_1','127.0.0.1'),
('540','1385061751','1','编辑广告: c1_6','127.0.0.1'),
('541','1385061753','1','编辑广告: c1_1','127.0.0.1'),
('542','1385061755','1','编辑广告: c1_6','127.0.0.1'),
('543','1385061779','1','添加广告: c2_6','127.0.0.1'),
('544','1385061801','1','添加广告: c3_6','127.0.0.1'),
('545','1385062115','1','编辑广告: c1_1','127.0.0.1'),
('546','1385062122','1','编辑广告: c2_6','127.0.0.1'),
('547','1385062138','1','添加广告: c2_1','127.0.0.1'),
('548','1385062158','1','添加广告: c3_1','127.0.0.1'),
('549','1385062517','1','编辑广告: c1_1','127.0.0.1'),
('550','1385062533','1','添加广告: c1_16','127.0.0.1'),
('551','1385062555','1','添加广告: c2_16','127.0.0.1'),
('552','1385062574','1','添加广告: c3_16','127.0.0.1'),
('553','1385063075','1','编辑广告: c1_1','127.0.0.1'),
('554','1385063109','1','添加广告: c1_17','127.0.0.1'),
('555','1385063127','1','添加广告: c2_17','127.0.0.1'),
('556','1385063145','1','添加广告: c3_17','127.0.0.1'),
('557','1385063166','1','添加广告: c1_12','127.0.0.1'),
('558','1385063184','1','添加广告: c2_12','127.0.0.1'),
('559','1385063201','1','添加广告: c3_12','127.0.0.1'),
('560','1385070090','1','编辑品牌管理: 兰蔻','127.0.0.1'),
('561','1385070327','1','编辑品牌管理: 雅诗兰黛','127.0.0.1'),
('562','1385070574','1','编辑品牌管理: 雅诗兰黛','127.0.0.1'),
('563','1385070612','1','编辑品牌管理: 倩碧','127.0.0.1'),
('564','1385070660','1','编辑品牌管理: 倩碧','127.0.0.1'),
('565','1385070892','1','添加商品: 雅诗兰黛匀透肌源精粹水200ml','127.0.0.1'),
('566','1385071002','1','添加商品: 兰蔻肌底赋活晚霜50ml','127.0.0.1'),
('567','1385071087','1','添加商品: 倩碧全效眼部护理精华露15ml','127.0.0.1'),
('568','1385071125','1','编辑商品: 倩碧全效眼部护理精华露15ml','127.0.0.1'),
('569','1385071299','1','添加商品: 娇兰水合青春活能精华露50ml','127.0.0.1'),
('570','1385071326','1','编辑品牌管理: 娇兰','127.0.0.1'),
('571','1385071423','1','添加商品: 雅顿8小时经典润泽护唇啫喱15ml','127.0.0.1'),
('572','1385071484','1','编辑品牌管理: 雅顿','127.0.0.1'),
('573','1385071802','1','添加商品: 迪奥水动力精萃细致美肤露 50ml','127.0.0.1'),
('574','1385071859','1','编辑商品: 迪奥水动力精萃细致美肤露 50ml','127.0.0.1'),
('575','1385071888','1','编辑品牌管理: 迪奥','127.0.0.1'),
('576','1385071984','1','添加商品: 茱莉蔻玫瑰衡肌花卉水100ml','127.0.0.1'),
('577','1385071998','1','编辑品牌管理: 茱莉蔻','127.0.0.1'),
('578','1385072070','1','添加商品: 我的美丽日记玻尿酸面膜10片','127.0.0.1'),
('579','1385072100','1','编辑品牌管理: 我的美白日记','127.0.0.1'),
('580','1385072182','1','添加商品: 美体小铺茶树祛痘急救棒2.5ml','127.0.0.1'),
('581','1385072216','1','编辑品牌管理: 美体小铺','127.0.0.1'),
('582','1385072303','1','添加商品: 碧欧泉温泉至臻保湿精华露30ml','127.0.0.1'),
('583','1385072323','1','编辑品牌管理: 碧欧泉','127.0.0.1'),
('584','1385072461','1','编辑商品: 雅诗兰黛第六代特润精华露50ml','127.0.0.1'),
('585','1385072633','1','添加商品: 香奈儿斜纹软呢星彩腮红30#5.5g','127.0.0.1'),
('586','1385072729','1','添加商品分类: BB霜','127.0.0.1'),
('587','1385072743','1','添加商品分类: 粉底','127.0.0.1'),
('588','1385072756','1','添加商品分类: 粉饼','127.0.0.1'),
('589','1385072768','1','添加商品分类: 散粉','127.0.0.1'),
('590','1385072779','1','添加商品分类: 隔离霜','127.0.0.1'),
('591','1385072899','1','添加商品分类: 眼影','127.0.0.1'),
('592','1385072910','1','添加商品分类: 修容','127.0.0.1'),
('593','1385072926','1','添加商品分类: 润唇','127.0.0.1'),
('594','1385072945','1','添加商品分类: 卸妆','127.0.0.1'),
('595','1385072956','1','添加商品分类: 浓密卷翘','127.0.0.1'),
('596','1385072979','1','添加商品分类: 腮红','127.0.0.1'),
('597','1385072992','1','添加商品分类: 唇妆','127.0.0.1'),
('598','1385073001','1','添加商品分类: 美甲','127.0.0.1'),
('599','1385073013','1','添加商品分类: 修容','127.0.0.1'),
('600','1385073025','1','添加商品分类: 遮瑕','127.0.0.1'),
('601','1385073035','1','添加商品分类: 底妆定妆','127.0.0.1'),
('602','1385073139','1','添加商品分类: 洁面','127.0.0.1'),
('603','1385073149','1','添加商品分类: 爽肤','127.0.0.1'),
('604','1385073159','1','添加商品分类: 乳液','127.0.0.1'),
('605','1385073179','1','添加商品分类: 眼霜','127.0.0.1'),
('606','1385073205','1','添加商品分类: 精华','127.0.0.1'),
('607','1385073215','1','添加商品分类: 面霜','127.0.0.1'),
('608','1385073223','1','添加商品分类: 面膜','127.0.0.1'),
('609','1385073251','1','添加商品分类: 沐浴','127.0.0.1'),
('610','1385073261','1','添加商品分类: 清洁','127.0.0.1'),
('611','1385073272','1','添加商品分类: 香体喷雾','127.0.0.1'),
('612','1385073282','1','添加商品分类: 阿迪达斯','127.0.0.1'),
('613','1385073304','1','添加商品分类: 防晒','127.0.0.1'),
('614','1385073316','1','添加商品分类: 剃须','127.0.0.1'),
('615','1385073328','1','添加商品分类: BB霜','127.0.0.1'),
('616','1385073348','1','添加商品分类: 保湿','127.0.0.1'),
('617','1385073360','1','添加商品分类: 活肤','127.0.0.1'),
('618','1385073376','1','添加商品分类: 兰芝','127.0.0.1'),
('619','1385073388','1','添加商品分类: 欧莱雅','127.0.0.1'),
('620','1385073397','1','添加商品分类: 碧欧泉','127.0.0.1'),
('621','1385073441','1','添加商品分类: 女士香水','127.0.0.1'),
('622','1385073456','1','添加商品分类: 男士香水','127.0.0.1'),
('623','1385073469','1','添加商品分类: 中性香水','127.0.0.1'),
('624','1385073487','1','添加商品分类: 香水套装','127.0.0.1'),
('625','1385073507','1','添加商品分类: 淡香','127.0.0.1'),
('626','1385073575','1','添加商品分类: 花香调','127.0.0.1'),
('627','1385073585','1','添加商品分类: 迪奥','127.0.0.1'),
('628','1385073603','1','添加商品分类: 安娜苏','127.0.0.1'),
('629','1385073613','1','添加商品分类: 菲拉格慕','127.0.0.1'),
('630','1385073643','1','添加商品分类: 淡香','127.0.0.1'),
('631','1385073655','1','添加商品分类: 海洋香调','127.0.0.1'),
('632','1385073666','1','添加商品分类: 博柏利','127.0.0.1'),
('633','1385073677','1','添加商品分类: 宝格丽','127.0.0.1'),
('634','1385073686','1','添加商品分类: 阿迪达斯','127.0.0.1'),
('635','1385073716','1','添加商品分类: 淡香','127.0.0.1'),
('636','1385073727','1','添加商品分类: 花果香调','127.0.0.1'),
('637','1385073736','1','添加商品分类: 爱马仕','127.0.0.1'),
('638','1385073745','1','添加商品分类: 凯文克莱','127.0.0.1'),
('639','1385073765','1','添加商品分类: 淡香','127.0.0.1'),
('640','1385073774','1','添加商品分类: 香体','127.0.0.1'),
('641','1385073783','1','添加商品分类: 花香调','127.0.0.1'),
('642','1385073800','1','添加商品分类: 花果香调','127.0.0.1'),
('643','1385073807','1','添加商品分类: 草木香调','127.0.0.1'),
('644','1385073852','1','添加商品分类: 身体护理','127.0.0.1'),
('645','1385073868','1','添加商品分类: 丰胸瘦身','127.0.0.1'),
('646','1385073885','1','添加商品分类: 美发护发','127.0.0.1'),
('647','1385073905','1','添加商品分类: 洗护套装','127.0.0.1'),
('648','1385073927','1','添加商品分类: 沐浴','127.0.0.1'),
('649','1385073937','1','添加商品分类: 脱毛','127.0.0.1'),
('650','1385073947','1','添加商品分类: 手足护理','127.0.0.1'),
('651','1385073958','1','添加商品分类: 香体止汗','127.0.0.1'),
('652','1385073968','1','添加商品分类: 其他护理','127.0.0.1'),
('653','1385073989','1','添加商品分类: 丰胸塑臀','127.0.0.1'),
('654','1385074000','1','添加商品分类: 纤体瘦身','127.0.0.1'),
('655','1385074012','1','添加商品分类: 精油护理','127.0.0.1'),
('656','1385074033','1','添加商品分类: 洗发','127.0.0.1'),
('657','1385074050','1','添加商品分类: 护发','127.0.0.1'),
('658','1385074059','1','添加商品分类: 染发','127.0.0.1'),
('659','1385074072','1','添加商品分类: 焗油','127.0.0.1'),
('660','1385074085','1','添加商品分类: 美发造型','127.0.0.1'),
('661','1385074107','1','添加商品分类: 保湿','127.0.0.1'),
('662','1385074137','1','添加商品分类: 沐浴','127.0.0.1'),
('663','1385074150','1','添加商品分类: 护发养发','127.0.0.1'),
('664','1385074160','1','添加商品分类: 美体套装','127.0.0.1'),
('665','1385074192','1','添加商品分类: 美体工具','127.0.0.1'),
('666','1385074207','1','添加商品分类: 化妆工具','127.0.0.1'),
('667','1385074227','1','添加商品分类: 美发工具','127.0.0.1'),
('668','1385074250','1','添加商品分类: 日用收纳','127.0.0.1'),
('669','1385074266','1','添加商品分类: 美甲工具','127.0.0.1'),
('670','1385074276','1','添加商品分类: 瘦身纤体','127.0.0.1'),
('671','1385074301','1','添加商品分类: 化妆镜','127.0.0.1'),
('672','1385074316','1','添加商品分类: 辅助化妆','127.0.0.1'),
('673','1385074326','1','添加商品分类: 定妆','127.0.0.1'),
('674','1385074335','1','添加商品分类: 艾黛儿','127.0.0.1'),
('675','1385074352','1','添加商品分类: 护发养发','127.0.0.1'),
('676','1385074364','1','添加商品分类: 发型定型','127.0.0.1'),
('677','1385074381','1','添加商品分类: 收纳','127.0.0.1'),
('678','1385074396','1','添加商品分类: 化妆包','127.0.0.1'),
('679','1385074408','1','添加商品分类: 雅诗兰黛','127.0.0.1'),
('680','1385074662','1','编辑品牌管理: 香奈儿','127.0.0.1'),
('681','1385074818','1','编辑商品: 贝玲妃留声机粉底霜9.5g','127.0.0.1'),
('682','1385074856','1','编辑品牌管理: 贝玲妃','127.0.0.1'),
('683','1385075287','1','编辑商品:  安娜苏魔影幻彩唇膏305#3.4g','127.0.0.1'),
('684','1385075349','1','编辑品牌管理: 安娜苏','127.0.0.1'),
('685','1385075409','1','编辑商品: 希思黎轻柔护肤西柚柔肤水250ml','127.0.0.1'),
('686','1385075452','1','编辑商品: 兰蔻精华眼膜霜15ml','127.0.0.1'),
('687','1385075505','1','编辑商品: 娇韵诗超V型纤容紧致瘦脸面膜75ml','127.0.0.1'),
('688','1385075542','1','编辑商品: 伊丽莎白•雅顿水感24小时保湿三件套','127.0.0.1'),
('689','1385075616','1','编辑商品: 雅顿保湿调理露200ml','127.0.0.1'),
('690','1385075715','1','编辑商品: 蜜丝佛陀纤柔眼线液1#0.75ml','127.0.0.1'),
('691','1385075742','1','编辑品牌管理: 蜜丝佛陀','127.0.0.1'),
('692','1385075809','1','编辑商品: 娇韵诗超V型纤容紧致瘦脸面膜75ml','127.0.0.1'),
('693','1385075831','1','编辑商品: 兰蔻精华眼膜霜15ml','127.0.0.1'),
('694','1385075846','1','编辑商品: 希思黎轻柔护肤西柚柔肤水250ml','127.0.0.1'),
('695','1385075872','1','编辑商品: 娇兰金钻修颜粉饼SPF10','127.0.0.1'),
('696','1385075894','1','编辑商品:  香奈儿coco小姐唇膏（62#）3g','127.0.0.1'),
('697','1385075967','1','编辑商品: 纪梵希幻影四宫格胭脂21#7g','127.0.0.1'),
('698','1385075993','1','编辑品牌管理: 纪梵希','127.0.0.1'),
('699','1385076093','1','编辑商品: 谜尚红色BB霜21#50ml','127.0.0.1'),
('700','1385076120','1','编辑品牌管理: 谜尚','127.0.0.1'),
('701','1385076209','1','编辑商品: 欧莱雅绝配无暇粉底液N1#象牙色','127.0.0.1'),
('702','1385076231','1','编辑品牌管理: 欧莱雅','127.0.0.1'),
('703','1385076352','1','编辑商品: 思亲肤90度卷长睫毛膏10g','127.0.0.1'),
('704','1385076375','1','编辑品牌管理: 思亲肤','127.0.0.1'),
('705','1385076494','1','添加商品: 浮生若梦丝柔蜜粉08#（紫色)28g','127.0.0.1'),
('706','1385076518','1','编辑品牌管理: 浮生若梦','127.0.0.1'),
('707','1385076661','1','添加商品: 娇兰小黑裙女士淡香水50ml','127.0.0.1'),
('708','1385076741','1','添加商品: 博柏利英伦迷情女士香水（白）30ml','127.0.0.1'),
('709','1385076764','1','编辑商品: 博柏利英伦迷情女士香水（白）30ml','127.0.0.1'),
('710','1385076800','1','编辑品牌管理: 博柏利','127.0.0.1'),
('711','1385076903','1','添加商品: 大卫杜夫冷水男士香水40ml','127.0.0.1'),
('712','1385076915','1','编辑品牌管理: 大卫杜夫','127.0.0.1'),
('713','1385077004','1','添加商品: 安娜苏逐梦翎雀香水30ml','127.0.0.1'),
('714','1385077126','1','添加商品: 马克雅克布雏菊女士香水100ml','127.0.0.1'),
('715','1385077142','1','编辑品牌管理: 马克.雅克布','127.0.0.1'),
('716','1385077155','1','编辑品牌管理: 马克.雅克布','127.0.0.1'),
('717','1385077221','1','添加商品:  迪奥EDP真我女士香水50ml','127.0.0.1'),
('718','1385077336','1','添加商品: 雅顿第五大道香水30ml','127.0.0.1'),
('719','1385077439','1','添加商品: 菲拉格慕蝶忆绽放女士香水50ml','127.0.0.1'),
('720','1385077477','1','编辑品牌管理: 菲拉格慕','127.0.0.1'),
('721','1385077565','1','添加商品: 范思哲绅情男士香水Q版5ml','127.0.0.1'),
('722','1385077575','1','删除商品分类: 范思哲','127.0.0.1'),
('723','1385077604','1','编辑品牌管理: 范思哲','127.0.0.1'),
('724','1385077699','1','添加商品: 凯文克莱BE中性香水200ml','127.0.0.1'),
('725','1385077748','1','编辑品牌管理: 凯文克莱','127.0.0.1'),
('726','1385078380','1','添加商品: 娇韵诗牛奶果健胸提升啫喱50ml','127.0.0.1'),
('727','1385078397','1','编辑品牌管理: 娇韵诗','127.0.0.1'),
('728','1385078635','1','添加商品: 娇韵诗纤柔美体霜200ml','127.0.0.1'),
('729','1385078680','1','编辑商品: 娇韵诗纤柔美体霜200ml','127.0.0.1'),
('730','1385078760','1','添加商品:  茱莉蔻柠檬按摩油100ml','127.0.0.1'),
('731','1385078916','1','添加商品: 美体小铺白麝香身体护理三件套','127.0.0.1'),
('732','1385079097','1','添加商品: 资生堂冰凉美体塑身啫哩200ml','127.0.0.1'),
('733','1385079115','1','编辑品牌管理: 资生堂','127.0.0.1'),
('734','1385079290','1','添加商品: 菲诗小铺牛奶温和美白保湿身体乳','127.0.0.1'),
('735','1385079318','1','编辑品牌管理: 菲诗小铺','127.0.0.1'),
('736','1385079432','1','添加商品: 多芬滋润顺滑柔亮沐浴露750ml','127.0.0.1'),
('737','1385079444','1','编辑品牌管理: 多芬','127.0.0.1'),
('738','1385079556','1','添加商品: KOSE高丝美白深层滋润护手霜35g','127.0.0.1'),
('739','1385079568','1','编辑品牌管理: 高丝','127.0.0.1'),
('740','1385079645','1','添加商品: NYR薰衣草精油10ml','127.0.0.1'),
('741','1385079676','1','编辑品牌管理: NYR','127.0.0.1'),
('742','1385079757','1','添加商品: 露得清护手配方56g（不含香精）','127.0.0.1'),
('743','1385079770','1','编辑品牌管理: 露得清','127.0.0.1'),
('744','1385079856','1','添加商品: 魅力匙纤体紧肤精华乳200ml','127.0.0.1'),
('745','1385079890','1','编辑品牌管理: 魅力匙','127.0.0.1'),
('746','1385079988','1','添加商品: 欧莱雅男士劲能醒肤四件套','127.0.0.1'),
('747','1385080063','1','添加商品: 碧欧泉男士温泉保湿露75ml','127.0.0.1'),
('748','1385080144','1','添加商品: 阿迪达斯男士征服沐浴露250ml','127.0.0.1'),
('749','1385080175','1','编辑品牌管理: 阿迪达斯','127.0.0.1'),
('750','1385080249','1','添加商品: 菲诗小铺男士薄荷泡沫洗面奶170ml','127.0.0.1'),
('751','1385080338','1','批量回收商品: ','127.0.0.1'),
('752','1385080404','1','添加商品: 兰蔻男士极效保湿面霜50ml','127.0.0.1'),
('753','1385080490','1','添加商品: 兰芝男士水份清爽两件套','127.0.0.1'),
('754','1385080502','1','编辑品牌管理: 兰芝','127.0.0.1'),
('755','1385080576','1','添加商品: 契尔氏男士全效洁面啫喱250ml','127.0.0.1'),
('756','1385080599','1','编辑品牌管理: 科颜氏','127.0.0.1'),
('757','1385080683','1','添加商品: 阿玛尼黑钥匙男士精华液75ml','127.0.0.1'),
('758','1385080708','1','编辑品牌管理: 阿玛尼','127.0.0.1'),
('759','1385080762','1','添加商品: 资生堂男士黑炭洁面膏130g','127.0.0.1'),
('760','1385080829','1','添加商品: 倩碧男士洁面乳（加强型）150ml','127.0.0.1'),
('761','1385313867','1','编辑商店设置: ','127.0.0.1'),
('762','1385317058','1','编辑商店设置: ','127.0.0.1'),
('763','1385331706','1','编辑商店设置: ','127.0.0.1'),
('764','1385331716','1','编辑商店设置: ','127.0.0.1'),
('765','1385336283','1','删除友情链接: ','127.0.0.1'),
('766','1385336283','1','删除友情链接: ','127.0.0.1'),
('767','1385336284','1','删除友情链接: ','127.0.0.1'),
('768','1385660641','1','编辑商店设置: ','127.0.0.1'),
('769','1385660900','1','添加商品: 雅顿2合1洗面奶150ml','127.0.0.1'),
('770','1385662269','1','添加商品: 碧欧泉活泉爽肤洁面乳150ml','127.0.0.1'),
('771','1385662330','1','添加商品: 资生堂洗颜专科泡沫洁面乳120g','127.0.0.1'),
('772','1385662403','1','添加商品: 倩碧液体洁面皂加强型200ml','127.0.0.1'),
('773','1385662459','1','添加商品: 兰蔻清滢柔肤洁面乳(粉)125ml','127.0.0.1'),
('774','1385662516','1','添加商品: 菲诗小铺水蜜桃泡沫洁面乳170ml','127.0.0.1'),
('775','1385662574','1','添加商品: 茱莉蔻亮肌柔润泡沫洁面乳200ml','127.0.0.1'),
('776','1385662630','1','添加商品:  菲诗小铺绿豆洗面奶170ml','127.0.0.1'),
('777','1385662805','1','添加商品:  欧树蜂蜜洁面凝胶400ml','127.0.0.1'),
('778','1385662855','1','编辑品牌管理: 欧树','127.0.0.1'),
('779','1385662944','1','添加商品: 悠香伊绿茶味香皂150g','127.0.0.1'),
('780','1385663017','1','添加商品: 娇兰纯净奥秘莲花洁面慕丝150ml','127.0.0.1'),
('781','1385663078','1','添加商品: 迪奥雪晶灵透白亮采洁面泡沫110ml','127.0.0.1'),
('782','1385663130','1','添加商品: 娇韵诗新款温和清洁乳干性绿200ml','127.0.0.1'),
('783','1385663188','1','添加商品: SK-II护肤洁面膏120g','127.0.0.1'),
('784','1385663259','1','添加商品: 姗娜豆乳美肌卸妆洗面膏150g','127.0.0.1'),
('785','1385663305','1','添加商品: 韩国思美兰大米皂清系列莲花皂100g','127.0.0.1'),
('786','1385663364','1','添加商品:  高丝雪肌精美白洗颜粉100g','127.0.0.1'),
('787','1385663452','1','添加商品: 佰草集HERBORIST悦风舒润洁面','127.0.0.1'),
('788','1385663513','1','添加商品: 瑞尔薇黛活颜洁肤乳200ml','127.0.0.1'),
('789','1385663578','1','添加商品: 和汉方月光面膜洁面皂（月光皂）','127.0.0.1'),
('790','1385663653','1','添加商品: 雅诗兰黛深层净肌洁面泡沫150ml','127.0.0.1'),
('791','1385663712','1','添加商品: 可莱丝茶树油洗面奶170ml','127.0.0.1'),
('792','1385663770','1','添加商品: 泊美植物奢白致臻悦白洁面膏120g','127.0.0.1'),
('793','1385663846','1','添加商品: 欧珀莱柔润洁面膏125g','127.0.0.1'),
('794','1385663900','1','添加商品: 丝塔芙温和洁面乳237ml','127.0.0.1'),
('795','1385663955','1','添加商品: 植村秀绿茶舒润洁颜油150ml','127.0.0.1'),
('796','1385664010','1','添加商品: 婵真银杏天然泡沫洁面霜200g','127.0.0.1'),
('797','1385664056','1','添加商品: 嘉娜宝芦荟泡沫洗面奶110g','127.0.0.1'),
('798','1385664113','1','添加商品: 英国AA网洋甘菊手工皂125g','127.0.0.1'),
('799','1385664182','1','添加商品: 雅漾舒缓特护洁面乳50ml','127.0.0.1'),
('800','1385664262','1','添加商品: 兰芝多效四合一泡沫洗面奶180ml','127.0.0.1'),
('801','1385664309','1','编辑商店设置: ','127.0.0.1'),
('802','1385664404','1','添加商品: 契尔氏蓝色草本洁肤啫喱250ml','127.0.0.1'),
('803','1385664456','1','添加商品: 彼得罗夫温和洁面泡沫200ml','127.0.0.1'),
('804','1385664523','1','添加商品: 欧莱雅清润抗油洁面膏100ml','127.0.0.1'),
('805','1385664621','1','添加商品:  希思黎百合保湿洁面乳250ml','127.0.0.1'),
('806','1385664673','1','添加商品: 思亲肤绿茶泡沫洁面摩丝160ml','127.0.0.1'),
('807','1385664721','1','添加商品: DHC橄榄滋养皂90g','127.0.0.1'),
('808','1385664773','1','添加商品: JUJU透明质酸保湿洗面膏120g','127.0.0.1'),
('809','1385664825','1','添加商品: 嘉娜宝玫瑰药用洗面奶150g','127.0.0.1'),
('810','1385664875','1','添加商品:  理肤泉特安洁面乳200ml','127.0.0.1'),
('811','1385664985','1','添加商品: 蓓丽柔和泡沫洁面膏125ml','127.0.0.1'),
('812','1385665066','1','添加商品: 曼秀雷敦洁清爽卸妆洁面泡200ml','127.0.0.1'),
('813','1385665117','1','添加商品: 肌研极润玻尿酸保湿沫面乳100g','127.0.0.1'),
('814','1385665161','1','添加商品: 玫琳凯中性洗面乳绿2号','127.0.0.1'),
('815','1385665405','1','添加属性: 功效','127.0.0.1'),
('816','1385665447','1','添加属性: 肤质','127.0.0.1'),
('817','1385665587','1','编辑商品: 玫琳凯中性洗面乳绿2号','127.0.0.1'),
('818','1385665605','1','编辑商品: 肌研极润玻尿酸保湿沫面乳100g','127.0.0.1'),
('819','1385665620','1','编辑商品: 曼秀雷敦洁清爽卸妆洁面泡200ml','127.0.0.1'),
('820','1385665636','1','编辑商品: 蓓丽柔和泡沫洁面膏125ml','127.0.0.1'),
('821','1385665655','1','编辑商品:  理肤泉特安洁面乳200ml','127.0.0.1'),
('822','1385665693','1','编辑属性: 功效','127.0.0.1'),
('823','1385665829','1','编辑商品: 玫琳凯中性洗面乳绿2号','127.0.0.1'),
('824','1385665944','1','编辑商品分类: 洁面','127.0.0.1'),
('825','1385665980','1','编辑商品: 嘉娜宝玫瑰药用洗面奶150g','127.0.0.1'),
('826','1385665995','1','编辑商品: JUJU透明质酸保湿洗面膏120g','127.0.0.1'),
('827','1385666008','1','编辑商品: DHC橄榄滋养皂90g','127.0.0.1'),
('828','1385666027','1','编辑商品: 思亲肤绿茶泡沫洁面摩丝160ml','127.0.0.1'),
('829','1385666046','1','编辑商品:  希思黎百合保湿洁面乳250ml','127.0.0.1'),
('830','1385666060','1','编辑商品: 欧莱雅清润抗油洁面膏100ml','127.0.0.1'),
('831','1385666077','1','编辑商品: 彼得罗夫温和洁面泡沫200ml','127.0.0.1'),
('832','1385666090','1','编辑商品: 契尔氏蓝色草本洁肤啫喱250ml','127.0.0.1'),
('833','1385666105','1','编辑商品: 兰芝多效四合一泡沫洗面奶180ml','127.0.0.1'),
('834','1385666118','1','编辑商品: 雅漾舒缓特护洁面乳50ml','127.0.0.1'),
('835','1385666137','1','编辑商品: 英国AA网洋甘菊手工皂125g','127.0.0.1'),
('836','1385666152','1','编辑商品: 嘉娜宝芦荟泡沫洗面奶110g','127.0.0.1'),
('837','1385666168','1','编辑商品: 婵真银杏天然泡沫洁面霜200g','127.0.0.1'),
('838','1385666184','1','编辑商品: 植村秀绿茶舒润洁颜油150ml','127.0.0.1'),
('839','1385666202','1','编辑商品: 丝塔芙温和洁面乳237ml','127.0.0.1'),
('840','1385666220','1','编辑商品: 欧珀莱柔润洁面膏125g','127.0.0.1'),
('841','1385666237','1','编辑商品: 可莱丝茶树油洗面奶170ml','127.0.0.1'),
('842','1385666254','1','编辑商品: 雅诗兰黛深层净肌洁面泡沫150ml','127.0.0.1'),
('843','1385666272','1','编辑商品: 和汉方月光面膜洁面皂（月光皂）','127.0.0.1'),
('844','1385666291','1','编辑商品: 瑞尔薇黛活颜洁肤乳200ml','127.0.0.1'),
('845','1385666312','1','编辑商品: 佰草集HERBORIST悦风舒润洁面','127.0.0.1'),
('846','1385666340','1','编辑商品:  高丝雪肌精美白洗颜粉100g','127.0.0.1'),
('847','1385666353','1','编辑商品: 姗娜豆乳美肌卸妆洗面膏150g','127.0.0.1'),
('848','1385672520','1','编辑商品分类: 护肤','127.0.0.1'),
('849','1385672594','1','编辑商品分类: 洁面','127.0.0.1'),
('850','1385673155','1','编辑商品分类: 洁面','127.0.0.1'),
('851','1385676942','1','编辑商品分类: 护肤','127.0.0.1'),
('852','1385677625','1','编辑商店设置: ','127.0.0.1'),
('853','1385687258','1','编辑商店设置: ','127.0.0.1'),
('854','1385923930','1','编辑商店设置: ','127.0.0.1'),
('855','1385940473','1','添加商品: 迪奥红毒女士香水EDT 50ml','127.0.0.1'),
('856','1385942109','1','编辑商品: 迪奥红毒女士香水EDT 50ml','127.0.0.1'),
('857','1385945992','1','编辑商品: 迪奥红毒女士香水EDT 50ml','127.0.0.1'),
('858','1385946654','1','编辑商品: 迪奥红毒女士香水EDT 50ml','127.0.0.1'),
('859','1385946747','1','编辑商品: 迪奥红毒女士香水EDT 50ml','127.0.0.1'),
('860','1385946897','1','编辑商品: 迪奥红毒女士香水EDT 50ml','127.0.0.1'),
('861','1385947047','1','编辑商品: 迪奥红毒女士香水EDT 50ml','127.0.0.1'),
('862','1385947952','1','编辑商品: 迪奥红毒女士香水EDT 50ml','127.0.0.1'),
('863','1386004220','1','编辑广告: 首页轮播广告一','127.0.0.1'),
('864','1386006480','1','编辑商店设置: ','127.0.0.1'),
('865','1386006759','1','编辑商品: 迪奥红毒女士香水EDT 50ml','127.0.0.1'),
('866','1386006782','1','编辑商品: 迪奥红毒女士香水EDT 50ml','127.0.0.1'),
('867','1386008013','1','编辑前台语言项: ','127.0.0.1'),
('868','1386008025','1','编辑前台语言项: ','127.0.0.1'),
('869','1386009124','1','编辑商店设置: ','127.0.0.1'),
('870','1386010028','1','编辑商品类型: 护肤','127.0.0.1'),
('871','1386010124','1','添加属性: 外观','127.0.0.1'),
('872','1386010142','1','编辑商品: 迪奥红毒女士香水EDT 50ml','127.0.0.1'),
('873','1386010468','1','编辑属性: 外  观','127.0.0.1'),
('874','1386010482','1','编辑属性: 外   观','127.0.0.1'),
('875','1386010487','1','编辑属性: 外        观','127.0.0.1'),
('876','1386020523','1','编辑商品: 迪奥红毒女士香水EDT 50ml','127.0.0.1'),
('877','1386020569','1','编辑商品: 迪奥红毒女士香水EDT 50ml','127.0.0.1'),
('878','1386020614','1','编辑商品: 迪奥红毒女士香水EDT 50ml','127.0.0.1'),
('879','1386020638','1','编辑商店设置: ','127.0.0.1'),
('880','1386021662','1','编辑前台语言项: ','127.0.0.1'),
('881','1386110378','1','添加属性: 商品品牌','127.0.0.1'),
('882','1386110395','1','添加属性: 商品功效','127.0.0.1'),
('883','1386110403','1','添加属性: 商品规格','127.0.0.1'),
('884','1386110410','1','添加属性: 生产日期','127.0.0.1'),
('885','1386110416','1','添加属性: 商品产地','127.0.0.1'),
('886','1386110422','1','添加属性: 商品包装','127.0.0.1'),
('887','1386110428','1','添加属性: 适宜人群','127.0.0.1'),
('888','1386110437','1','添加属性: 温馨提示','127.0.0.1'),
('889','1386110443','1','添加属性: 物品说明','127.0.0.1'),
('890','1386110583','1','编辑商品: 迪奥红毒女士香水EDT 50ml','127.0.0.1'),
('891','1386111225','1','编辑商品: 迪奥红毒女士香水EDT 50ml','127.0.0.1'),
('892','1386111364','1','编辑商品: 迪奥红毒女士香水EDT 50ml','127.0.0.1'),
('893','1386111415','1','编辑商品: 迪奥红毒女士香水EDT 50ml','127.0.0.1'),
('894','1386111531','1','编辑商品: 迪奥红毒女士香水EDT 50ml','127.0.0.1'),
('895','1386111568','1','编辑商品: 迪奥红毒女士香水EDT 50ml','127.0.0.1'),
('896','1386113062','1','编辑用户评论: 回复','127.0.0.1'),
('897','1386113071','1','编辑用户评论: 回复','127.0.0.1'),
('898','1386113073','1','编辑用户评论: 回复','127.0.0.1'),
('899','1386113081','1','编辑用户评论: 回复','127.0.0.1'),
('900','1386113089','1','编辑用户评论: 回复','127.0.0.1'),
('901','1386113099','1','编辑用户评论: 回复','127.0.0.1'),
('902','1386180113','1','编辑商品: 玫琳凯中性洗面乳绿2号','127.0.0.1'),
('903','1386180120','1','编辑商品: 迪奥红毒女士香水EDT 50ml','127.0.0.1'),
('904','1386180125','1','编辑商品: 迪奥红毒女士香水EDT 50ml','127.0.0.1'),
('905','1386181585','1','编辑商品: 迪奥红毒女士香水EDT 50ml','127.0.0.1'),
('906','1386181632','1','编辑商品: 迪奥红毒女士香水EDT 50ml','127.0.0.1'),
('907','1386181971','1','编辑商品: 迪奥红毒女士香水EDT 50ml','127.0.0.1'),
('908','1386185073','1','编辑商品: 迪奥红毒女士香水EDT 50ml','127.0.0.1'),
('909','1386185965','1','编辑商店设置: ','127.0.0.1'),
('910','1386185989','1','编辑商店设置: ','127.0.0.1'),
('911','1386186378','1','编辑商店设置: ','127.0.0.1'),
('912','1386195301','1','编辑商品: 迪奥红毒女士香水EDT 50ml','127.0.0.1'),
('913','1386270417','1','编辑前台语言项: ','127.0.0.1'),
('914','1386270477','1','编辑前台语言项: ','127.0.0.1'),
('915','1386270782','1','编辑前台语言项: ','127.0.0.1'),
('916','1386280625','1','编辑商品: 迪奥红毒女士香水EDT 50ml','127.0.0.1'),
('917','1386280650','1','编辑商品: 玫琳凯中性洗面乳绿2号','127.0.0.1'),
('918','1386280671','1','编辑商品: 肌研极润玻尿酸保湿沫面乳100g','127.0.0.1'),
('919','1386280693','1','编辑商品: 曼秀雷敦洁清爽卸妆洁面泡200ml','127.0.0.1'),
('920','1386280954','1','编辑商品: 姗娜豆乳美肌卸妆洗面膏150g','127.0.0.1'),
('921','1386280977','1','编辑商品: DHC橄榄滋养皂90g','127.0.0.1'),
('922','1386280999','1','编辑商品: 契尔氏蓝色草本洁肤啫喱250ml','127.0.0.1'),
('923','1386281019','1','编辑商品: 兰芝多效四合一泡沫洗面奶180ml','127.0.0.1'),
('924','1386281045','1','编辑商品:  希思黎百合保湿洁面乳250ml','127.0.0.1'),
('925','1386281068','1','编辑商品: 蓓丽柔和泡沫洁面膏125ml','127.0.0.1'),
('926','1386288254','1','编辑前台语言项: ','127.0.0.1'),
('927','1386541509','1','编辑前台语言项: ','127.0.0.1'),
('928','1386542777','1','安装支付方式: 支付宝','127.0.0.1'),
('929','1386715281','1','添加文章: 隐私声明','127.0.0.1'),
('930','1386715299','1','编辑文章: 隐私声明','127.0.0.1'),
('931','1386719610','1','编辑前台语言项: ','127.0.0.1'),
('932','1386788406','1','编辑商品分类: 护肤','127.0.0.1'),
('933','1386788438','1','编辑商品分类: 彩妆','127.0.0.1'),
('934','1386788456','1','编辑商品分类: 护肤','127.0.0.1'),
('935','1386788901','1','编辑商品分类: 其他护理','127.0.0.1'),
('936','1386788926','1','编辑商品分类: 面部护理','127.0.0.1'),
('937','1386789044','1','编辑商品分类: 护肤套装','127.0.0.1'),
('938','1386876740','1','编辑商品: 雅诗兰黛鲜活营养红石榴眼霜15ml','127.0.0.1'),
('939','1386876940','1','编辑团购商品: 雅诗兰黛鲜活营养红石榴眼霜15ml[18]','127.0.0.1'),
('940','1386893645','1','编辑商品: 雅诗兰黛鲜活营养红石榴眼霜15ml','127.0.0.1'),
('941','1387134009','1','添加广告位置: 顶级分类页轮播广告','127.0.0.1'),
('942','1387134047','1','添加广告: cate_1_6','127.0.0.1'),
('943','1387134240','1','编辑广告: cate_1_6','127.0.0.1'),
('944','1387134420','1','编辑广告: cate_1_6','127.0.0.1'),
('945','1387134436','1','添加广告: cate_2_6','127.0.0.1'),
('946','1387134595','1','编辑广告: cate_2_6','127.0.0.1'),
('947','1387134610','1','添加广告: cate_3_6','127.0.0.1'),
('948','1387215209','1','编辑商品: 玫琳凯中性洗面乳绿2号','127.0.0.1'),
('949','1387215227','1','编辑商品: 玫琳凯中性洗面乳绿2号','127.0.0.1'),
('950','1387215244','1','编辑商品: 玫琳凯中性洗面乳绿2号','127.0.0.1'),
('951','1387231212','1','编辑商品: 迪奥红毒女士香水EDT 50ml','127.0.0.1'),
('952','1387231226','1','编辑商品: 迪奥红毒女士香水EDT 50ml','127.0.0.1'),
('953','1387308213','1','编辑广告: 首页轮播广告二','127.0.0.1'),
('954','1387308215','1','编辑广告: 首页轮播广告二','127.0.0.1'),
('955','1387308216','1','编辑广告: 首页轮播广告二','127.0.0.1'),
('956','1387308218','1','编辑广告: 首页轮播广告二','127.0.0.1'),
('957','1387308224','1','编辑广告: 首页轮播广告二','127.0.0.1'),
('958','1387308231','1','编辑广告: 首页轮播广告二','127.0.0.1'),
('959','1387391095','1','编辑商店设置: ','127.0.0.1'),
('960','1387414633','1','编辑团购商品: 雅诗兰黛鲜活营养红石榴眼霜15ml[18]','127.0.0.1'),
('961','1387414655','1','编辑团购商品: 雅诗兰黛鲜活营养红石榴眼霜15ml[18]','127.0.0.1'),
('962','1387415485','1','编辑团购商品: 雅诗兰黛鲜活营养红石榴眼霜15ml[18]','127.0.0.1'),
('963','1387415503','1','编辑团购商品: 雅诗兰黛鲜活营养红石榴眼霜15ml[18]','127.0.0.1'),
('964','1387416019','1','编辑团购商品: 雅诗兰黛鲜活营养红石榴眼霜15ml[18]','127.0.0.1'),
('965','1387499255','1','编辑商品: 雅诗兰黛鲜活营养红石榴眼霜15ml','127.0.0.1'),
('966','1387499687','1','商品: 16','127.0.0.1'),
('967','1387499687','1','商品: 16','127.0.0.1'),
('968','1387499687','1','商品: 16','127.0.0.1'),
('969','1388097134','1','编辑商品: 雅顿保湿调理露200ml','127.0.0.1'),
('970','1388097164','1','商品: 12','127.0.0.1'),
('971','1388097164','1','商品: 12','127.0.0.1'),
('972','1388097164','1','商品: 12','127.0.0.1'),
('973','1388098479','1','编辑团购商品: 雅诗兰黛鲜活营养红石榴眼霜15ml[18]','127.0.0.1'),
('974','1388098495','1','删除团购商品: 雅诗兰黛鲜活营养红石榴眼霜15ml[18]','127.0.0.1'),
('975','1388101231','1','编辑用户评论: 回复','127.0.0.1'),
('976','1388343937','1','编辑商店设置: ','127.0.0.1'),
('977','1388344511','1','删除广告: ','127.0.0.1'),
('978','1388344513','1','删除广告: ','127.0.0.1'),
('979','1388344514','1','删除广告: ','127.0.0.1'),
('980','1388344516','1','删除广告: ','127.0.0.1'),
('981','1388344518','1','删除广告: ','127.0.0.1'),
('982','1388344759','1','删除广告: ','127.0.0.1'),
('983','1388344903','1','删除广告: ','127.0.0.1'),
('984','1388344905','1','删除广告: ','127.0.0.1'),
('985','1388345030','1','删除广告: ','127.0.0.1'),
('986','1388345198','1','删除广告: ','127.0.0.1'),
('987','1388345200','1','删除广告: ','127.0.0.1'),
('988','1388345202','1','删除广告: ','127.0.0.1'),
('989','1388345204','1','删除广告: ','127.0.0.1'),
('990','1388345812','1','编辑商店设置: ','127.0.0.1'),
('991','1388345844','1','编辑商店设置: ','127.0.0.1'),
('992','1388346042','1','编辑商店设置: ','127.0.0.1'),
('993','1388346107','1','编辑商店设置: ','127.0.0.1'),
('994','1388346150','1','编辑商店设置: ','127.0.0.1'),
('995','1388346215','1','编辑商店设置: ','127.0.0.1'),
('996','1388711952','1','编辑广告位置: 顶级分类页轮播广告','127.0.0.1'),
('997','1388711978','1','添加广告位置: 顶级分类页轮播下广告一','127.0.0.1'),
('998','1388712037','1','添加广告: sad_1_6','127.0.0.1'),
('999','1388712059','1','添加广告: sad_2_6','127.0.0.1'),
('1000','1388712112','1','编辑广告位置: 顶级分类页轮播下广告左侧','127.0.0.1'),
('1001','1388958300','1','批量删除拍卖活动: ','127.0.0.1'),
('1002','1388958396','1','添加拍卖活动: 希思黎轻柔护肤','127.0.0.1'),
('1003','1389302009','1','添加团购商品:  迪奥EDP真我女士香水50ml','127.0.0.1'),
('1004','1389302074','1','编辑团购商品:  迪奥EDP真我女士香水50ml[20]','127.0.0.1'),
('1005','1389302129','1','添加团购商品: 迪奥红毒女士香水EDT 50ml','127.0.0.1'),
('1006','1390343126','1','编辑商店设置: ','127.0.0.1'),
('1007','1390343182','1','编辑商店设置: ','127.0.0.1'),
('1008','1390343326','1','编辑商店设置: ','127.0.0.1'),
('1009','1390350483','1','添加广告位置: 团购列表左侧广告一','127.0.0.1'),
('1010','1390350507','1','添加广告位置: 团购列表左侧广告二','127.0.0.1'),
('1011','1390350593','1','编辑广告位置: 团购列表左侧广告一','127.0.0.1'),
('1012','1390350611','1','添加广告位置: 团购列表左侧广告三','127.0.0.1'),
('1013','1390350627','1','添加广告位置: 团购列表左侧广告四','127.0.0.1'),
('1014','1390350714','1','添加广告: 团购列表左侧广告一','127.0.0.1'),
('1015','1390350730','1','添加广告: 团购列表左侧广告二','127.0.0.1'),
('1016','1390350744','1','添加广告: 团购列表左侧广告三','127.0.0.1'),
('1017','1390350760','1','添加广告: 团购列表左侧广告四','127.0.0.1'),
('1018','1390352700','1','编辑商品: 迪奥红毒女士香水EDT 50ml','127.0.0.1'),
('1019','1390353129','1','编辑用户评论: 回复','127.0.0.1'),
('1020','1390353132','1','编辑用户评论: 回复','127.0.0.1'),
('1021','1390411677','1','编辑团购商品:  迪奥EDP真我女士香水50ml[20]','127.0.0.1'),
('1022','1390415545','1','编辑商品: 迪奥红毒女士香水EDT 50ml','127.0.0.1'),
('1023','1390423814','1','编辑商店设置: ','127.0.0.1'),
('1024','1390427327','1','编辑团购商品: 迪奥红毒女士香水EDT 50ml[21]','127.0.0.1'),
('1025','1390427415','1','编辑团购商品: 迪奥红毒女士香水EDT 50ml[21]','127.0.0.1'),
('1026','1390427757','1','编辑团购商品: 迪奥红毒女士香水EDT 50ml[21]','127.0.0.1'),
('1027','1390427773','1','编辑团购商品: 迪奥红毒女士香水EDT 50ml[21]','127.0.0.1'),
('1028','1390427792','1','编辑团购商品: 迪奥红毒女士香水EDT 50ml[21]','127.0.0.1'),
('1029','1390428443','1','编辑团购商品: 迪奥红毒女士香水EDT 50ml[21]','127.0.0.1'),
('1030','1390428497','1','编辑团购商品: 迪奥红毒女士香水EDT 50ml[21]','127.0.0.1'),
('1031','1390428642','1','编辑团购商品: 迪奥红毒女士香水EDT 50ml[21]','127.0.0.1'),
('1032','1390428680','1','编辑团购商品: 迪奥红毒女士香水EDT 50ml[21]','127.0.0.1'),
('1033','1390430692','1','编辑商品: 思亲肤90度卷长睫毛膏10g','127.0.0.1'),
('1034','1390430753','1','编辑商品: 蓓丽柔和泡沫洁面膏125ml','127.0.0.1'),
('1035','1390430843','1','编辑商品: 雅顿保湿调理露200ml','127.0.0.1'),
('1036','1390431056','1','编辑商店设置: ','127.0.0.1'),
('1037','1390431208','1','编辑商品分类: 其他护理','127.0.0.1'),
('1038','1390431230','1','编辑商品分类: 眼部护理','127.0.0.1'),
('1039','1390431253','1','编辑商品分类: 眼部护理','127.0.0.1'),
('1040','1390431489','1','编辑商品: 肌研极润玻尿酸保湿沫面乳100g','127.0.0.1'),
('1041','1390431502','1','编辑商品: 玫琳凯中性洗面乳绿2号','127.0.0.1'),
('1042','1390431512','1','编辑商品: 曼秀雷敦洁清爽卸妆洁面泡200ml','127.0.0.1'),
('1043','1390431523','1','编辑商品: 蓓丽柔和泡沫洁面膏125ml','127.0.0.1'),
('1044','1390431533','1','编辑商品:  理肤泉特安洁面乳200ml','127.0.0.1'),
('1045','1390431548','1','编辑商品: 嘉娜宝玫瑰药用洗面奶150g','127.0.0.1'),
('1046','1390431556','1','编辑商品: JUJU透明质酸保湿洗面膏120g','127.0.0.1'),
('1047','1390431565','1','编辑商品: DHC橄榄滋养皂90g','127.0.0.1'),
('1048','1390431573','1','编辑商品: 思亲肤绿茶泡沫洁面摩丝160ml','127.0.0.1'),
('1049','1390431596','1','编辑商品:  希思黎百合保湿洁面乳250ml','127.0.0.1'),
('1050','1390431607','1','编辑商品: 欧莱雅清润抗油洁面膏100ml','127.0.0.1'),
('1051','1390431621','1','编辑商品: 彼得罗夫温和洁面泡沫200ml','127.0.0.1'),
('1052','1390431631','1','编辑商品: 契尔氏蓝色草本洁肤啫喱250ml','127.0.0.1'),
('1053','1390431702','1','编辑商品: 契尔氏蓝色草本洁肤啫喱250ml','127.0.0.1'),
('1054','1390431736','1','编辑商品:  希思黎百合保湿洁面乳250ml','127.0.0.1'),
('1055','1390431768','1','编辑商品: JUJU透明质酸保湿洗面膏120g','127.0.0.1'),
('1056','1390431790','1','编辑商品: 思亲肤绿茶泡沫洁面摩丝160ml','127.0.0.1'),
('1057','1390431879','1','编辑商品分类: 眼部护理','127.0.0.1'),
('1058','1390431975','1','编辑商店设置: ','127.0.0.1'),
('1059','1390432007','1','编辑商店设置: ','127.0.0.1'),
('1060','1390432172','1','编辑商品: 迪奥红毒女士香水EDT 50ml','127.0.0.1'),
('1061','1390432399','1','编辑商品: 迪奥红毒女士香水EDT 50ml','127.0.0.1'),
('1062','1390433208','1','编辑商店设置: ','127.0.0.1'),
('1063','1390434373','1','编辑商品: 迪奥红毒女士香水EDT 50ml','127.0.0.1'),
('1064','1390516228','1','删除广告: ','127.0.0.1'),
('1065','1390516230','1','删除广告: ','127.0.0.1'),
('1066','1390516232','1','删除广告: ','127.0.0.1'),
('1067','1390516236','1','删除广告位置: ','127.0.0.1'),
('1068','1390516238','1','删除广告位置: ','127.0.0.1'),
('1069','1390516240','1','删除广告位置: ','127.0.0.1'),
('1070','1390518360','1','添加广告位置: 团购列表页右侧广告一','127.0.0.1'),
('1071','1390518377','1','添加广告位置: 团购列表页右侧广告二','127.0.0.1'),
('1072','1390518393','1','添加广告位置: 团购列表页右侧广告三','127.0.0.1'),
('1073','1390518412','1','添加广告: 团购列表页右侧广告一','127.0.0.1'),
('1074','1390518430','1','添加广告: 团购列表页右侧广告二','127.0.0.1'),
('1075','1390518446','1','添加广告: 团购列表页右侧广告三','127.0.0.1'),
('1076','1393890692','1','添加广告位置: 首页Banner底部区域横屏广告','127.0.0.1'),
('1077','1393890754','1','添加广告: 测试广告1','127.0.0.1'),
('1078','1393892514','1','编辑广告位置: 首页Banner底部区域横屏广告','127.0.0.1'),
('1079','1393955700','1','编辑商品分类: 安娜苏,安','127.0.0.1'),
('1080','1393969872','1','删除文章: 如何享受全国联保','127.0.0.1'),
('1081','1393969874','1','删除文章: 如何分辨水货手机 ','127.0.0.1'),
('1082','1393969876','1','删除文章: 如何分辨原装电池','127.0.0.1'),
('1083','1393969883','1','删除商品分类: ','127.0.0.1'),
('1084','1393982427','1','编辑商店设置: ','127.0.0.1'),
('1085','1393983328','1','编辑前台语言项: ','127.0.0.1'),
('1086','1393983799','1','编辑前台语言项: ','127.0.0.1'),
('1087','1394046136','1','添加广告位置: 首页商品分类顶部左侧广告','127.0.0.1'),
('1088','1394046231','1','编辑广告: 泰国晚熟白密柚4枚（特级），原价160元，特价99元','127.0.0.1'),
('1089','1394046295','1','添加广告: 推荐美食一','127.0.0.1'),
('1090','1394046918','1','编辑广告位置: 首页商品分类顶部左侧广告一','127.0.0.1'),
('1091','1394046928','1','编辑广告位置: 首页商品分类顶部左侧广告一','127.0.0.1'),
('1092','1394046969','1','添加广告位置: 首页商品分类顶部左侧广告二','127.0.0.1'),
('1093','1394047351','1','删除广告位置: ','127.0.0.1'),
('1094','1394047593','1','编辑广告位置: 首页商品分类顶部左侧广告','127.0.0.1'),
('1095','1394048071','1','编辑广告位置: 首页商品分类顶部左侧广告','127.0.0.1'),
('1096','1394048210','1','编辑广告: 推荐美食一','127.0.0.1'),
('1097','1394048236','1','添加广告: 推荐美食二','127.0.0.1'),
('1098','1394048254','1','添加广告: 推荐美食三','127.0.0.1'),
('1099','1394048268','1','添加广告: 推荐美食四','127.0.0.1'),
('1100','1394048284','1','添加广告: 推荐美食五','127.0.0.1'),
('1101','1394048298','1','添加广告: 推荐美食六','127.0.0.1'),
('1102','1394048313','1','添加广告: 推荐美食七','127.0.0.1'),
('1103','1394048331','1','添加广告: 推荐美食八','127.0.0.1'),
('1104','1394048349','1','添加广告: 推荐美食九','127.0.0.1'),
('1105','1394048365','1','添加广告: 推荐美食十','127.0.0.1'),
('1106','1394053513','1','添加广告位置: 测试广告位1','127.0.0.1'),
('1107','1394053545','1','添加广告: 测试广告位1','127.0.0.1'),
('1108','1394053629','1','删除广告: ','127.0.0.1'),
('1109','1394053665','1','删除广告位置: ','127.0.0.1'),
('1110','1394053968','1','删除广告: ','127.0.0.1'),
('1111','1394053974','1','删除广告: ','127.0.0.1'),
('1112','1394053976','1','删除广告: ','127.0.0.1'),
('1113','1394053977','1','删除广告: ','127.0.0.1'),
('1114','1394053978','1','删除广告: ','127.0.0.1'),
('1115','1394053979','1','删除广告: ','127.0.0.1'),
('1116','1394053981','1','删除广告: ','127.0.0.1'),
('1117','1394053983','1','删除广告: ','127.0.0.1'),
('1118','1394053985','1','删除广告: ','127.0.0.1'),
('1119','1394054086','1','编辑广告位置: 首页商品分类顶部左侧广告一','127.0.0.1'),
('1120','1394054133','1','添加广告位置: 首页商品分类顶部左侧广告二','127.0.0.1'),
('1121','1394054149','1','添加广告位置: 首页商品分类顶部左侧广告三','127.0.0.1'),
('1122','1394054164','1','添加广告位置: 首页商品分类顶部左侧广告四','127.0.0.1'),
('1123','1394054179','1','添加广告位置: 首页商品分类顶部左侧广告五','127.0.0.1'),
('1124','1394054189','1','添加广告位置: 首页商品分类顶部左侧广告六','127.0.0.1'),
('1125','1394054199','1','添加广告位置: 首页商品分类顶部左侧广告七','127.0.0.1'),
('1126','1394054208','1','添加广告位置: 首页商品分类顶部左侧广告八','127.0.0.1'),
('1127','1394054224','1','添加广告位置: 首页商品分类顶部左侧广告九','127.0.0.1'),
('1128','1394054234','1','添加广告位置: 首页商品分类顶部左侧广告十','127.0.0.1'),
('1129','1394054341','1','添加广告: 推荐美食二','127.0.0.1'),
('1130','1394054364','1','添加广告: 推荐美食三','127.0.0.1'),
('1131','1394054392','1','添加广告: 推荐美食四','127.0.0.1'),
('1132','1394054432','1','添加广告: 推荐美食五','127.0.0.1'),
('1133','1394054443','1','编辑广告: 推荐美食四','127.0.0.1'),
('1134','1394054493','1','添加广告: 推荐美食六','127.0.0.1'),
('1135','1394054517','1','添加广告: 推荐美食七','127.0.0.1'),
('1136','1394054546','1','添加广告: 推荐美食八','127.0.0.1'),
('1137','1394054567','1','添加广告: 推荐美食九','127.0.0.1'),
('1138','1394054586','1','添加广告: 推荐美食十','127.0.0.1'),
('1139','1394062901','1','添加商品分类: 甜点','127.0.0.1'),
('1140','1394062928','1','添加商品分类: 礼品礼券','127.0.0.1'),
('1141','1394141551','1','添加广告位置: 商品分类顶部大图区域','127.0.0.1'),
('1142','1394141794','1','删除广告位置: ','127.0.0.1'),
('1143','1394146146','1','添加广告位置: 商品列表页Banner广告位一','127.0.0.1'),
('1144','1394146160','1','添加广告位置: 商品列表页Banner广告位二','127.0.0.1'),
('1145','1394146172','1','添加广告位置: 商品列表页Banner广告位三','127.0.0.1'),
('1146','1394146182','1','添加广告位置: 商品列表页Banner广告位四','127.0.0.1'),
('1147','1394146194','1','添加广告位置: 商品列表页Banner广告位五','127.0.0.1'),
('1148','1394146238','1','添加广告: 商品列表页Banner广告一','127.0.0.1'),
('1149','1394146258','1','添加广告: 商品列表页Banner广告二','127.0.0.1'),
('1150','1394146276','1','添加广告: 商品列表页Banner广告三','127.0.0.1'),
('1151','1394146299','1','添加广告: 商品列表页Banner广告四','127.0.0.1'),
('1152','1394146316','1','添加广告: 商品列表页Banner广告五','127.0.0.1'),
('1153','1394146328','1','添加广告位置: 商品列表页Banner广告六','127.0.0.1'),
('1154','1394146351','1','添加广告: 商品列表页Banner广告六','127.0.0.1'),
('1155','1394146359','1','编辑广告位置: 商品列表页Banner广告位六','127.0.0.1'),
('1156','1394146772','1','添加广告位置: 幻灯片底部四个广告','127.0.0.1'),
('1157','1394148049','1','编辑广告位置: 幻灯片底部四个广告','127.0.0.1'),
('1158','1394148051','1','编辑广告位置: 幻灯片底部四个广告','127.0.0.1'),
('1159','1394148052','1','编辑广告位置: 幻灯片底部四个广告','127.0.0.1'),
('1160','1394148073','1','删除广告位置: ','127.0.0.1'),
('1161','1394148105','1','添加广告位置: 幻灯片底部四个广告_1','127.0.0.1'),
('1162','1394148121','1','添加广告位置: 幻灯片底部四个广告_2','127.0.0.1'),
('1163','1394148141','1','添加广告位置: 幻灯片底部四个广告_3','127.0.0.1'),
('1164','1394148152','1','添加广告位置: 幻灯片底部四个广告_4','127.0.0.1'),
('1165','1394148265','1','添加广告: 幻灯片底部四个广告_1','127.0.0.1'),
('1166','1394148293','1','添加广告: 幻灯片底部四个广告_2','127.0.0.1'),
('1167','1394148318','1','编辑广告: 幻灯片底部四个广告_1','127.0.0.1'),
('1168','1394148343','1','添加广告: 幻灯片底部四个广告_3','127.0.0.1'),
('1169','1394148361','1','添加广告: 幻灯片底部四个广告_4','127.0.0.1'),
('1170','1394154585','1','添加广告位置: 分类测试1','127.0.0.1'),
('1171','1394154678','1','添加广告: cate_1_1','127.0.0.1'),
('1172','1394154821','1','编辑广告: cate_1_1','127.0.0.1'),
('1173','1394154824','1','编辑广告: cate_1_1','127.0.0.1'),
('1174','1394154830','1','编辑广告: cate_1_1','127.0.0.1'),
('1175','1394154833','1','编辑广告: cate_1_1','127.0.0.1'),
('1176','1394154839','1','编辑广告: cate_1_6','127.0.0.1'),
('1177','1394154890','1','添加广告位置: 分类测试2','127.0.0.1'),
('1178','1394154942','1','编辑广告: cate_1_111111','127.0.0.1'),
('1179','1394154969','1','添加广告: cate_1_6','127.0.0.1'),
('1180','1394155174','1','编辑广告: cate_2_1','127.0.0.1'),
('1181','1394155388','1','编辑商品分类: 护肤','127.0.0.1'),
('1182','1394155481','1','编辑广告: cate_2_1','127.0.0.1'),
('1183','1394155749','1','添加文章分类: 首页公告','127.0.0.1'),
('1184','1394155777','1','添加文章: 公告1','127.0.0.1'),
('1185','1394155784','1','添加文章: 公告2','127.0.0.1'),
('1186','1394385159','1','编辑广告: cate_2_1','127.0.0.1'),
('1187','1394385215','1','编辑广告: cate_1_1','127.0.0.1'),
('1188','1394385223','1','编辑广告: cate_1_1','127.0.0.1'),
('1189','1394385236','1','删除广告位置: ','127.0.0.1'),
('1190','1394385248','1','删除广告位置: ','127.0.0.1'),
('1191','1394385269','1','编辑广告位置: 水果分类幻灯片','127.0.0.1'),
('1192','1394385276','1','编辑广告: cate_2_1','127.0.0.1'),
('1193','1394385282','1','编辑广告: cate_2_1','127.0.0.1'),
('1194','1394385306','1','添加广告: cate_3_1','127.0.0.1'),
('1195','1394385321','1','添加广告: cate_4_1','127.0.0.1'),
('1196','1394385354','1','添加广告: cate_5_1','127.0.0.1'),
('1197','1394385388','1','添加广告: cate_6_1','127.0.0.1'),
('1198','1394385432','1','编辑广告: cate_6_1','127.0.0.1'),
('1199','1394385490','1','编辑广告: cate_5_11111','127.0.0.1'),
('1200','1394385509','1','添加广告: cate_5_1','127.0.0.1'),
('1201','1394385548','1','编辑广告: cate_6_1','127.0.0.1'),
('1202','1394394181','1','编辑商品分类: 水果','127.0.0.1'),
('1203','1394394223','1','编辑商品分类: 蔬菜','127.0.0.1'),
('1204','1394394264','1','编辑商品分类: 水产','127.0.0.1'),
('1205','1394394283','1','编辑商品分类: 肉类','127.0.0.1'),
('1206','1394394307','1','编辑商品分类: 禽蛋','127.0.0.1'),
('1207','1394394325','1','编辑商品分类: 食品饮料','127.0.0.1'),
('1208','1394394489','1','编辑商品分类: 进口水果','127.0.0.1'),
('1209','1394394517','1','编辑商品分类: 国产水果','127.0.0.1'),
('1210','1394394534','1','编辑商品分类: 小包装水果','127.0.0.1'),
('1211','1394394560','1','编辑商品分类: 水果加工品','127.0.0.1'),
('1212','1394394584','1','编辑商品分类: 进口樱桃专区','127.0.0.1'),
('1213','1394394618','1','编辑商品分类: 进口提子专区','127.0.0.1'),
('1214','1394394641','1','编辑商品分类: 易果本月精选','127.0.0.1'),
('1215','1394394688','1','编辑商品分类: 新鲜水果','127.0.0.1'),
('1216','1394394857','1','删除商品分类: 散粉','127.0.0.1'),
('1217','1394394866','1','删除商品分类: 淡香','127.0.0.1'),
('1218','1394394870','1','删除商品分类: 花香调','127.0.0.1'),
('1219','1394394885','1','删除商品分类: 隔离霜','127.0.0.1'),
('1220','1394394905','1','删除商品分类: 眼影','127.0.0.1'),
('1221','1394395052','1','回收商品: 谜尚红色BB霜21#50ml','127.0.0.1'),
('1222','1394395077','1','回收商品: 摩托罗拉E8 ','127.0.0.1'),
('1223','1394395079','1','回收商品:  安娜苏魔影幻彩唇膏305#3.4g','127.0.0.1'),
('1224','1394395081','1','回收商品: 娇兰金钻修颜粉饼SPF10','127.0.0.1'),
('1225','1394395082','1','回收商品: 纪梵希幻影四宫格胭脂21#7g','127.0.0.1'),
('1226','1394395083','1','回收商品:  香奈儿coco小姐唇膏（62#）3g','127.0.0.1'),
('1227','1394395092','1','回收商品: 雅诗兰黛鲜活营养红石榴眼霜15ml','127.0.0.1'),
('1228','1394395144','1','批量删除商品: ','127.0.0.1'),
('1229','1394395170','1','删除商品分类: 美甲','127.0.0.1'),
('1230','1394395207','1','删除商品分类: 修容','127.0.0.1'),
('1231','1394395216','1','删除商品分类: 遮瑕','127.0.0.1'),
('1232','1394395223','1','删除商品分类: 底妆定妆','127.0.0.1'),
('1233','1394395240','1','删除商品分类: 腮红','127.0.0.1'),
('1234','1394395247','1','删除商品分类: 唇妆','127.0.0.1'),
('1235','1394395256','1','删除商品分类: 其他彩妆','127.0.0.1'),
('1236','1394395283','1','删除商品分类: 润唇','127.0.0.1'),
('1237','1394395290','1','删除商品分类: 卸妆','127.0.0.1'),
('1238','1394395301','1','删除商品分类: 修容','127.0.0.1'),
('1239','1394395308','1','删除商品分类: 浓密卷翘','127.0.0.1'),
('1240','1394395345','1','删除商品分类: ','127.0.0.1'),
('1241','1394395377','1','删除商品分类: ','127.0.0.1'),
('1242','1394395603','1','删除商品分类: 彩妆套装','127.0.0.1'),
('1243','1394400687','1','编辑商店设置: ','127.0.0.1'),
('1244','1394400717','1','编辑商店设置: ','127.0.0.1'),
('1245','1394408977','1','添加商品: ZESPRI奇异果(普通金果)6个','127.0.0.1'),
('1246','1394409170','1','编辑商品: ZESPRI奇异果(普通金果)6个','127.0.0.1'),
('1247','1394409234','1','编辑商品: ZESPRI奇异果(普通金果)6个','127.0.0.1'),
('1248','1394409684','1','编辑商品: ZESPRI奇异果(普通金果)6个','127.0.0.1'),
('1249','1394409694','1','编辑商品: ZESPRI奇异果(普通金果)6个','127.0.0.1'),
('1250','1394410534','1','编辑商品类型: 书','127.0.0.1'),
('1251','1394410536','1','编辑商品类型: 香水','127.0.0.1'),
('1252','1394411470','1','删除商品类型: 书','127.0.0.1'),
('1253','1394411471','1','删除商品类型: 音乐','127.0.0.1'),
('1254','1394411473','1','删除商品类型: 电影','127.0.0.1'),
('1255','1394411475','1','删除商品类型: 手机','127.0.0.1'),
('1256','1394411476','1','删除商品类型: 笔记本电脑','127.0.0.1'),
('1257','1394411477','1','删除商品类型: 数码相机','127.0.0.1'),
('1258','1394411478','1','删除商品类型: 数码摄像机','127.0.0.1'),
('1259','1394411479','1','删除商品类型: 化妆品','127.0.0.1'),
('1260','1394411480','1','删除商品类型: 精品手机','127.0.0.1'),
('1261','1394411481','1','删除商品类型: 护肤','127.0.0.1'),
('1262','1394411482','1','删除商品类型: 香水','127.0.0.1'),
('1263','1394411741','1','添加属性: 产地','127.0.0.1'),
('1264','1394411775','1','编辑商品: ZESPRI奇异果(普通金果)6个','127.0.0.1'),
('1265','1394411862','1','编辑商品: ZESPRI奇异果(普通金果)6个','127.0.0.1'),
('1266','1394411990','1','添加属性: 发货地','127.0.0.1'),
('1267','1394412034','1','添加属性: 库存','127.0.0.1'),
('1268','1394412052','1','添加属性: 品牌','127.0.0.1'),
('1269','1394412074','1','添加属性: 商品状态','127.0.0.1'),
('1270','1394412099','1','添加属性: 结单时间','127.0.0.1'),
('1271','1394412122','1','编辑商品: ZESPRI奇异果(普通金果)6个','127.0.0.1'),
('1272','1394412299','1','编辑商品: ZESPRI奇异果(普通金果)6个','127.0.0.1'),
('1273','1394413339','1','添加属性: 单选属性','127.0.0.1'),
('1274','1394413373','1','添加属性: 颜色','127.0.0.1'),
('1275','1394413428','1','编辑商品: ZESPRI奇异果(普通金果)6个','127.0.0.1'),
('1276','1394413539','1','编辑商品: ZESPRI奇异果(普通金果)6个','127.0.0.1'),
('1277','1394414033','1','编辑商品: ZESPRI奇异果(普通金果)6个','127.0.0.1'),
('1278','1394414055','1','编辑商品: ZESPRI奇异果(普通金果)6个','127.0.0.1'),
('1279','1394415066','1','编辑商品: ZESPRI奇异果(普通金果)6个','127.0.0.1'),
('1280','1394415615','1','编辑商品: ZESPRI奇异果(普通金果)6个','127.0.0.1'),
('1281','1394472887','1','编辑商品: ZESPRI奇异果(普通金果)6个','127.0.0.1'),
('1282','1394473269','1','编辑商品: ZESPRI奇异果(普通金果)6个','127.0.0.1'),
('1283','1394475695','1','编辑商品: ZESPRI奇异果(普通金果)6个','127.0.0.1'),
('1284','1394478820','1','添加广告位置: GoodsLeftAd01','127.0.0.1'),
('1285','1394478837','1','添加广告位置: GoodsLeftAd02','127.0.0.1'),
('1286','1394478846','1','添加广告位置: GoodsLeftAd03','127.0.0.1'),
('1287','1394478907','1','添加广告: GoodsLeftAd01','127.0.0.1'),
('1288','1394478937','1','添加广告: GoodsLeftAd02','127.0.0.1'),
('1289','1394478964','1','添加广告: GoodsLeftAd03','127.0.0.1'),
('1290','1394479377','1','编辑广告位置: GoodsLeftAd03','127.0.0.1'),
('1291','1394491080','1','编辑商品: ZESPRI奇异果(普通金果)6个','127.0.0.1'),
('1292','1394492818','1','编辑商店设置: ','127.0.0.1'),
('1293','1394493590','1','编辑商品: ZESPRI奇异果(普通金果)6个','127.0.0.1'),
('1294','1394493641','1','编辑商店设置: ','127.0.0.1'),
('1295','1394493692','1','编辑商品: ZESPRI奇异果(普通金果)6个','127.0.0.1'),
('1296','1394495029','1','编辑商品: ZESPRI奇异果(普通金果)6个','127.0.0.1'),
('1297','1394496510','1','编辑商品: ZESPRI奇异果(普通金果)6个','127.0.0.1'),
('1298','1394496563','1','编辑商品: ZESPRI奇异果(普通金果)6个','127.0.0.1'),
('1299','1394496686','1','编辑商品: ZESPRI奇异果(普通金果)6个','127.0.0.1'),
('1300','1394497066','1','编辑商品: ZESPRI奇异果(普通金果)6个','127.0.0.1'),
('1301','1394564268','1','编辑商店设置: ','127.0.0.1'),
('1302','1394567811','1','添加广告位置: ad_user_passport','127.0.0.1'),
('1303','1394567852','1','添加广告: ad_user_passport','127.0.0.1'),
('1304','1394573118','1','编辑广告位置: ad_user_passport','127.0.0.1'),
('1305','1394573133','1','编辑广告位置: ad_user_login','127.0.0.1'),
('1306','1394573153','1','编辑广告: ad_user_login','127.0.0.1'),
('1307','1394573199','1','添加广告位置: ad_user_register01','127.0.0.1'),
('1308','1394573218','1','添加广告位置: ad_user_register02','127.0.0.1'),
('1309','1394573234','1','添加广告: ad_user_register01','127.0.0.1'),
('1310','1394573249','1','添加广告: ad_user_register02','127.0.0.1'),
('1311','1394573809','1','编辑会员账号: 小松','127.0.0.1'),
('1312','1394652086','1','编辑商品: ZESPRI奇异果(普通金果)6个','127.0.0.1'),
('1313','1394745296','1','编辑商品: ZESPRI奇异果(普通金果)6个','127.0.0.1'),
('1314','1395005388','1','添加商品分类: 根茎类','127.0.0.1'),
('1315','1395005608','1','删除商品分类: 面油','127.0.0.1'),
('1316','1395005637','1','删除商品分类: 美甲工具','127.0.0.1'),
('1317','1395005644','1','删除商品分类: 瘦身纤体','127.0.0.1'),
('1318','1395005646','1','删除商品分类: 美体工具','127.0.0.1'),
('1319','1395005651','1','删除商品分类: 艾黛儿','127.0.0.1'),
('1320','1395005653','1','删除商品分类: 化妆镜','127.0.0.1'),
('1321','1395005654','1','删除商品分类: 定妆','127.0.0.1'),
('1322','1395005657','1','删除商品分类: 辅助化妆','127.0.0.1'),
('1323','1395005659','1','删除商品分类: 化妆工具','127.0.0.1'),
('1324','1395005661','1','删除商品分类: 发型定型','127.0.0.1'),
('1325','1395005664','1','删除商品分类: 护发养发','127.0.0.1'),
('1326','1395005665','1','删除商品分类: 美发工具','127.0.0.1'),
('1327','1395005673','1','删除商品分类: 雅诗兰黛','127.0.0.1'),
('1328','1395005675','1','删除商品分类: 收纳','127.0.0.1'),
('1329','1395005677','1','删除商品分类: 化妆包','127.0.0.1'),
('1330','1395005680','1','删除商品分类: 日用收纳','127.0.0.1'),
('1331','1395005685','1','删除商品分类: 面膜','127.0.0.1'),
('1332','1395005686','1','删除商品分类: 眼霜','127.0.0.1'),
('1333','1395005691','1','删除商品分类: 爽肤','127.0.0.1'),
('1334','1395005693','1','删除商品分类: 乳液','127.0.0.1'),
('1335','1395005744','1','删除商品分类: 阿迪达斯','127.0.0.1'),
('1336','1395005746','1','删除商品分类: 清洁','127.0.0.1'),
('1337','1395005747','1','删除商品分类: 香体喷雾','127.0.0.1'),
('1338','1395005769','1','删除商品分类: 沐浴','127.0.0.1'),
('1339','1395005772','1','删除商品分类: 身体护理','127.0.0.1'),
('1340','1395005775','1','删除商品分类: 博柏利','127.0.0.1'),
('1341','1395005777','1','删除商品分类: 宝格丽','127.0.0.1'),
('1342','1395005779','1','删除商品分类: 阿迪达斯','127.0.0.1'),
('1343','1395005781','1','删除商品分类: 淡香','127.0.0.1'),
('1344','1395005783','1','删除商品分类: 海洋香调','127.0.0.1'),
('1345','1395005788','1','删除商品分类: 爱马仕','127.0.0.1'),
('1346','1395005790','1','删除商品分类: 凯文克莱','127.0.0.1'),
('1347','1395005791','1','删除商品分类: 淡香','127.0.0.1'),
('1348','1395005793','1','删除商品分类: 花果香调','127.0.0.1'),
('1349','1395005794','1','删除商品分类: 花香调','127.0.0.1'),
('1350','1395005796','1','删除商品分类: 花果香调','127.0.0.1'),
('1351','1395005799','1','删除商品分类: 草木香调','127.0.0.1'),
('1352','1395005800','1','删除商品分类: 香体','127.0.0.1'),
('1353','1395005817','1','删除商品分类: 淡香','127.0.0.1'),
('1354','1395005835','1','删除商品分类: 菲拉格慕','127.0.0.1'),
('1355','1395005836','1','删除商品分类: 迪奥','127.0.0.1'),
('1356','1395005843','1','删除商品分类: 安娜苏,安','127.0.0.1'),
('1357','1395005868','1','删除商品分类: 精华','127.0.0.1'),
('1358','1395005870','1','删除商品分类: 面霜','127.0.0.1'),
('1359','1395005871','1','删除商品分类: 洁面','127.0.0.1'),
('1360','1395005895','1','删除商品分类: 剃须','127.0.0.1'),
('1361','1395005896','1','删除商品分类: BB霜','127.0.0.1'),
('1362','1395005898','1','删除商品分类: 防晒','127.0.0.1'),
('1363','1395005902','1','删除商品分类: 活肤','127.0.0.1'),
('1364','1395005910','1','删除商品分类: 兰芝','127.0.0.1'),
('1365','1395005912','1','删除商品分类: 保湿','127.0.0.1'),
('1366','1395005925','1','删除商品分类: 碧欧泉','127.0.0.1'),
('1367','1395005927','1','删除商品分类: 欧莱雅','127.0.0.1'),
('1368','1395005991','1','删除商品分类: 女士香水','127.0.0.1'),
('1369','1395005993','1','删除商品分类: 中性香水','127.0.0.1'),
('1370','1395005994','1','删除商品分类: 男士香水','127.0.0.1'),
('1371','1395005997','1','删除商品分类: 香水套装','127.0.0.1'),
('1372','1395006012','1','删除商品分类: 面部护理','127.0.0.1'),
('1373','1395006049','1','删除商品分类: 其他护理','127.0.0.1'),
('1374','1395006050','1','删除商品分类: 脱毛','127.0.0.1'),
('1375','1395006051','1','删除商品分类: 香体止汗','127.0.0.1'),
('1376','1395006052','1','删除商品分类: 手足护理','127.0.0.1'),
('1377','1395006054','1','删除商品分类: 沐浴','127.0.0.1'),
('1378','1395006081','1','删除商品分类: 身体护理','127.0.0.1'),
('1379','1395006084','1','删除商品分类: 精油护理','127.0.0.1'),
('1380','1395006085','1','删除商品分类: 丰胸塑臀','127.0.0.1'),
('1381','1395006089','1','删除商品分类: 纤体瘦身','127.0.0.1'),
('1382','1395006092','1','删除商品分类: 丰胸瘦身','127.0.0.1'),
('1383','1395006094','1','删除商品分类: 焗油','127.0.0.1'),
('1384','1395006096','1','删除商品分类: 洗发','127.0.0.1'),
('1385','1395006097','1','删除商品分类: 美发造型','127.0.0.1'),
('1386','1395006099','1','删除商品分类: 染发','127.0.0.1'),
('1387','1395006101','1','删除商品分类: 护发','127.0.0.1'),
('1388','1395006105','1','删除商品分类: 美发护发','127.0.0.1'),
('1389','1395006119','1','删除商品分类: 沐浴','127.0.0.1'),
('1390','1395006120','1','删除商品分类: 护发养发','127.0.0.1'),
('1391','1395006122','1','删除商品分类: 保湿','127.0.0.1'),
('1392','1395006124','1','删除商品分类: 美体套装','127.0.0.1'),
('1393','1395006126','1','删除商品分类: 洗护套装','127.0.0.1'),
('1394','1395006129','1','删除商品分类: 其他护理','127.0.0.1'),
('1395','1395006131','1','删除商品分类: 男士套装','127.0.0.1'),
('1396','1395006142','1','删除商品分类: 进口樱桃专区','127.0.0.1'),
('1397','1395006152','1','删除商品分类: 进口提子专区','127.0.0.1'),
('1398','1395006155','1','删除商品分类: 易果本月精选','127.0.0.1'),
('1399','1395006157','1','删除商品分类: 面部彩妆','127.0.0.1'),
('1400','1395006165','1','删除商品分类: 去黑眼圈','127.0.0.1'),
('1401','1395006167','1','删除商品分类: 去浮肿','127.0.0.1'),
('1402','1395006189','1','删除商品分类: 保湿','127.0.0.1'),
('1403','1395006191','1','删除商品分类: 去眼纹','127.0.0.1'),
('1404','1395006192','1','删除商品分类: 去眼袋','127.0.0.1'),
('1405','1395006194','1','删除商品分类: 眼部护理','127.0.0.1'),
('1406','1395006207','1','删除商品分类: 喷雾','127.0.0.1'),
('1407','1395006208','1','删除商品分类: 啫喱','127.0.0.1'),
('1408','1395006210','1','删除商品分类: 角质按摩','127.0.0.1'),
('1409','1395006211','1','删除商品分类: 祛痘祛斑','127.0.0.1'),
('1410','1395006213','1','删除商品分类: T区护理','127.0.0.1'),
('1411','1395006215','1','删除商品分类: 颈霜','127.0.0.1'),
('1412','1395006216','1','删除商品分类: 保健食品','127.0.0.1'),
('1413','1395006217','1','删除商品分类: 护唇','127.0.0.1'),
('1414','1395006219','1','删除商品分类: 其他护理','127.0.0.1'),
('1415','1395006243','1','删除商品分类: 嫩肤','127.0.0.1'),
('1416','1395006245','1','删除商品分类: 补水','127.0.0.1'),
('1417','1395006246','1','删除商品分类: 紧致去皱','127.0.0.1'),
('1418','1395006248','1','删除商品分类: 美白','127.0.0.1'),
('1419','1395006249','1','删除商品分类: 保湿','127.0.0.1'),
('1420','1395006250','1','删除商品分类: 护肤套装','127.0.0.1'),
('1421','1395006256','1','删除商品分类: 卸妆','127.0.0.1'),
('1422','1395006258','1','删除商品分类: 防晒','127.0.0.1'),
('1423','1395006272','1','删除商品分类: 根茎类','127.0.0.1'),
('1424','1395006307','1','删除商品分类: 精华','127.0.0.1'),
('1425','1395006309','1','删除商品分类: 面膜','127.0.0.1'),
('1426','1395006310','1','删除商品分类: 化妆水','127.0.0.1'),
('1427','1395006311','1','删除商品分类: 面霜','127.0.0.1'),
('1428','1395006312','1','删除商品分类: 乳液','127.0.0.1'),
('1429','1395006313','1','删除商品分类: 洁面','127.0.0.1'),
('1430','1395006315','1','删除商品分类: 面部护理','127.0.0.1'),
('1431','1395006342','1','删除商品分类: 国产水果','127.0.0.1'),
('1432','1395006343','1','删除商品分类: 小包装水果','127.0.0.1'),
('1433','1395006345','1','删除商品分类: 水果加工品','127.0.0.1'),
('1434','1395006346','1','删除商品分类: 进口水果','127.0.0.1'),
('1435','1395006349','1','删除商品分类: 新鲜水果','127.0.0.1'),
('1436','1395006687','1','添加商品分类: 礼品礼盒','127.0.0.1'),
('1437','1395006696','1','添加商品分类: 礼卡礼券','127.0.0.1'),
('1438','1395006706','1','添加商品分类: 甜点提货券','127.0.0.1'),
('1439','1395006713','1','添加商品分类: 原膳礼盒','127.0.0.1'),
('1440','1395006728','1','添加商品分类: 蛋糕名录','127.0.0.1'),
('1441','1395006736','1','添加商品分类: 茶歇/小食','127.0.0.1'),
('1442','1395006742','1','添加商品分类: 巧克力/甜点','127.0.0.1'),
('1443','1395006753','1','添加商品分类: TRY ME 小蛋糕','127.0.0.1'),
('1444','1395006766','1','添加商品分类: 乳脂奶油蛋糕','127.0.0.1'),
('1445','1395006774','1','添加商品分类: 水果蛋糕','127.0.0.1'),
('1446','1395006785','1','添加商品分类: 送给恋人','127.0.0.1'),
('1447','1395006792','1','添加商品分类: 蛋糕附件','127.0.0.1'),
('1448','1395006866','1','添加商品分类: 酒具礼品','127.0.0.1'),
('1449','1395006874','1','添加商品分类: 牛奶及奶制品','127.0.0.1'),
('1450','1395006883','1','添加商品分类: 早餐专区','127.0.0.1'),
('1451','1395006889','1','添加商品分类: 女性调理专区','127.0.0.1'),
('1452','1395006896','1','添加商品分类: 其他蛋类','127.0.0.1'),
('1453','1395006902','1','添加商品分类: 原味蒸品','127.0.0.1'),
('1454','1395006909','1','添加商品分类: 原汁煲鸡','127.0.0.1'),
('1455','1395006916','1','添加商品分类: 禽类分割品','127.0.0.1'),
('1456','1395006924','1','添加商品分类: 冰鲜活杀类','127.0.0.1'),
('1457','1395006933','1','添加商品分类: 火腿腌腊','127.0.0.1'),
('1458','1395006940','1','添加商品分类: 澳洲牛肉','127.0.0.1'),
('1459','1395006945','1','添加商品分类: 乌拉圭牛肉','127.0.0.1'),
('1460','1395006951','1','添加商品分类: 西班牙黑猪','127.0.0.1'),
('1461','1395006963','1','添加商品分类: 欧洲天然猪','127.0.0.1'),
('1462','1395006976','1','添加商品分类: 黑毛和牛','127.0.0.1'),
('1463','1395006982','1','添加商品分类: 澳洲牛肋排专区','127.0.0.1'),
('1464','1395006998','1','添加商品分类: 大闸蟹专区','127.0.0.1'),
('1465','1395007003','1','添加商品分类: 阿拉斯加产区','127.0.0.1'),
('1466','1395007009','1','添加商品分类: 三文鱼专区','127.0.0.1'),
('1467','1395007017','1','添加商品分类: 南美白虾仁','127.0.0.1'),
('1468','1395007024','1','添加商品分类: 加拿大专区','127.0.0.1'),
('1469','1395007031','1','添加商品分类: 原装进口活鲜空运','127.0.0.1'),
('1470','1395007583','1','添加商品分类: 根茎类','127.0.0.1'),
('1471','1395007592','1','添加商品分类: 茄果类','127.0.0.1'),
('1472','1395007600','1','添加商品分类: 新鲜菌菇','127.0.0.1'),
('1473','1395007606','1','添加商品分类: 西餐菜','127.0.0.1'),
('1474','1395007611','1','添加商品分类: 地域特产专区','127.0.0.1'),
('1475','1395007618','1','添加商品分类: 煲汤食材','127.0.0.1'),
('1476','1395007627','1','添加商品分类: 蔬菜礼包','127.0.0.1'),
('1477','1395007642','1','添加商品分类: 进口水果','127.0.0.1'),
('1478','1395007647','1','添加商品分类: 国产水果','127.0.0.1'),
('1479','1395007654','1','添加商品分类: 小包装水果','127.0.0.1'),
('1480','1395007663','1','添加商品分类: 水果加工品','127.0.0.1'),
('1481','1395007669','1','添加商品分类: 进口奇异果专区','127.0.0.1'),
('1482','1395007675','1','添加商品分类: 进口提子专区','127.0.0.1'),
('1483','1395007683','1','添加商品分类: 易果本月精选','127.0.0.1'),
('1484','1395007749','1','编辑商品: ZESPRI奇异果(普通金果)6个','127.0.0.1'),
('1485','1395007866','1','编辑商品: ZESPRI奇异果(普通金果)6个','127.0.0.1'),
('1486','1395007889','1','编辑商品分类: 进口水果','127.0.0.1'),
('1487','1395007919','1','编辑商品分类: 进口水果','127.0.0.1'),
('1488','1395007937','1','编辑商品分类: 进口水果','127.0.0.1'),
('1489','1395007950','1','编辑商品分类: 进口水果','127.0.0.1'),
('1490','1395007967','1','编辑商品: ZESPRI奇异果(普通金果)6个','127.0.0.1'),
('1491','1395008517','1','编辑商品分类: 进口水果','127.0.0.1'),
('1492','1395008686','1','添加商品: 泰国南多美芒果（空运）6枚装','127.0.0.1'),
('1493','1395008723','1','编辑商品: 泰国南多美芒果（空运）6枚装','127.0.0.1'),
('1494','1395008755','1','编辑商品: 泰国南多美芒果（空运）6枚装','127.0.0.1'),
('1495','1395008775','1','编辑商品: 泰国南多美芒果（空运）6枚装','127.0.0.1'),
('1496','1395008901','1','添加商品分类: 123123','127.0.0.1'),
('1497','1395009098','1','编辑商品分类: 水果','127.0.0.1'),
('1498','1395009113','1','编辑商品分类: 进口水果','127.0.0.1'),
('1499','1395009162','1','编辑商品分类: 国产水果','127.0.0.1'),
('1500','1395009169','1','编辑商品分类: 小包装水果','127.0.0.1'),
('1501','1395009179','1','编辑商品分类: 水果加工品','127.0.0.1'),
('1502','1395009191','1','编辑商品分类: 进口奇异果专区','127.0.0.1'),
('1503','1395009199','1','编辑商品分类: 进口提子专区','127.0.0.1'),
('1504','1395009205','1','编辑商品分类: 易果本月精选','127.0.0.1'),
('1505','1395009297','1','添加商品分类: 蔬菜','127.0.0.1'),
('1506','1395009307','1','编辑商品分类: 根茎类','127.0.0.1'),
('1507','1395009314','1','编辑商品分类: 茄果类','127.0.0.1'),
('1508','1395009320','1','编辑商品分类: 新鲜菌菇','127.0.0.1'),
('1509','1395009325','1','编辑商品分类: 西餐菜','127.0.0.1'),
('1510','1395009330','1','编辑商品分类: 地域特产专区','127.0.0.1'),
('1511','1395009343','1','编辑商品分类: 煲汤食材','127.0.0.1'),
('1512','1395009349','1','编辑商品分类: 蔬菜礼包','127.0.0.1'),
('1513','1395009363','1','添加商品分类: 水产','127.0.0.1'),
('1514','1395009388','1','添加商品分类: 礼品礼券','127.0.0.1'),
('1515','1395009400','1','添加商品分类: 甜点','127.0.0.1'),
('1516','1395009414','1','添加商品分类: 食品饮料','127.0.0.1'),
('1517','1395009430','1','添加商品分类: 禽蛋','127.0.0.1'),
('1518','1395009443','1','添加商品分类: 肉类','127.0.0.1'),
('1519','1395009487','1','编辑商品分类: 礼品礼盒','127.0.0.1'),
('1520','1395009532','1','编辑商品分类: 礼卡礼券','127.0.0.1'),
('1521','1395009540','1','编辑商品分类: 甜点提货券','127.0.0.1'),
('1522','1395009548','1','编辑商品分类: 原膳礼盒','127.0.0.1'),
('1523','1395009558','1','编辑商品分类: 蛋糕附件','127.0.0.1'),
('1524','1395009569','1','编辑商品分类: 蛋糕名录','127.0.0.1'),
('1525','1395009579','1','编辑商品分类: 茶歇/小食','127.0.0.1'),
('1526','1395009588','1','编辑商品分类: 巧克力/甜点','127.0.0.1'),
('1527','1395009595','1','编辑商品分类: TRY ME 小蛋糕','127.0.0.1'),
('1528','1395009603','1','编辑商品分类: 乳脂奶油蛋糕','127.0.0.1'),
('1529','1395009608','1','编辑商品分类: 水果蛋糕','127.0.0.1'),
('1530','1395009614','1','编辑商品分类: 送给恋人','127.0.0.1'),
('1531','1395009624','1','编辑商品分类: 女性调理专区','127.0.0.1'),
('1532','1395009631','1','编辑商品分类: 酒具礼品','127.0.0.1'),
('1533','1395009637','1','编辑商品分类: 牛奶及奶制品','127.0.0.1'),
('1534','1395009645','1','编辑商品分类: 早餐专区','127.0.0.1'),
('1535','1395009658','1','编辑商品分类: 冰鲜活杀类','127.0.0.1'),
('1536','1395009671','1','编辑商品分类: 其他蛋类','127.0.0.1'),
('1537','1395009680','1','编辑商品分类: 原味蒸品','127.0.0.1'),
('1538','1395009687','1','编辑商品分类: 原汁煲鸡','127.0.0.1'),
('1539','1395009697','1','编辑商品分类: 禽类分割品','127.0.0.1'),
('1540','1395009715','1','编辑商品分类: 火腿腌腊','127.0.0.1'),
('1541','1395009735','1','编辑商品分类: 澳洲牛肉','127.0.0.1'),
('1542','1395009741','1','编辑商品分类: 乌拉圭牛肉','127.0.0.1'),
('1543','1395009750','1','编辑商品分类: 西班牙黑猪','127.0.0.1'),
('1544','1395009756','1','编辑商品分类: 欧洲天然猪','127.0.0.1'),
('1545','1395009762','1','编辑商品分类: 黑毛和牛','127.0.0.1'),
('1546','1395009767','1','编辑商品分类: 澳洲牛肋排专区','127.0.0.1'),
('1547','1395009777','1','编辑商品分类: 大闸蟹专区','127.0.0.1'),
('1548','1395009782','1','编辑商品分类: 阿拉斯加产区','127.0.0.1'),
('1549','1395009786','1','编辑商品分类: 三文鱼专区','127.0.0.1'),
('1550','1395009791','1','编辑商品分类: 南美白虾仁','127.0.0.1'),
('1551','1395009797','1','编辑商品分类: 加拿大专区','127.0.0.1'),
('1552','1395009801','1','编辑商品分类: 原装进口活鲜空运','127.0.0.1'),
('1553','1395009994','1','添加商品分类: 葱蒜类','127.0.0.1'),
('1554','1395010002','1','添加商品分类: 调味蔬菜','127.0.0.1'),
('1555','1395010072','1','添加商品分类: 新鲜香料','127.0.0.1'),
('1556','1395010145','1','添加商品分类: 鱼','127.0.0.1'),
('1557','1395010171','1','添加商品分类: 其他海产','127.0.0.1'),
('1558','1395010180','1','添加商品分类: 活鲜','127.0.0.1'),
('1559','1395010189','1','添加商品分类: 东海产区','127.0.0.1'),
('1560','1395076883','1','编辑超值礼包: 诺基亚N85大礼包','127.0.0.1'),
('1561','1395076894','1','编辑超值礼包: 摩托罗拉E8 大礼包','127.0.0.1'),
('1562','1395076918','1','编辑超值礼包: 诺基亚N85大礼包','127.0.0.1'),
('1563','1395077316','1','添加广告位置: 蔬菜分类幻灯片','127.0.0.1'),
('1564','1395077464','1','编辑广告: cate_1_1','127.0.0.1'),
('1565','1395077480','1','添加广告: cate_1_2','127.0.0.1'),
('1566','1395077517','1','编辑广告: cate_1_47','127.0.0.1'),
('1567','1395077604','1','编辑广告: cate_1_6','127.0.0.1'),
('1568','1395077634','1','编辑广告: cate_1_6','127.0.0.1'),
('1569','1395077689','1','编辑广告: cate_2_6','127.0.0.1'),
('1570','1395078429','1','编辑广告: classify_6_1','127.0.0.1'),
('1571','1395078443','1','编辑广告: classify_5_1','127.0.0.1'),
('1572','1395078444','1','编辑广告: classify_4_1','127.0.0.1'),
('1573','1395078446','1','编辑广告: classify_3_1','127.0.0.1'),
('1574','1395078447','1','编辑广告: classify_2_1','127.0.0.1'),
('1575','1395078449','1','编辑广告: classify_1_1','127.0.0.1'),
('1576','1395078453','1','编辑广告: classify_6_1','127.0.0.1'),
('1577','1395078591','1','编辑广告: classify_1_6','127.0.0.1'),
('1578','1395078647','1','编辑广告: classify_1_6','127.0.0.1'),
('1579','1395078662','1','添加广告: classify_2_6','127.0.0.1'),
('1580','1395078677','1','添加广告: classify_3_6','127.0.0.1'),
('1581','1395078694','1','添加广告: classify_4_6','127.0.0.1'),
('1582','1395078713','1','添加广告: classify_5_6','127.0.0.1'),
('1583','1395078727','1','添加广告: classify_6_6','127.0.0.1'),
('1584','1395078774','1','编辑广告: classify_6_6','127.0.0.1'),
('1585','1395078792','1','编辑广告: classify_6_1','127.0.0.1'),
('1586','1395078813','1','编辑广告: classify_6_1','127.0.0.1'),
('1587','1395078824','1','编辑广告: classify_5_6','127.0.0.1'),
('1588','1395078834','1','编辑广告: classify_4_6','127.0.0.1'),
('1589','1395163562','1','添加广告位置: 首页水果分类广告','127.0.0.1'),
('1590','1395163592','1','添加广告: 首页水果分类广告','127.0.0.1'),
('1591','1395163628','1','编辑广告: 首页水果分类广告','127.0.0.1'),
('1592','1395164014','1','编辑广告位置: 首页水果分类广告','127.0.0.1'),
('1593','1395164024','1','编辑广告: index_1_1','127.0.0.1'),
('1594','1395164045','1','编辑广告: index_1_1','127.0.0.1'),
('1595','1395164045','1','编辑广告: index_1_1','127.0.0.1'),
('1596','1395164654','1','编辑广告: index_1_1','127.0.0.1'),
('1597','1395164661','1','编辑广告: flow_l1_1','127.0.0.1'),
('1598','1395164839','1','添加广告位置: 首页Banner底部区域四个广告','127.0.0.1'),
('1599','1395164855','1','编辑广告位置: 首页Banner底部区域四个广告','127.0.0.1'),
('1600','1395164895','1','添加广告: 首页Banner底部区域四个广告_1','127.0.0.1'),
('1601','1395164908','1','添加广告: 首页Banner底部区域四个广告_2','127.0.0.1'),
('1602','1395164924','1','添加广告: 首页Banner底部区域四个广告_3','127.0.0.1'),
('1603','1395164942','1','添加广告: 首页Banner底部区域四个广告_4','127.0.0.1'),
('1604','1395164957','1','添加广告: 首页Banner底部区域四个广告_5','127.0.0.1'),
('1605','1395164965','1','编辑广告位置: 首页Banner底部区域五个广告','127.0.0.1'),
('1606','1395165231','1','编辑广告位置: 首页Banner底部区域四个广告','127.0.0.1'),
('1607','1395165232','1','编辑广告位置: 首页Banner底部区域四个广告','127.0.0.1'),
('1608','1395165233','1','编辑广告位置: 首页Banner底部区域四个广告','127.0.0.1'),
('1609','1395165234','1','编辑广告位置: 首页Banner底部区域四个广告','127.0.0.1'),
('1610','1395165248','1','编辑广告位置: 首页Banner底部区域四个广告_1','127.0.0.1'),
('1611','1395165267','1','添加广告位置: 首页Banner底部区域四个广告_2','127.0.0.1'),
('1612','1395165283','1','编辑广告位置: 首页Banner底部区域四个广告_2','127.0.0.1'),
('1613','1395165283','1','编辑广告位置: 首页Banner底部区域四个广告_2','127.0.0.1'),
('1614','1395165305','1','添加广告位置: 首页Banner底部区域四个广告_3','127.0.0.1'),
('1615','1395165348','1','添加广告位置: 首页Banner底部区域四个广告_4','127.0.0.1'),
('1616','1395165365','1','添加广告位置: 首页Banner底部区域四个广告_5','127.0.0.1'),
('1617','1395165474','1','编辑广告位置: 首页Banner底部区域四个广告','127.0.0.1'),
('1618','1395165477','1','删除广告位置: ','127.0.0.1'),
('1619','1395165479','1','删除广告位置: ','127.0.0.1'),
('1620','1395165480','1','删除广告位置: ','127.0.0.1'),
('1621','1395165481','1','删除广告位置: ','127.0.0.1'),
('1622','1395165756','1','编辑广告: index_1_1','127.0.0.1'),
('1623','1395165859','1','编辑广告位置: 首页水果分类广告','127.0.0.1'),
('1624','1395165971','1','添加广告位置: 首页水产分类广告','127.0.0.1'),
('1625','1395166010','1','添加广告: index_1_12','127.0.0.1'),
('1626','1395166163','1','编辑商品: 泰国南多美芒果（空运）6枚装','127.0.0.1'),
('1627','1395167910','1','编辑商品: 泰国南多美芒果（空运）6枚装','127.0.0.1'),
('1628','1395167939','1','编辑商品: ZESPRI奇异果(普通金果)6个','127.0.0.1'),
('1629','1395168761','1','编辑广告位置: 首页水果分类广告','127.0.0.1'),
('1630','1395168762','1','编辑广告位置: 首页水果分类广告','127.0.0.1'),
('1631','1395168762','1','编辑广告位置: 首页水果分类广告','127.0.0.1'),
('1632','1395168763','1','编辑广告位置: 首页水果分类广告','127.0.0.1'),
('1633','1395168764','1','编辑广告位置: 首页水果分类广告','127.0.0.1'),
('1634','1395168765','1','编辑广告位置: 首页水果分类广告','127.0.0.1'),
('1635','1395168767','1','编辑广告位置: 首页水果分类广告','127.0.0.1'),
('1636','1395168767','1','编辑广告位置: 首页水果分类广告','127.0.0.1'),
('1637','1395168774','1','编辑广告位置: 首页进口水果分类广告','127.0.0.1'),
('1638','1395168783','1','编辑广告: index_1_173','127.0.0.1'),
('1639','1395168829','1','编辑广告: index_1_197','127.0.0.1'),
('1640','1395168884','1','编辑广告: index_1_12','127.0.0.1'),
('1641','1395168900','1','删除广告位置: ','127.0.0.1'),
('1642','1395168928','1','编辑广告位置: 首页产品分类广告','127.0.0.1'),
('1643','1395168947','1','编辑广告: index_1_191','127.0.0.1'),
('1644','1395169000','1','编辑广告: index_1_197','127.0.0.1'),
('1645','1395169024','1','编辑广告: index_1_191','127.0.0.1'),
('1646','1395169039','1','添加广告: index_1_12','127.0.0.1'),
('1647','1395169109','1','添加广告: index_1_16','127.0.0.1'),
('1648','1395169128','1','添加广告: index_1_6','127.0.0.1'),
('1649','1395169158','1','添加广告: index_1_17','127.0.0.1'),
('1650','1395169178','1','添加广告: index_1_18','127.0.0.1'),
('1651','1395169205','1','添加广告: index_1_146','127.0.0.1'),
('1652','1395169224','1','添加广告: index_1_149','127.0.0.1'),
('1653','1395185896','1','编辑商店设置: ','127.0.0.1'),
('1654','1395186843','1','编辑商品: 肌研极润玻尿酸保湿沫面乳100g','127.0.0.1'),
('1655','1395186871','1','编辑商品:  理肤泉特安洁面乳200ml','127.0.0.1'),
('1656','1395186928','1','编辑商品: 彼得罗夫温和洁面泡沫200ml','127.0.0.1'),
('1657','1395186957','1','编辑商品: 兰芝多效四合一泡沫洗面奶180ml','127.0.0.1'),
('1658','1395186977','1','编辑商品: 泰国南多美芒果（空运）6枚装','127.0.0.1'),
('1659','1395187000','1','编辑商品: 泰国南多美芒果（空运）6枚装','127.0.0.1'),
('1660','1395187017','1','编辑商品: ZESPRI奇异果(普通金果)6个','127.0.0.1'),
('1661','1395187056','1','编辑商品: 肌研极润玻尿酸保湿沫面乳100g','127.0.0.1'),
('1662','1395187091','1','编辑商品: DHC橄榄滋养皂90g','127.0.0.1'),
('1663','1395187114','1','编辑商品: 兰芝多效四合一泡沫洗面奶180ml','127.0.0.1'),
('1664','1395187146','1','编辑商品: 婵真银杏天然泡沫洁面霜200g','127.0.0.1'),
('1665','1395187167','1','编辑商品: 和汉方月光面膜洁面皂（月光皂）','127.0.0.1'),
('1666','1395187190','1','编辑商品: 佰草集HERBORIST悦风舒润洁面','127.0.0.1'),
('1667','1395187202','1','编辑商品: 倩碧男士洁面乳（加强型）150ml','127.0.0.1'),
('1668','1395187213','1','编辑商品: 阿迪达斯男士征服沐浴露250ml','127.0.0.1'),
('1669','1395187226','1','编辑商品: 资生堂洗颜专科泡沫洁面乳120g','127.0.0.1'),
('1670','1395187682','1','编辑商店设置: ','127.0.0.1'),
('1671','1395187736','1','编辑商店设置: ','127.0.0.1'),
('1672','1395187767','1','编辑商店设置: ','127.0.0.1'),
('1673','1395187784','1','编辑商店设置: ','127.0.0.1'),
('1674','1395187800','1','编辑商店设置: ','127.0.0.1'),
('1675','1395192315','1','编辑广告: 商品列表页Banner广告六','127.0.0.1'),
('1676','1395192359','1','编辑广告: 商品列表页Banner广告一','127.0.0.1'),
('1677','1395192402','1','编辑广告: 商品列表页Banner广告六','127.0.0.1'),
('1678','1395192499','1','编辑广告: 商品列表页Banner广告一','127.0.0.1'),
('1679','1395192516','1','编辑广告: 商品列表页Banner广告一','127.0.0.1'),
('1680','1395337945','1','编辑商品: ZESPRI奇异果(普通金果)6个','127.0.0.1'),
('1681','1395355927','1','添加文章: 账户注册','127.0.0.1'),
('1682','1395355998','1','编辑文章: 账户注册','127.0.0.1'),
('1683','1395356049','1','编辑文章: 账户注册','127.0.0.1'),
('1684','1395356140','1','编辑文章: 账户注册','127.0.0.1'),
('1685','1395600280','1','编辑商品: ZESPRI奇异果(普通金果)6个','192.168.1.212'),
('1686','1395600317','1','编辑商品: ZESPRI奇异果(普通金果)6个','192.168.1.212'),
('1687','1395600352','1','编辑商品: ZESPRI奇异果(普通金果)6个','192.168.1.212'),
('1688','1395601856','1','编辑商品: 泰国南多美芒果（空运）6枚装','192.168.1.212'),
('1689','1395601875','1','编辑商品: 泰国南多美芒果（空运）6枚装','192.168.1.212'),
('1690','1395602301','1','编辑商品: 红霞草莓1组','192.168.1.212'),
('1691','1395602344','1','编辑商品: 红霞草莓1组','192.168.1.212'),
('1692','1395602375','1','编辑商品: 红霞草莓1组','192.168.1.212'),
('1693','1395602543','1','编辑商品: 新疆特级阿克苏苹果4.5KG','192.168.1.212'),
('1694','1395602572','1','编辑商品: 新疆特级阿克苏苹果4.5KG','192.168.1.212'),
('1695','1395602681','1','编辑商品: 原膳嫩鸭（樱桃谷鸭）','192.168.1.212'),
('1696','1395603386','1','编辑商品: 红霞草莓3盒装（约650g）','192.168.1.212'),
('1697','1395603396','1','编辑商品: 红霞草莓3盒装（约650g）','192.168.1.212'),
('1698','1395603514','1','编辑商品: 山东大樱桃/车厘子2斤美早樱桃','192.168.1.212'),
('1699','1395603524','1','编辑商品: 山东大樱桃/车厘子2斤美早樱桃','192.168.1.212'),
('1700','1395603606','1','编辑商品: 新鲜水果甜橙子 特级果 10斤装','192.168.1.212'),
('1701','1395603688','1','编辑商品: 特级香梨 1.5kg/盒 约12个','192.168.1.212'),
('1702','1395603751','1','编辑商品: 越南进口青芒青皮芒果 5斤装 果肉细腻','192.168.1.212'),
('1703','1395603822','1','编辑商品: 精装新疆阿克苏冰糖心苹果原箱 5.5kg ','192.168.1.212'),
('1704','1395603885','1','编辑商品: 智利进口车厘子樱桃1kg（2斤）装','192.168.1.212'),
('1705','1395603930','1','编辑商品: 墨西哥进口 牛油果 3个/盒 约400g','192.168.1.212'),
('1706','1395603989','1','编辑商品: 绿奇异果 30-36个/箱 单果重约95-105g','192.168.1.212'),
('1707','1395604036','1','编辑商品: 越南进口 火龙果 2枚盒 约700g','192.168.1.212'),
('1708','1395610687','1','编辑商品: 精品江西赣南橙10斤装 鲜橙 精选果','192.168.1.212'),
('1709','1395610749','1','编辑商品: 佳沛意大利金奇异果12个装 进口新鲜水果 猕猴桃','192.168.1.212'),
('1710','1395610798','1','编辑商品: 台湾新鲜水果黑金刚莲雾 3斤装','192.168.1.212'),
('1711','1395610859','1','编辑商品: 智利特级进口蓝莓125g*4盒','192.168.1.212'),
('1712','1395610974','1','回收商品: 泰国南多美芒果（空运）6枚装','192.168.1.212'),
('1713','1395611001','1','回收商品: ZESPRI奇异果(普通金果)6个','192.168.1.212'),
('1714','1395611002','1','回收商品: 台湾新鲜水果黑金刚莲雾 3斤装','192.168.1.212'),
('1715','1395611002','1','回收商品: 玫琳凯中性洗面乳绿2号','192.168.1.212'),
('1716','1395611003','1','回收商品: 新疆特级阿克苏苹果4.5KG','192.168.1.212'),
('1717','1395611004','1','回收商品: 曼秀雷敦洁清爽卸妆洁面泡200ml','192.168.1.212'),
('1718','1395611005','1','回收商品: 智利特级进口蓝莓125g*4盒','192.168.1.212'),
('1719','1395611005','1','回收商品: 红霞草莓3盒装（约650g）','192.168.1.212'),
('1720','1395611006','1','回收商品: 嘉娜宝玫瑰药用洗面奶150g','192.168.1.212'),
('1721','1395611007','1','回收商品: JUJU透明质酸保湿洗面膏120g','192.168.1.212'),
('1722','1395611007','1','回收商品: 佳沛意大利金奇异果12个装 进口新鲜水果 猕猴桃','192.168.1.212'),
('1723','1395611008','1','回收商品: 思亲肤绿茶泡沫洁面摩丝160ml','192.168.1.212'),
('1724','1395611009','1','回收商品: 越南进口青芒青皮芒果 5斤装 果肉细腻','192.168.1.212'),
('1725','1395611010','1','回收商品: 欧莱雅清润抗油洁面膏100ml','192.168.1.212'),
('1726','1395611011','1','回收商品: 原膳嫩鸭（樱桃谷鸭）','192.168.1.212'),
('1727','1395611012','1','回收商品: 特级香梨 1.5kg/盒 约12个','192.168.1.212'),
('1728','1395611013','1','回收商品: 精品江西赣南橙10斤装 鲜橙 精选果','192.168.1.212'),
('1729','1395611014','1','回收商品: 山东大樱桃/车厘子2斤美早樱桃','192.168.1.212'),
('1730','1395611015','1','回收商品: 英国AA网洋甘菊手工皂125g','192.168.1.212'),
('1731','1395611016','1','回收商品: 嘉娜宝芦荟泡沫洗面奶110g','192.168.1.212'),
('1732','1395611017','1','回收商品: 婵真银杏天然泡沫洁面霜200g','192.168.1.212'),
('1733','1395611017','1','回收商品: 植村秀绿茶舒润洁颜油150ml','192.168.1.212'),
('1734','1395611018','1','回收商品: 丝塔芙温和洁面乳237ml','192.168.1.212'),
('1735','1395611028','1','批量回收商品: ','192.168.1.212'),
('1736','1395611039','1','批量回收商品: ','192.168.1.212'),
('1737','1395611044','1','批量回收商品: ','192.168.1.212'),
('1738','1395611049','1','批量回收商品: ','192.168.1.212'),
('1739','1395611055','1','批量回收商品: ','192.168.1.212'),
('1740','1395611058','1','批量回收商品: ','192.168.1.212'),
('1741','1395611577','1','添加商品: 意大利奇异果(普通绿果)33个装','192.168.1.212'),
('1742','1395611599','1','编辑商品: 意大利奇异果(普通绿果)33个装','192.168.1.212'),
('1743','1395611641','1','编辑商品: 意大利奇异果(普通绿果)33个装','192.168.1.212'),
('1744','1395611692','1','编辑商品: 意大利奇异果(普通绿果)33个装','192.168.1.212'),
('1745','1395611808','1','编辑商品: 意大利奇异果(普通绿果)33个装','192.168.1.212'),
('1746','1395611926','1','编辑商品: 意大利奇异果(普通绿果)33个装','192.168.1.212'),
('1747','1395611974','1','编辑商品: 意大利奇异果(普通绿果)33个装','192.168.1.212'),
('1748','1395612080','1','添加商品: 意大利进口 ZESPRI/佳沛 绿奇异果 12个/盒 单果重约95-105g','192.168.1.212'),
('1749','1395612121','1','添加商品: 新疆库尔勒 特级香梨 1.5kg/盒 约12个','192.168.1.212'),
('1750','1395612174','1','编辑商品: 新疆库尔勒 特级香梨 1.5kg/盒 约12个','192.168.1.212'),
('1751','1395612184','1','编辑商品: 意大利进口 ZESPRI/佳沛 绿奇异果 12个/盒 单果重约95-105g','192.168.1.212'),
('1752','1395612195','1','编辑商品: 意大利奇异果(普通绿果)33个装','192.168.1.212'),
('1753','1395612277','1','添加商品: 章姬奶油草莓 650g/盒','192.168.1.212'),
('1754','1395612316','1','添加商品: 条装黄柠檬 4枚/条 约280g','192.168.1.212'),
('1755','1395612369','1','编辑商品: 条装黄柠檬 4枚/条 约280g','192.168.1.212'),
('1756','1395612429','1','添加商品: 江西赣南脐橙赣南橙10斤装','192.168.1.212'),
('1757','1395612468','1','添加商品: 芒果 越南进口青芒青皮芒果 5斤装','192.168.1.212'),
('1758','1395612501','1','添加商品: 新疆阿克苏冰糖心苹果整箱毛重4.3kg小果','192.168.1.212'),
('1759','1395612511','1','编辑商品: 新疆阿克苏冰糖心苹果整箱毛重4.3kg小果','192.168.1.212'),
('1760','1395612612','1','批量还原商品: ','192.168.1.212'),
('1761','1395612620','1','批量删除商品: ','192.168.1.212'),
('1762','1395612625','1','批量删除商品: ','192.168.1.212'),
('1763','1395612632','1','批量删除商品: ','192.168.1.212'),
('1764','1395612637','1','批量删除商品: ','192.168.1.212'),
('1765','1395612644','1','批量删除商品: ','192.168.1.212'),
('1766','1395612690','1','批量删除商品: ','192.168.1.212'),
('1767','1395612696','1','批量删除商品: ','192.168.1.212'),
('1768','1395612734','1','编辑商品: ZESPRI奇异果(普通金果)6个','192.168.1.212'),
('1769','1395612759','1','编辑商品: 泰国南多美芒果（空运）6枚装','192.168.1.212'),
('1770','1395612790','1','编辑商品: 新疆特级阿克苏苹果4.5KG','192.168.1.212'),
('1771','1395612809','1','编辑商品: 红霞草莓3盒装（约650g）','192.168.1.212'),
('1772','1395612928','1','添加商品: 新鲜水果 越南进口红心火龙果 红肉火龙果5斤装','192.168.1.212'),
('1773','1395612983','1','添加商品: 精装新疆阿克苏冰糖心苹果原箱 5.5kg ','192.168.1.212'),
('1774','1395613010','1','编辑商品: 精装新疆阿克苏冰糖心苹果原箱 5.5kg ','192.168.1.212'),
('1775','1395613070','1','添加商品: 新鲜水果进口智利车厘子樱桃礼盒装1kg','192.168.1.212'),
('1776','1395613150','1','添加商品: 新疆阿克苏冰糖心苹果重约6kg','192.168.1.212'),
('1777','1395613170','1','添加商品: 南非进口 西柚 6只/盒 约1.6kg','192.168.1.212'),
('1778','1395613191','1','添加商品: 智利进口车厘子樱桃1kg（2斤）装','192.168.1.212'),
('1779','1395613211','1','添加商品: 精品江西赣南橙10斤装','192.168.1.212'),
('1780','1395613246','1','添加商品: 秘鲁进口 精品红提 1包装 约1kg','192.168.1.212'),
('1781','1395613275','1','添加商品: 甘肃 特级高原富士苹果9个/袋 约2kg','192.168.1.212'),
('1782','1395613473','1','添加商品: 海名威 特级南美虾仁 400g/袋','192.168.1.212'),
('1783','1395613498','1','添加商品: 爱之鱼 野生虾仁 250g','192.168.1.212'),
('1784','1395613527','1','添加商品: 北极甜虾 200g/份 2-3人份 海鲜盛宴Ocean Gala','192.168.1.212'),
('1785','1395613545','1','添加商品: 海天下 舟山虾仁180g','192.168.1.212'),
('1786','1395613567','1','添加商品: 加拿大去头北极甜虾刺身 30个装 60g 新鲜味美','192.168.1.212'),
('1787','1395613856','1','添加商品: 特等乌拉圭精修牛腱肉','192.168.1.212'),
('1788','1395613875','1','添加商品: 特等澳洲谷饲精修牛腱芯','192.168.1.212'),
('1789','1395613892','1','添加商品: 特级新西兰带骨羊腿肉块300g','192.168.1.212'),
('1790','1395613906','1','添加商品: 特级新西兰羊腩肉卷（250g装）','192.168.1.212'),
('1791','1395613920','1','添加商品: 上等澳洲谷饲安格斯眼肉牛排','192.168.1.212'),
('1792','1395614552','1','编辑商品: 意大利奇异果(普通绿果)33个装','127.0.0.1'),
('1793','1395616192','1','编辑商品: 意大利奇异果(普通绿果)33个装','127.0.0.1'),
('1794','1395782639','1','编辑商品: 意大利奇异果(普通绿果)33个装','127.0.0.1'),
('1795','1395782771','1','编辑商品: 江西赣南脐橙赣南橙10斤装','127.0.0.1'),
('1796','1395783138','1','添加属性: 保温箱','127.0.0.1'),
('1797','1395783160','1','编辑商品: 上等澳洲谷饲安格斯眼肉牛排','127.0.0.1'),
('1798','1395783245','1','编辑商品: 上等澳洲谷饲安格斯眼肉牛排','127.0.0.1'),
('1799','1395783478','1','编辑会员账号: 小松','127.0.0.1'),
('1800','1395783748','1','编辑商品: 特等乌拉圭精修牛腱肉','127.0.0.1'),
('1801','1395783791','1','编辑商品: 特等乌拉圭精修牛腱肉','127.0.0.1'),
('1802','1395783992','1','编辑商品: 芒果 越南进口青芒青皮芒果 5斤装','127.0.0.1'),
('1803','1395784207','1','编辑商品: 新疆阿克苏冰糖心苹果整箱毛重4.3kg小果','192.168.1.221'),
('1804','1395785000','1','编辑商品: 新鲜水果进口智利车厘子樱桃礼盒装1kg','127.0.0.1'),
('1805','1395785069','1','编辑商品: 智利进口车厘子樱桃1kg（2斤）装','127.0.0.1'),
('1806','1395786189','1','编辑商品: 江西赣南脐橙赣南橙10斤装','127.0.0.1'),
('1807','1395787751','1','编辑用户评论: 回复','127.0.0.1'),
('1808','1395787845','1','删除广告: ','127.0.0.1'),
('1809','1395791241','1','编辑用户评论: 回复','192.168.1.221'),
('1810','1395791439','1','编辑用户评论: 回复','192.168.1.221'),
('1811','1395791443','1','编辑用户评论: 回复','192.168.1.221'),
('1812','1395791446','1','编辑用户评论: 回复','192.168.1.221'),
('1813','1395791525','1','编辑用户评论: 回复','192.168.1.221'),
('1814','1395791534','1','编辑用户评论: 回复','192.168.1.221'),
('1815','1395793825','1','编辑商品: 上等澳洲谷饲安格斯眼肉牛排','127.0.0.1'),
('1816','1396217243','1','编辑商店设置: ','127.0.0.1'),
('1817','1397689982','1','编辑商品: 上等澳洲谷饲安格斯眼肉牛排','127.0.0.1'),
('1818','1397689997','1','编辑商品: 上等澳洲谷饲安格斯眼肉牛排','127.0.0.1'),
('1819','1397695771','1','编辑商品: 意大利进口 ZESPRI/佳沛 绿奇异果 12个/盒 单果重约95-105g','127.0.0.1'),
('1820','1397695869','1','编辑商品: 新鲜水果 越南进口红心火龙果 红肉火龙果5斤装','127.0.0.1'),
('1821','1397695924','1','编辑商品: 新鲜水果进口智利车厘子樱桃礼盒装1kg','127.0.0.1'),
('1822','1397695938','1','编辑商品: 加拿大去头北极甜虾刺身 30个装 60g 新鲜味美','127.0.0.1'),
('1823','1397696071','1','编辑商店设置: ','127.0.0.1'),
('1824','1397696090','1','编辑商店设置: ','127.0.0.1'),
('1825','1397696124','1','编辑商店设置: ','127.0.0.1'),
('1826','1397696346','1','添加广告位置: inbanad_1','127.0.0.1'),
('1827','1397696360','1','添加广告位置: inbanad_2','127.0.0.1'),
('1828','1397696371','1','添加广告位置: inbanad_3','127.0.0.1'),
('1829','1397696381','1','添加广告位置: inbanad_4','127.0.0.1'),
('1830','1397696390','1','添加广告位置: inbanad_5','127.0.0.1'),
('1831','1397696458','1','添加广告: inbanad_1_1','127.0.0.1'),
('1832','1397696472','1','添加广告: inbanad_1_2','127.0.0.1'),
('1833','1397696487','1','添加广告: inbanad_1_3','127.0.0.1'),
('1834','1397696506','1','添加广告: inbanad_2_1','127.0.0.1'),
('1835','1397696523','1','添加广告: inbanad_2_2','127.0.0.1'),
('1836','1397696535','1','添加广告: inbanad_2_3','127.0.0.1'),
('1837','1397696549','1','添加广告: inbanad_3_1','127.0.0.1'),
('1838','1397696561','1','添加广告: inbanad_3_2','127.0.0.1'),
('1839','1397696573','1','添加广告: inbanad_3_3','127.0.0.1'),
('1840','1397696585','1','添加广告: inbanad_4_1','127.0.0.1'),
('1841','1397696599','1','添加广告: inbanad_4_2','127.0.0.1'),
('1842','1397696617','1','添加广告: inbanad_4_3','127.0.0.1'),
('1843','1397696633','1','添加广告: inbanad_5_1','127.0.0.1'),
('1844','1397696646','1','添加广告: inbanad_5_2','127.0.0.1'),
('1845','1397696662','1','添加广告: inbanad_5_3','127.0.0.1'),
('1846','1397696683','1','编辑广告: inbanad_1_2','127.0.0.1'),
('1847','1397784532','1','编辑广告位置: 首页Banner底部区域四个广告','127.0.0.1'),
('1848','1397784540','1','编辑商店设置: ','127.0.0.1'),
('1849','1397784549','1','编辑商店设置: ','127.0.0.1'),
('1850','1397785721','1','删除广告: ','127.0.0.1'),
('1851','1397785728','1','删除广告: ','127.0.0.1'),
('1852','1397785729','1','删除广告: ','127.0.0.1'),
('1853','1397785730','1','删除广告: ','127.0.0.1'),
('1854','1397785731','1','删除广告: ','127.0.0.1'),
('1855','1397785732','1','删除广告: ','127.0.0.1'),
('1856','1397785744','1','删除广告: ','127.0.0.1'),
('1857','1397785753','1','编辑广告位置: 首页Banner底部区域四个广告','127.0.0.1'),
('1858','1397785767','1','删除广告位置: ','127.0.0.1'),
('1859','1397785814','1','添加广告位置: 首页新闻底部广告位','127.0.0.1'),
('1860','1397785837','1','添加广告: 首页新闻底部广告','127.0.0.1'),
('1861','1398028222','1','编辑广告: inbanad_2_1','127.0.0.1'),
('1862','1398028223','1','编辑广告: inbanad_1_2','127.0.0.1'),
('1863','1398028266','1','添加广告: inbanad_1_1','127.0.0.1'),
('1864','1398028304','1','编辑商品: 意大利进口 ZESPRI/佳沛 绿奇异果 12个/盒 单果重约95-105g','127.0.0.1'),
('1865','1398028317','1','编辑商品: 新鲜水果 越南进口红心火龙果 红肉火龙果5斤装','127.0.0.1'),
('1866','1398028324','1','编辑商品: 新鲜水果进口智利车厘子樱桃礼盒装1kg','127.0.0.1'),
('1867','1398028351','1','编辑商品: 台湾新鲜水果黑金刚莲雾 3斤装','127.0.0.1'),
('1868','1398028367','1','编辑商品: 加拿大去头北极甜虾刺身 30个装 60g 新鲜味美','127.0.0.1'),
('1869','1398031590','1','编辑前台语言项: ','127.0.0.1'),
('1870','1398032761','1','编辑商店设置: ','127.0.0.1'),
('1871','1398032782','1','编辑商店设置: ','127.0.0.1'),
('1872','1398032816','1','编辑商品: 江西赣南脐橙赣南橙10斤装江西赣南脐橙赣南橙10斤装江西赣南脐橙赣南橙10斤装','127.0.0.1'),
('1873','1398032843','1','编辑商品: 江西赣南脐橙赣南橙10斤装','127.0.0.1'),
('1874','1398032851','1','编辑商品: 芒果 越南进口青芒青皮芒果 5斤装芒果 越南进口青芒青皮芒果 5斤装芒果 越南进口青芒青皮芒果 5斤装','127.0.0.1'),
('1875','1398033718','1','编辑团购商品: 台湾新鲜水果黑金刚莲雾 3斤装[21]','127.0.0.1'),
('1876','1398034928','1','添加团购商品: 芒果 越南进口青芒青皮芒果 5斤装芒果 越南进口青芒青皮芒果 5斤装芒果 越南进口青芒青皮芒果 5斤装','127.0.0.1'),
('1877','1398035510','1','编辑广告: 推荐美食一','127.0.0.1'),
('1878','1398035539','1','删除广告: ','127.0.0.1'),
('1879','1398035548','1','删除广告: ','127.0.0.1'),
('1880','1398035560','1','删除广告: ','127.0.0.1'),
('1881','1398035563','1','删除广告: ','127.0.0.1'),
('1882','1398035588','1','删除广告位置: ','127.0.0.1'),
('1883','1398035592','1','删除广告位置: ','127.0.0.1'),
('1884','1398035594','1','删除广告位置: ','127.0.0.1'),
('1885','1398035596','1','删除广告位置: ','127.0.0.1'),
('1886','1398106266','1','编辑前台语言项: ','127.0.0.1'),
('1887','1398131485','1','编辑文章分类: 新手入门','127.0.0.1'),
('1888','1398131662','1','删除文章: 账户注册','127.0.0.1'),
('1889','1398131663','1','删除文章: 隐私声明','127.0.0.1'),
('1890','1398131664','1','删除文章: 订购方式','127.0.0.1'),
('1891','1398131665','1','删除文章: 购物流程','127.0.0.1'),
('1892','1398131665','1','删除文章: 售后流程','127.0.0.1'),
('1893','1398131670','1','删除文章: 支付方式说明','127.0.0.1'),
('1894','1398131671','1','删除文章: 配送支付智能查询 ','127.0.0.1'),
('1895','1398131672','1','删除文章: 货到付款区域','127.0.0.1'),
('1896','1398131676','1','删除文章: 产品质量保证 ','127.0.0.1'),
('1897','1398131676','1','删除文章: 售后服务保证 ','127.0.0.1'),
('1898','1398131677','1','删除文章: 退换货原则','127.0.0.1'),
('1899','1398131681','1','删除文章: 投诉与建议 ','127.0.0.1'),
('1900','1398131681','1','删除文章: 选机咨询 ','127.0.0.1'),
('1901','1398131682','1','删除文章: 网站故障报告','127.0.0.1'),
('1902','1398131686','1','删除文章: 我的订单','127.0.0.1'),
('1903','1398131687','1','删除文章: 我的收藏','127.0.0.1'),
('1904','1398131688','1','删除文章: 资金管理','127.0.0.1'),
('1905','1398131715','1','编辑文章分类: 常见问题','127.0.0.1'),
('1906','1398131726','1','编辑文章分类: 购物指南','127.0.0.1'),
('1907','1398131734','1','编辑文章分类: 支付方式','127.0.0.1'),
('1908','1398131742','1','编辑文章分类: 物流配送','127.0.0.1'),
('1909','1398131758','1','添加文章分类: 售后服务','127.0.0.1'),
('1910','1398131768','1','添加文章分类: 关于囍网商城','127.0.0.1'),
('1911','1398131828','1','添加文章: 新用户注册','127.0.0.1'),
('1912','1398131836','1','添加文章: 用户登录','127.0.0.1'),
('1913','1398131842','1','添加文章: 找回密码','127.0.0.1'),
('1914','1398187670','1','添加文章: 沟通联系','127.0.0.1'),
('1915','1398187684','1','添加文章: 售前相关','127.0.0.1'),
('1916','1398187691','1','添加文章: 交易相关','127.0.0.1'),
('1917','1398187711','1','添加文章: 物流相关','127.0.0.1'),
('1918','1398187718','1','添加文章: 售后相关','127.0.0.1'),
('1919','1398187726','1','添加文章: 怎样购物','127.0.0.1'),
('1920','1398187734','1','添加文章: 积分介绍','127.0.0.1'),
('1921','1398187741','1','添加文章: 会员介绍','127.0.0.1'),
('1922','1398187749','1','添加文章: 评论规则','127.0.0.1'),
('1923','1398187757','1','添加文章: 优惠券','127.0.0.1'),
('1924','1398187767','1','添加文章: 在线支付','127.0.0.1'),
('1925','1398187775','1','添加文章: 邮政汇款','127.0.0.1'),
('1926','1398187785','1','添加文章: 银行汇款','127.0.0.1'),
('1927','1398187800','1','添加文章: 普通快递','127.0.0.1'),
('1928','1398187807','1','添加文章: 囍网速达','127.0.0.1'),
('1929','1398187814','1','添加文章: 上门自提','127.0.0.1'),
('1930','1398187819','1','添加文章: 退换货说明','127.0.0.1'),
('1931','1398187826','1','添加文章: 服务时效承诺','127.0.0.1'),
('1932','1398187833','1','添加文章: 联系客服','127.0.0.1'),
('1933','1398187840','1','添加文章: 条款承诺','127.0.0.1'),
('1934','1398187846','1','添加文章: 用户条款','127.0.0.1'),
('1935','1398187853','1','添加文章: 商家入驻','127.0.0.1'),
('1936','1398195340','1','添加广告位置: 首页商品评论右侧广告位','127.0.0.1'),
('1937','1398195517','1','添加广告: 首页商品评论右侧广告','127.0.0.1'),
('1938','1398386707','1','编辑商品分类: 水果','127.0.0.1'),
('1939','1398386732','1','编辑商品分类: 水果','127.0.0.1'),
('1940','1398386752','1','编辑商品分类: 进口水果','127.0.0.1'),
('1941','1398386801','1','编辑属性: 发货地','127.0.0.1'),
('1942','1398386883','1','编辑商品: 甘肃 特级高原富士苹果9个/袋 约2kg','127.0.0.1'),
('1943','1398386930','1','编辑商品分类: 水果','127.0.0.1'),
('1944','1398386938','1','编辑商品分类: 水果','127.0.0.1'),
('1945','1398388320','1','编辑商品分类: 进口水果','127.0.0.1'),
('1946','1398388327','1','编辑商品分类: 水果','127.0.0.1'),
('1947','1398388354','1','编辑商品分类: 水果','127.0.0.1'),
('1948','1398388915','1','编辑商品分类: 水果','127.0.0.1'),
('1949','1398620061','1','编辑商品: 台湾新鲜水果黑金刚莲雾 3斤装','127.0.0.1'),
('1950','1398621366','1','编辑商品类型: 婚纱摄影','127.0.0.1'),
('1951','1398621437','1','添加属性: 拍摄风格','127.0.0.1'),
('1952','1398621465','1','添加属性: 提供服装数','127.0.0.1'),
('1953','1398621514','1','添加属性: 服务形式','127.0.0.1'),
('1954','1398621556','1','添加属性: 拍摄场景','127.0.0.1'),
('1955','1398621580','1','添加属性: 价格范围','127.0.0.1'),
('1956','1398622162','1','添加商品分类: 婚纱影楼','127.0.0.1'),
('1957','1398622283','1','添加商品分类: 婚纱影楼','127.0.0.1'),
('1958','1398622567','1','添加商品分类: 拍摄风格','127.0.0.1'),
('1959','1398622693','1','编辑商品分类: 婚纱摄影','127.0.0.1'),
('1960','1398622760','1','添加商品分类: 价格区间','127.0.0.1'),
('1961','1398622777','1','编辑商品分类: 价格区间','127.0.0.1'),
('1962','1398622808','1','添加商品分类: 提供服装数','127.0.0.1'),
('1963','1398622907','1','添加商品分类: 自然','127.0.0.1'),
('1964','1398622976','1','添加商品分类: 小清新','127.0.0.1'),
('1965','1398622988','1','编辑商品分类: 拍摄风格','127.0.0.1'),
('1966','1398623002','1','编辑商品分类: 自然','127.0.0.1'),
('1967','1398623024','1','编辑商品分类: 婚纱摄影','127.0.0.1'),
('1968','1398623071','1','编辑商品分类: 拍摄风格','127.0.0.1'),
('1969','1398623120','1','添加商品分类: 时尚','127.0.0.1'),
('1970','1398623137','1','添加商品分类: 简约','127.0.0.1'),
('1971','1398623149','1','编辑商品分类: 小清新','127.0.0.1'),
('1972','1398623206','1','编辑商品分类: 简约','127.0.0.1'),
('1973','1398623233','1','添加商品分类: 个性','127.0.0.1'),
('1974','1398623260','1','添加商品分类: 海景','127.0.0.1'),
('1975','1398623289','1','添加商品分类: 韩式','127.0.0.1'),
('1976','1398623302','1','添加商品分类: 复古','127.0.0.1'),
('1977','1398623332','1','添加商品分类: 欧式','127.0.0.1'),
('1978','1398623341','1','添加商品分类: 故事','127.0.0.1'),
('1979','1398623350','1','添加商品分类: 宫廷','127.0.0.1'),
('1980','1398626761','1','添加商品分类: 婚纱影楼','127.0.0.1'),
('1981','1398626789','1','添加商品分类: 摄影工作室','127.0.0.1'),
('1982','1398626904','1','添加商品分类: 0-3000','127.0.0.1'),
('1983','1398626927','1','添加商品分类: 3001-5000','127.0.0.1'),
('1984','1398626951','1','添加商品分类: 不提供服装','127.0.0.1'),
('1985','1398626970','1','添加商品分类: 1-3套','127.0.0.1'),
('1986','1398627197','1','添加属性: 网上支付','127.0.0.1'),
('1987','1398627224','1','添加属性: 拍摄地（市/景','127.0.0.1'),
('1988','1398627238','1','添加属性: 拍摄地（省/地','127.0.0.1'),
('1989','1398627842','1','添加商品: 洛可可婚纱摄影 南海深情：8999元套系 活动价：:4999元','127.0.0.1'),
('1990','1398628463','1','编辑商品: 洛可可婚纱摄影 南海深情：8999元套系 活动价：:4999元','127.0.0.1'),
('1991','1398629185','1','编辑商品: 洛可可婚纱摄影 南海深情：8999元套系 活动价：:4999元','127.0.0.1'),
('1992','1398641718','1','编辑商品: 洛可可婚纱摄影 南海深情：8999元套系 活动价：:4999元','127.0.0.1'),
('1993','1398708945','1','编辑商品分类: 进口水果','127.0.0.1'),
('1994','1398709002','1','编辑商品分类: 进口水果','127.0.0.1'),
('1995','1398709027','1','编辑商品分类: 婚纱影楼','127.0.0.1'),
('1996','1398709564','1','编辑商品: 洛可可婚纱摄影 南海深情：8999元套系 活动价：:4999元','127.0.0.1'),
('1997','1398732798','1','添加属性: 服装种类','127.0.0.1'),
('1998','1398732815','1','编辑商品: 洛可可婚纱摄影 南海深情：8999元套系 活动价：:4999元','127.0.0.1'),
('1999','1398797167','1','编辑商品: 洛可可婚纱摄影 南海深情：8999元套系 活动价：:4999元','127.0.0.1'),
('2000','1399315850','1','编辑商店设置: ','127.0.0.1'),
('2001','1399329591','1','编辑商品: 洛可可婚纱摄影 南海深情：8999元套系 活动价：:4999元','127.0.0.1'),
('2002','1399329717','1','编辑商品: 洛可可婚纱摄影 南海深情：8999元套系 活动价：:4999元','127.0.0.1'),
('2003','1399329736','1','编辑商品: 洛可可婚纱摄影 南海深情：8999元套系 活动价：:4999元','127.0.0.1'),
('2004','1399329863','1','编辑商品: 洛可可婚纱摄影 南海深情：8999元套系 活动价：:4999元','127.0.0.1'),
('2005','1399403932','1','编辑操作日志: ','127.0.0.1'),
('2006','1399411704','1','编辑用户评论: 回复','127.0.0.1'),
('2007','1399415064','1','编辑商店设置: ','127.0.0.1'),
('2008','1399416050','1','编辑前台语言项: ','127.0.0.1'),
('2009','1399416739','1','编辑前台语言项: ','127.0.0.1'),
('2010','1399499689','1','编辑商品: 洛可可婚纱摄影 南海深情：8999元套系 活动价：:4999元','127.0.0.1'),
('2011','1399569753','1','编辑商品: 洛可可婚纱摄影 南海深情：8999元套系 活动价：:4999元','127.0.0.1'),
('2012','1399574786','1','添加广告位置: 登录页左侧广告位','127.0.0.1'),
('2013','1399574845','1','添加广告: 登录页左侧广告','127.0.0.1'),
('2014','1399574938','1','编辑广告: 登录页左侧广告','127.0.0.1'),
('2015','1399574958','1','编辑广告: 登录页左侧广告','127.0.0.1'),
('2016','1399574983','1','编辑广告: 登录页左侧广告','127.0.0.1'),
('2017','1399589122','1','编辑广告: 登录页左侧广告','127.0.0.1'),
('2018','1399589136','1','编辑广告: 登录页左侧广告','127.0.0.1'),
('2019','1399589203','1','编辑广告: 登录页左侧广告','127.0.0.1'),
('2020','1399598480','1','删除商品包装: 精品包装','127.0.0.1'),
('2021','1399598483','1','删除商品贺卡: 祝福贺卡','127.0.0.1'),
('2022','1399836533','1','删除团购商品: 芒果 越南进口青芒青皮芒果 5斤装芒果 越南进口青芒青皮芒果 5斤装芒果 越南进口青芒青皮芒果 5斤装[22]','127.0.0.1'),
('2023','1399836534','1','删除团购商品: 台湾新鲜水果黑金刚莲雾 3斤装[21]','127.0.0.1'),
('2024','1399837562','1','添加团购商品: 洛可可婚纱摄影 南海深情：8999元套系 活动价：:4999元','127.0.0.1'),
('2025','1399837891','1','添加团购商品: 芒果 越南进口青芒青皮芒果 5斤装芒果 越南进口青芒青皮芒果 5斤装芒果 越南进口青芒青皮芒果 5斤装','127.0.0.1'),
('2026','1399840993','1','添加团购商品: 新鲜水果进口智利车厘子樱桃礼盒装1kg','127.0.0.1'),
('2027','1399841014','1','添加团购商品: 南非进口 西柚 6只/盒 约1.6kg','127.0.0.1'),
('2028','1399841063','1','添加团购商品: 北极甜虾 200g/份 2-3人份 海鲜盛宴Ocean Gala','127.0.0.1'),
('2029','1399856314','1','编辑团购商品: 北极甜虾 200g/份 2-3人份 海鲜盛宴Ocean Gala[27]','127.0.0.1'),
('2030','1399856326','1','编辑团购商品: 北极甜虾 200g/份 2-3人份 海鲜盛宴Ocean Gala[27]','127.0.0.1'),
('2031','1399856402','1','编辑团购商品: 洛可可婚纱摄影 南海深情：8999元套系 活动价：:4999元[23]','127.0.0.1'),
('2032','1399856415','1','编辑团购商品: 洛可可婚纱摄影 南海深情：8999元套系 活动价：:4999元[23]','127.0.0.1'),
('2033','1399916523','1','编辑团购商品: 洛可可婚纱摄影 南海深情：8999元套系 活动价：:4999元[23]','127.0.0.1'),
('2034','1399916914','1','编辑前台语言项: ','127.0.0.1'),
('2035','1399916942','1','编辑前台语言项: ','127.0.0.1'),
('2036','1399916997','1','编辑商品: 洛可可婚纱摄影 南海深情：8999元套系 活动价：:4999元','127.0.0.1'),
('2037','1399917037','1','编辑商品: 洛可可婚纱摄影 南海深情：8999元套系 活动价：:4999元','127.0.0.1'),
('2038','1399917056','1','编辑商品: 洛可可婚纱摄影 南海深情：8999元套系 活动价：:4999元','127.0.0.1'),
('2039','1399917823','1','删除团购商品: 洛可可婚纱摄影 南海深情：8999元套系 活动价：:4999元[23]','127.0.0.1'),
('2040','1399917869','1','添加团购商品: 洛可可婚纱摄影 南海深情：8999元套系 活动价：:4999元','127.0.0.1'),
('2041','1399918170','1','编辑属性: 拍摄地（市/景）','127.0.0.1'),
('2042','1399918171','1','编辑属性: 拍摄地（省/地）','127.0.0.1'),
('2043','1399919541','1','编辑属性: 拍摄地（市/景）','127.0.0.1'),
('2044','1399919581','1','编辑商品: 洛可可婚纱摄影 南海深情：8999元套系 活动价：:4999元','127.0.0.1'),
('2045','1399919616','1','编辑商品: 洛可可婚纱摄影 南海深情：8999元套系 活动价：:4999元','127.0.0.1'),
('2046','1399919636','1','编辑商品: 洛可可婚纱摄影 南海深情：8999元套系 活动价：:4999元','127.0.0.1'),
('2047','1399919648','1','编辑商品: 洛可可婚纱摄影 南海深情：8999元套系 活动价：:4999元','127.0.0.1'),
('2048','1399920148','1','编辑商品: 洛可可婚纱摄影 南海深情：8999元套系 活动价：:4999元','127.0.0.1'),
('2049','1399920188','1','编辑商品: 洛可可婚纱摄影 南海深情：8999元套系 活动价：:4999元','127.0.0.1'),
('2050','1399920271','1','编辑商品: 洛可可婚纱摄影 南海深情：8999元套系 活动价：:4999元','127.0.0.1'),
('2051','1399920625','1','删除团购商品: 北极甜虾 200g/份 2-3人份 海鲜盛宴Ocean Gala[27]','127.0.0.1'),
('2052','1399935887','1','删除文章: 19','127.0.0.1'),
('2053','1399935888','1','删除文章: 24','127.0.0.1'),
('2054','1399935909','1','添加积分可兑换的商品: 153','127.0.0.1'),
('2055','1399935917','1','添加积分可兑换的商品: 125','127.0.0.1'),
('2056','1399935927','1','添加积分可兑换的商品: 140','127.0.0.1'),
('2057','1399935935','1','添加积分可兑换的商品: 132','127.0.0.1'),
('2058','1399935944','1','添加积分可兑换的商品: 126','127.0.0.1'),
('2059','1399935951','1','添加积分可兑换的商品: 136','127.0.0.1'),
('2060','1399935959','1','添加积分可兑换的商品: 131','127.0.0.1'),
('2061','1399936182','1','编辑广告: 商品列表页Banner广告六','127.0.0.1'),
('2062','1399938350','1','编辑广告: 商品列表页Banner广告五','127.0.0.1'),
('2063','1399938369','1','编辑广告: 商品列表页Banner广告四','127.0.0.1'),
('2064','1399940302','1','编辑广告位置: 积分商品表页Banner广告位六','127.0.0.1'),
('2065','1399940306','1','编辑广告位置: 积分商品列表页Banner广告位五','127.0.0.1'),
('2066','1399940308','1','编辑广告位置: 积分商品列表页Banner广告位四','127.0.0.1'),
('2067','1399940310','1','编辑广告位置: 积分商品列表页Banner广告位三','127.0.0.1'),
('2068','1399940312','1','编辑广告位置: 积分商品列表页Banner广告位二','127.0.0.1'),
('2069','1399940313','1','编辑广告位置: 积分商品列表页Banner广告位一','127.0.0.1'),
('2070','1399940319','1','编辑广告: 积分商品列表页Banner广告六','127.0.0.1'),
('2071','1399940329','1','编辑广告: 积分商品列表页Banner广告四','127.0.0.1'),
('2072','1399940330','1','编辑广告: 积分商品列表页Banner广告五','127.0.0.1'),
('2073','1399940331','1','编辑广告: 积分商品列表页Banner广告二','127.0.0.1'),
('2074','1399940333','1','编辑广告: 积分商品列表页Banner广告三','127.0.0.1'),
('2075','1399940334','1','编辑广告: 积分商品列表页Banner广告一','127.0.0.1'),
('2076','1399940342','1','编辑广告: 积分商品列表页Banner广告一','127.0.0.1'),
('2077','1399940351','1','编辑广告: 积分商品列表页Banner广告二','127.0.0.1'),
('2078','1399940358','1','编辑广告: 积分商品列表页Banner广告三','127.0.0.1'),
('2079','1399940365','1','编辑广告: 积分商品列表页Banner广告四','127.0.0.1'),
('2080','1399940373','1','编辑广告: 积分商品列表页Banner广告五','127.0.0.1'),
('2081','1400017535','1','编辑商店设置: ','127.0.0.1'),
('2082','1400017606','1','编辑商店设置: ','127.0.0.1'),
('2083','1400017690','1','编辑商店设置: ','127.0.0.1'),
('2084','1400030689','1','编辑广告位置: ad_user_register01','127.0.0.1'),
('2085','1400030702','1','删除广告: ','127.0.0.1'),
('2086','1400030704','1','删除广告: ','127.0.0.1'),
('2087','1400030709','1','删除广告位置: ','127.0.0.1'),
('2088','1400030711','1','删除广告位置: ','127.0.0.1'),
('2089','1400090741','1','编辑前台语言项: ','127.0.0.1'),
('2090','1400104674','1','编辑商店设置: ','127.0.0.1'),
('2091','1400104736','1','编辑商店设置: ','127.0.0.1'),
('2092','1400110057','1','编辑文章: 用户登录','127.0.0.1'),
('2093','1400112872','1','编辑商店设置: ','127.0.0.1'),
('2094','1400114325','1','编辑商店设置: ','127.0.0.1'),
('2095','1400116013','1','编辑商品: 洛可可婚纱摄影 南海深情：8999元套系 活动价：:4999元','127.0.0.1'),
('2096','1400118138','1','添加广告位置: abc_1_1','127.0.0.1'),
('2097','1400118174','1','添加广告: abc_1_1','127.0.0.1'),
('2098','1400118612','1','编辑广告位置: indexproad_1_1','127.0.0.1'),
('2099','1400118617','1','编辑广告位置: indexproad_1_1','127.0.0.1'),
('2100','1400118620','1','编辑广告: indexproad_1_1','127.0.0.1'),
('2101','1400118674','1','编辑广告: indexproad_1_1','127.0.0.1'),
('2102','1400119147','1','添加广告位置: indexproad_2_1','127.0.0.1'),
('2103','1400119162','1','添加广告位置: indexproad_3_1','127.0.0.1'),
('2104','1400119208','1','添加广告: indexproad_2_1','127.0.0.1'),
('2105','1400119222','1','添加广告: indexproad_3_1','127.0.0.1'),
('2106','1400174779','1','编辑广告位置: indexproad_1_1','127.0.0.1'),
('2107','1400174804','1','编辑广告位置: indexproad_1_1','127.0.0.1'),
('2108','1400175691','1','编辑广告位置: indexproad_2_1','127.0.0.1'),
('2109','1400175701','1','编辑广告位置: indexproad_3_1','127.0.0.1'),
('2110','1400187619','1','添加文章分类: 婚庆资讯','127.0.0.1'),
('2111','1400187773','1','添加文章: 跟着囍网看美剧 看看美','127.0.0.1'),
('2112','1400187782','1','添加文章: 装扮自己的同时 不要忘','127.0.0.1'),
('2113','1400187792','1','添加文章: 色彩缤纷的彩色宝石戒指','127.0.0.1'),
('2114','1400187801','1','添加文章: 新人们的缩影 天使般的精','127.0.0.1'),
('2115','1400187808','1','添加文章: 囍网教你轻松搞定小肚子','127.0.0.1'),
('2116','1400187816','1','添加文章: 呵护胸部健康很重要 囍','127.0.0.1'),
('2117','1400187825','1','添加文章: 融入大自然 波西米亚风户','127.0.0.1'),
('2118','1400187832','1','添加文章: 婚戒的由来','127.0.0.1'),
('2119','1400188284','1','编辑文章: 关于翔视觉婚纱摄影 囍网','127.0.0.1'),
('2120','1400188292','1','编辑文章: 囍网商城公告','127.0.0.1'),
('2121','1400188305','1','添加文章: 华之韵568元套系 在囍','127.0.0.1'),
('2122','1400188316','1','添加文章: 囍网商城上线公告','127.0.0.1'),
('2123','1400188326','1','添加文章: 囍网商城抽奖活动','127.0.0.1'),
('2124','1400188336','1','添加文章: 囍网商城诚邀各市运营商','127.0.0.1'),
('2125','1400188345','1','添加文章: 囍网商城0元购活动','127.0.0.1'),
('2126','1400188352','1','添加文章: 关于囍网资讯频道','127.0.0.1'),
('2127','1400199162','1','删除商品分类: 自然','127.0.0.1'),
('2128','1400199163','1','删除商品分类: 摄影工作室','127.0.0.1'),
('2129','1400199166','1','删除商品分类: 小清新','127.0.0.1'),
('2130','1400199167','1','删除商品分类: 时尚','127.0.0.1'),
('2131','1400199168','1','删除商品分类: 简约','127.0.0.1'),
('2132','1400199168','1','删除商品分类: 个性','127.0.0.1'),
('2133','1400199169','1','删除商品分类: 海景','127.0.0.1'),
('2134','1400199170','1','删除商品分类: 韩式','127.0.0.1'),
('2135','1400199171','1','删除商品分类: 复古','127.0.0.1'),
('2136','1400199171','1','删除商品分类: 欧式','127.0.0.1'),
('2137','1400199172','1','删除商品分类: 故事','127.0.0.1'),
('2138','1400199173','1','删除商品分类: 宫廷','127.0.0.1'),
('2139','1400199175','1','删除商品分类: 拍摄风格','127.0.0.1'),
('2140','1400199176','1','删除商品分类: 0-3000','127.0.0.1'),
('2141','1400199178','1','删除商品分类: 3001-5000','127.0.0.1'),
('2142','1400199179','1','删除商品分类: 价格区间','127.0.0.1'),
('2143','1400199181','1','删除商品分类: 1-3套','127.0.0.1'),
('2144','1400199183','1','删除商品分类: 不提供服装','127.0.0.1'),
('2145','1400199185','1','删除商品分类: 提供服装数','127.0.0.1'),
('2146','1400199197','1','编辑商品分类: 婚纱套系','127.0.0.1'),
('2147','1400199211','1','编辑商品分类: 拍遍春天','127.0.0.1'),
('2148','1400199248','1','添加商品分类: 三亚青岛双城记','127.0.0.1'),
('2149','1400199259','1','添加商品分类: 中国风碰撞欧美','127.0.0.1'),
('2150','1400199993','1','添加商品分类: 写真套系','127.0.0.1'),
('2151','1400200012','1','添加商品分类: 孕妇照套系','127.0.0.1'),
('2152','1400200024','1','添加商品分类: 全家福套系','127.0.0.1'),
('2153','1400200081','1','编辑商品分类: 写真套系','127.0.0.1'),
('2154','1400200148','1','添加商品分类: 写真','127.0.0.1'),
('2155','1400200157','1','添加商品分类: 孕妇照','127.0.0.1'),
('2156','1400200167','1','添加商品分类: 全家福','127.0.0.1'),
('2157','1400200182','1','添加商品分类: 艺术照','127.0.0.1'),
('2158','1400200210','1','编辑商品分类: 写真照','127.0.0.1'),
('2159','1400200368','1','添加品牌管理: 乐玛摄影','127.0.0.1'),
('2160','1400200371','1','添加品牌管理: 爱度','127.0.0.1'),
('2161','1400200375','1','添加品牌管理: 爱诺婚纱','127.0.0.1'),
('2162','1400200379','1','添加品牌管理: 妃妮克斯','127.0.0.1'),
('2163','1400200382','1','添加品牌管理: 华之韵','127.0.0.1'),
('2164','1400200385','1','添加品牌管理: 演绎国际','127.0.0.1'),
('2165','1400200389','1','添加品牌管理: 梦依莎','127.0.0.1'),
('2166','1400200393','1','添加品牌管理: 蒙娜丽莎','127.0.0.1'),
('2167','1400200396','1','添加品牌管理: Z视觉','127.0.0.1'),
('2168','1400200400','1','添加品牌管理: 麦视觉','127.0.0.1'),
('2169','1400200404','1','添加品牌管理: 华纳摄影','127.0.0.1'),
('2170','1400200408','1','添加品牌管理: 麦田','127.0.0.1'),
('2171','1400200561','1','编辑商品: 洛可可婚纱摄影 南海深情：8999元套系 活动价：:4999元','127.0.0.1'),
('2172','1400200925','1','批量回收商品: ','127.0.0.1'),
('2173','1400200937','1','批量回收商品: ','127.0.0.1'),
('2174','1400200943','1','批量回收商品: ','127.0.0.1'),
('2175','1400200992','1','删除商品分类: 原膳礼盒','127.0.0.1'),
('2176','1400200993','1','删除商品分类: 甜点提货券','127.0.0.1'),
('2177','1400200993','1','删除商品分类: 礼卡礼券','127.0.0.1'),
('2178','1400200994','1','删除商品分类: ','127.0.0.1'),
('2179','1400200994','1','删除商品分类: 礼品礼盒','127.0.0.1'),
('2180','1400200994','1','删除商品分类: 礼品礼券','127.0.0.1'),
('2181','1400200995','1','删除商品分类: 礼品礼券','127.0.0.1'),
('2182','1400200995','1','删除商品分类: 蛋糕附件','127.0.0.1'),
('2183','1400200996','1','删除商品分类: 送给恋人','127.0.0.1'),
('2184','1400200996','1','删除商品分类: 水果蛋糕','127.0.0.1'),
('2185','1400200997','1','删除商品分类: 乳脂奶油蛋糕','127.0.0.1'),
('2186','1400200997','1','删除商品分类: TRY ME 小蛋糕','127.0.0.1'),
('2187','1400200997','1','删除商品分类: 巧克力/甜点','127.0.0.1'),
('2188','1400200998','1','删除商品分类: 茶歇/小食','127.0.0.1'),
('2189','1400200998','1','删除商品分类: 蛋糕名录','127.0.0.1'),
('2190','1400200999','1','删除商品分类: 甜点','127.0.0.1'),
('2191','1400200999','1','删除商品分类: 甜点','127.0.0.1'),
('2192','1400200999','1','删除商品分类: 女性调理专区','127.0.0.1'),
('2193','1400201000','1','删除商品分类: 早餐专区','127.0.0.1'),
('2194','1400201000','1','删除商品分类: 牛奶及奶制品','127.0.0.1'),
('2195','1400201001','1','删除商品分类: 酒具礼品','127.0.0.1'),
('2196','1400201001','1','删除商品分类: ','127.0.0.1'),
('2197','1400201001','1','删除商品分类: 食品饮料','127.0.0.1'),
('2198','1400201001','1','删除商品分类: ','127.0.0.1'),
('2199','1400201002','1','删除商品分类: 食品饮料','127.0.0.1'),
('2200','1400201002','1','删除商品分类: ','127.0.0.1'),
('2201','1400201002','1','删除商品分类: 全家福','127.0.0.1'),
('2202','1400201002','1','删除商品分类: ','127.0.0.1'),
('2203','1400201003','1','删除商品分类: 全家福套系','127.0.0.1'),
('2204','1400201003','1','删除商品分类: 孕妇照','127.0.0.1'),
('2205','1400201004','1','删除商品分类: 孕妇照套系','127.0.0.1'),
('2206','1400201019','1','删除商品分类: 冰鲜活杀类','127.0.0.1'),
('2207','1400201020','1','删除商品分类: 禽类分割品','127.0.0.1'),
('2208','1400201021','1','删除商品分类: 中国风碰撞欧美','127.0.0.1'),
('2209','1400201026','1','删除商品分类: 原汁煲鸡','127.0.0.1'),
('2210','1400201027','1','删除商品分类: 艺术照','127.0.0.1'),
('2211','1400201030','1','删除商品分类: 原味蒸品','127.0.0.1'),
('2212','1400201031','1','删除商品分类: 其他蛋类','127.0.0.1'),
('2213','1400201033','1','删除商品分类: 澳洲牛肋排专区','127.0.0.1'),
('2214','1400201048','1','删除商品分类: 禽蛋','127.0.0.1'),
('2215','1400201049','1','删除商品分类: 禽蛋','127.0.0.1'),
('2216','1400201050','1','删除商品分类: 黑毛和牛','127.0.0.1'),
('2217','1400201051','1','删除商品分类: 欧洲天然猪','127.0.0.1'),
('2218','1400201052','1','删除商品分类: 西班牙黑猪','127.0.0.1'),
('2219','1400201053','1','删除商品分类: 乌拉圭牛肉','127.0.0.1'),
('2220','1400201054','1','删除商品分类: 澳洲牛肉','127.0.0.1'),
('2221','1400201055','1','删除商品分类: 火腿腌腊','127.0.0.1'),
('2222','1400201068','1','删除商品分类: 其他海产','127.0.0.1'),
('2223','1400201069','1','删除商品分类: 活鲜','127.0.0.1'),
('2224','1400201070','1','删除商品分类: 东海产区','127.0.0.1'),
('2225','1400201071','1','删除商品分类: 鱼','127.0.0.1'),
('2226','1400201071','1','删除商品分类: 原装进口活鲜空运','127.0.0.1'),
('2227','1400201072','1','删除商品分类: 加拿大专区','127.0.0.1'),
('2228','1400201073','1','删除商品分类: 南美白虾仁','127.0.0.1'),
('2229','1400201073','1','删除商品分类: 三文鱼专区','127.0.0.1'),
('2230','1400201074','1','删除商品分类: 阿拉斯加产区','127.0.0.1'),
('2231','1400201075','1','删除商品分类: 大闸蟹专区','127.0.0.1'),
('2232','1400201080','1','删除商品分类: 新鲜香料','127.0.0.1'),
('2233','1400201081','1','删除商品分类: 调味蔬菜','127.0.0.1'),
('2234','1400201082','1','删除商品分类: 葱蒜类','127.0.0.1'),
('2235','1400201082','1','删除商品分类: 蔬菜礼包','127.0.0.1'),
('2236','1400201084','1','删除商品分类: 煲汤食材','127.0.0.1'),
('2237','1400201085','1','删除商品分类: 茄果类','127.0.0.1'),
('2238','1400201086','1','删除商品分类: 西餐菜','127.0.0.1'),
('2239','1400201086','1','删除商品分类: 地域特产专区','127.0.0.1'),
('2240','1400201087','1','删除商品分类: 新鲜菌菇','127.0.0.1'),
('2241','1400201088','1','删除商品分类: 根茎类','127.0.0.1'),
('2242','1400201089','1','删除商品分类: 蔬菜','127.0.0.1'),
('2243','1400201093','1','删除商品分类: 易果本月精选','127.0.0.1'),
('2244','1400201094','1','删除商品分类: 进口提子专区','127.0.0.1'),
('2245','1400201095','1','删除商品分类: 进口奇异果专区','127.0.0.1'),
('2246','1400201097','1','删除商品分类: 水果加工品','127.0.0.1'),
('2247','1400201098','1','删除商品分类: 小包装水果','127.0.0.1'),
('2248','1400201100','1','删除商品分类: 国产水果','127.0.0.1'),
('2249','1400201114','1','批量删除商品: ','127.0.0.1'),
('2250','1400201120','1','批量删除商品: ','127.0.0.1'),
('2251','1400201125','1','批量删除商品: ','127.0.0.1'),
('2252','1400201131','1','删除商品分类: 肉类','127.0.0.1'),
('2253','1400201133','1','删除商品分类: 肉类','127.0.0.1'),
('2254','1400201134','1','删除商品分类: 水产','127.0.0.1'),
('2255','1400201135','1','删除商品分类: 水产','127.0.0.1'),
('2256','1400201137','1','删除商品分类: 蔬菜','127.0.0.1'),
('2257','1400201138','1','删除商品分类: 进口水果','127.0.0.1'),
('2258','1400201139','1','删除商品分类: 水果','127.0.0.1'),
('2259','1400201140','1','删除商品分类: 水果','127.0.0.1'),
('2260','1400201150','1','添加商品分类: 艺术照','127.0.0.1'),
('2261','1400201170','1','添加商品分类: 孕妇照套系','127.0.0.1'),
('2262','1400201181','1','添加商品分类: 全家福套系','127.0.0.1'),
('2263','1400201188','1','添加商品分类: 全家福','127.0.0.1'),
('2264','1400201207','1','添加商品分类: 孕妇照','127.0.0.1'),
('2265','1400201298','1','添加商品分类: 婚庆服务','127.0.0.1'),
('2266','1400201301','1','添加商品分类: 化妆跟拍','127.0.0.1'),
('2267','1400201305','1','添加商品分类: 婚纱礼服','127.0.0.1'),
('2268','1400201308','1','添加商品分类: 婚戒珠宝','127.0.0.1'),
('2269','1400201311','1','添加商品分类: 婚庆商品','127.0.0.1'),
('2270','1400201696','1','添加商品分类: 全套策划','127.0.0.1'),
('2271','1400201703','1','添加商品分类: 单项策划','127.0.0.1'),
('2272','1400201716','1','添加商品分类: 策划方式','127.0.0.1'),
('2273','1400201724','1','添加商品分类: 婚礼风格','127.0.0.1'),
('2274','1400201737','1','编辑商品分类: 全套策划','127.0.0.1'),
('2275','1400201744','1','编辑商品分类: 单项策划','127.0.0.1'),
('2276','1400201754','1','添加商品分类: 特色主题婚礼','127.0.0.1'),
('2277','1400201761','1','添加商品分类: 西式婚礼','127.0.0.1'),
('2278','1400201770','1','添加商品分类: 中式婚礼','127.0.0.1'),
('2279','1400201779','1','添加商品分类: 户外/草坪婚礼','127.0.0.1'),
('2280','1400203819','1','添加商品分类: 类别','127.0.0.1'),
('2281','1400203838','1','添加商品分类: 妈妈妆','127.0.0.1'),
('2282','1400203844','1','添加商品分类: 伴娘妆','127.0.0.1'),
('2283','1400203852','1','添加商品分类: 新娘妆','127.0.0.1'),
('2284','1400203859','1','添加商品分类: 全程跟妆','127.0.0.1'),
('2285','1400434157','1','添加商品分类: 新郎妆','127.0.0.1'),
('2286','1400434255','1','添加商品分类: 类别','127.0.0.1'),
('2287','1400434272','1','添加商品分类: 衬衫','127.0.0.1'),
('2288','1400434280','1','添加商品分类: 领带','127.0.0.1'),
('2289','1400434291','1','添加商品分类: 礼服','127.0.0.1'),
('2290','1400434300','1','添加商品分类: 手套','127.0.0.1'),
('2291','1400434307','1','添加商品分类: 头纱','127.0.0.1'),
('2292','1400434314','1','添加商品分类: 西服','127.0.0.1'),
('2293','1400434324','1','添加商品分类: 婚纱','127.0.0.1'),
('2294','1400434335','1','添加商品分类: 唐装','127.0.0.1'),
('2295','1400434342','1','添加商品分类: 旗袍','127.0.0.1'),
('2296','1400434629','1','添加商品分类: 类别','127.0.0.1'),
('2297','1400434636','1','添加商品分类: 珠宝','127.0.0.1'),
('2298','1400434644','1','添加商品分类: 摆件','127.0.0.1'),
('2299','1400434654','1','添加商品分类: 钻戒','127.0.0.1'),
('2300','1400434660','1','添加商品分类: 胸针','127.0.0.1'),
('2301','1400434668','1','添加商品分类: 脚链','127.0.0.1'),
('2302','1400434677','1','添加商品分类: 手链','127.0.0.1'),
('2303','1400434685','1','添加商品分类: 手镯','127.0.0.1'),
('2304','1400434696','1','添加商品分类: 耳环','127.0.0.1'),
('2305','1400434703','1','添加商品分类: 皇冠','127.0.0.1'),
('2306','1400434816','1','添加商品分类: 类别','127.0.0.1'),
('2307','1400434896','1','添加商品分类: 婚宴酒水','127.0.0.1'),
('2308','1400434925','1','添加商品分类: 喜糖','127.0.0.1'),
('2309','1400434932','1','添加商品分类: 请柬','127.0.0.1'),
('2310','1400434938','1','添加商品分类: 礼券','127.0.0.1'),
('2311','1400434944','1','添加商品分类: 气球','127.0.0.1'),
('2312','1400434951','1','添加商品分类: 拉花','127.0.0.1'),
('2313','1400434961','1','添加商品分类: 四件套','127.0.0.1'),
('2314','1400435562','1','编辑广告位置: indexproad_1_212','127.0.0.1'),
('2315','1400435564','1','编辑广告位置: indexproad_2_212','127.0.0.1'),
('2316','1400435566','1','编辑广告位置: indexproad_3_212','127.0.0.1'),
('2317','1400435582','1','编辑广告: indexproad_1_212','127.0.0.1'),
('2318','1400435585','1','编辑广告: indexproad_2_212','127.0.0.1'),
('2319','1400435588','1','编辑广告: indexproad_3_212','127.0.0.1'),
('2320','1400436193','1','添加商品: 爱天使摄影【爱你一生一世】【新派婚纱照】【主题套餐拍摄】1314元','127.0.0.1'),
('2321','1400436310','1','编辑商品: 爱天使摄影【爱你一生一世】【新派婚纱照】【主题套餐拍摄】1314元','127.0.0.1'),
('2322','1400436343','1','编辑商品: 爱天使摄影【爱你一生一世】【新派婚纱照】【主题套餐拍摄】1314元','127.0.0.1'),
('2323','1400436402','1','编辑商品: 爱天使摄影【爱你一生一世】【新派婚纱照】【主题套餐拍摄】1314元','127.0.0.1'),
('2324','1400436437','1','编辑商品: 爱天使摄影【爱你一生一世】【新派婚纱照】【主题套餐拍摄】1314元','127.0.0.1'),
('2325','1400436477','1','编辑商品: 爱天使摄影【爱你一生一世】【新派婚纱照】【主题套餐拍摄】1314元','127.0.0.1'),
('2326','1400436746','1','添加商品: 麦田摄影机构 【浪漫在微笑】 门店价格：3998元 商城价格：2688元','127.0.0.1'),
('2327','1400436825','1','编辑商品: 麦田摄影机构 【浪漫在微笑】 门店价格：3998元 商城价格：2688元','127.0.0.1'),
('2328','1400436848','1','编辑商品: 麦田摄影机构 【浪漫在微笑】 门店价格：3998元 商城价格：2688元','127.0.0.1'),
('2329','1400436895','1','编辑商品: 麦田摄影机构 【浪漫在微笑】 门店价格：3998元 商城价格：2688元','127.0.0.1'),
('2330','1400436914','1','编辑商品: 麦田摄影机构 【浪漫在微笑】 门店价格：3998元 商城价格：2688元','127.0.0.1'),
('2331','1400437974','1','添加商品: 非摄丽影【午后香奈】【精致摄影系】11888元','127.0.0.1'),
('2332','1400437992','1','编辑商品: 非摄丽影【午后香奈】【精致摄影系】11888元','127.0.0.1'),
('2333','1400439832','1','添加商品: 非摄丽影【香日阳光】【温暖生活系】 3888元','127.0.0.1'),
('2334','1400439848','1','编辑商品: 非摄丽影【香日阳光】【温暖生活系】 3888元','127.0.0.1'),
('2335','1400439977','1','添加商品: 如果爱摄影工作室【爱你一生】婚纱照套系 仅售1312元','127.0.0.1'),
('2336','1400440003','1','编辑商品: 如果爱摄影工作室【爱你一生】婚纱照套系 仅售1312元','127.0.0.1'),
('2337','1400440009','1','编辑商品: 如果爱摄影工作室【爱你一生】婚纱照套系 仅售1312元','127.0.0.1'),
('2338','1400440017','1','编辑商品: 非摄丽影【香日阳光】【温暖生活系】 3888元','127.0.0.1'),
('2339','1400440030','1','编辑商品: 如果爱摄影工作室【爱你一生】婚纱照套系 仅售1312元','127.0.0.1'),
('2340','1400440281','1','添加商品: 麦视觉婚纱摄影套系 团购价：1999元','127.0.0.1'),
('2341','1400440297','1','编辑商品: 麦视觉婚纱摄影套系 团购价：1999元','127.0.0.1'),
('2342','1400442186','1','添加商品: 乐玛摄影盛大开业特别推出尝新套系2988元 传承幸福 传递快乐','127.0.0.1'),
('2343','1400442299','1','编辑商品: 乐玛摄影盛大开业特别推出尝新套系2988元 传承幸福 传递快乐','127.0.0.1'),
('2344','1400442497','1','添加商品: 仲夏印象 婚纱套餐1888元 市场价11999元','127.0.0.1'),
('2345','1400442518','1','编辑商品: 仲夏印象 婚纱套餐1888元 市场价11999元','127.0.0.1'),
('2346','1400442552','1','编辑商品: 仲夏印象 婚纱套餐1888元 市场价11999元','127.0.0.1'),
('2347','1400447619','1','添加商品: 简爱婚纱摄影【3599元婚纱照】折后尊享特惠价：2599元','127.0.0.1'),
('2348','1400447644','1','编辑商品: 简爱婚纱摄影【3599元婚纱照】折后尊享特惠价：2599元','127.0.0.1'),
('2349','1400450193','1','添加广告位置: indexproad_1_250','127.0.0.1'),
('2350','1400450243','1','添加广告位置: indexproad_2_250','127.0.0.1'),
('2351','1400450254','1','编辑广告位置: indexproad_1_250','127.0.0.1'),
('2352','1400450298','1','添加广告位置: indexproad_3_250','127.0.0.1'),
('2353','1400450365','1','添加广告位置: indexproad_1_249','127.0.0.1'),
('2354','1400450394','1','添加广告位置: indexproad_2_249','127.0.0.1'),
('2355','1400450417','1','添加广告位置: indexproad_3_249','127.0.0.1'),
('2356','1400450453','1','添加广告位置: indexproad_1_251','127.0.0.1'),
('2357','1400450475','1','添加广告位置: indexproad_2_251','127.0.0.1'),
('2358','1400450496','1','添加广告位置: indexproad_3_251','127.0.0.1'),
('2359','1400450608','1','添加广告: indexproad_1_250','127.0.0.1'),
('2360','1400450625','1','添加广告: indexproad_2_250','127.0.0.1'),
('2361','1400450718','1','添加广告: indexproad_3_250','127.0.0.1'),
('2362','1400519623','1','编辑广告位置: indexproad_1_249','127.0.0.1'),
('2363','1400519663','1','添加广告: indexproad_1_249','127.0.0.1'),
('2364','1400519684','1','添加广告: indexproad_2_249','127.0.0.1'),
('2365','1400519700','1','添加广告: indexproad_3_249','127.0.0.1'),
('2366','1400520678','1','添加广告: indexproad_1_251','127.0.0.1'),
('2367','1400520693','1','编辑广告: indexproad_1_251','127.0.0.1'),
('2368','1400520708','1','添加广告: indexproad_2_251','127.0.0.1'),
('2369','1400520719','1','添加广告: indexproad_3_251','127.0.0.1'),
('2370','1400521414','1','编辑广告: indexproad_3_251','127.0.0.1'),
('2371','1400524837','1','添加商品: 非凡婚纱688元即可享受A区婚纱+A区礼服+伴娘服+饰品·配饰','127.0.0.1'),
('2372','1400524886','1','添加商品: 唐韵 原价328元 现价262元','127.0.0.1'),
('2373','1400525320','1','添加商品: 周南唐装 牡丹花开 350元','127.0.0.1'),
('2374','1400525331','1','编辑商品: 周南唐装 牡丹花开 350元','127.0.0.1'),
('2375','1400525466','1','添加商品: 王族保罗 原价586元 现价440元','127.0.0.1'),
('2376','1400525481','1','编辑商品: 王族保罗 原价586元 现价440元','127.0.0.1'),
('2377','1400525565','1','添加商品: 啄木鸟plover男士纯色衬衫 热卖款 4色可选 标准款','127.0.0.1'),
('2378','1400535382','1','添加商品: plover啄木鸟100%桑蚕丝高档商务领带（窄版）-L011','127.0.0.1'),
('2379','1400535446','1','添加商品: plover啄木鸟100%桑蚕丝高档商务领带（窄版）-L006','127.0.0.1'),
('2380','1400535518','1','添加商品: 米穗高级婚纱定制机构6200元【高级定制婚纱】','127.0.0.1'),
('2381','1400535576','1','添加商品: 爱天使 【婚纱租赁】【新婚纱\\\\礼服\\\\伴娘服\\\\两套饰品】仅399元','127.0.0.1'),
('2382','1400535583','1','编辑商品: 米穗高级婚纱定制机构6200元【高级定制婚纱】','127.0.0.1'),
('2383','1400535645','1','添加商品: 非凡婚纱 1980元 D区+A区婚纱+ B区礼服+C区礼服+伴娘服+饰品·配饰任意选+新娘妆','127.0.0.1'),
('2384','1400537264','1','添加商品: 第一印象【新娘跟妆】 888元','127.0.0.1'),
('2385','1400537307','1','编辑商品: 第一印象【新娘跟妆】 888元','127.0.0.1'),
('2386','1400537433','1','添加商品: 米兰时尚色彩工作室新娘妆套系 专业化妆师 380元','127.0.0.1'),
('2387','1400537500','1','添加商品: 安娅彩妆礼服馆 仅1680元 享受价值2980『安娅造型』尊贵套餐','127.0.0.1'),
('2388','1400537548','1','添加商品: 非摄丽影【伴娘妆】仅30元了','127.0.0.1'),
('2389','1400537609','1','添加商品: 非摄丽影【全程跟妆】【新娘妆】688元','127.0.0.1'),
('2390','1400538090','1','添加商品: 艾尚彩妆 【化妆师全程跟妆】 380元','127.0.0.1'),
('2391','1400538241','1','添加商品: 梦依莎【新娘妆】原价800,现特价368元 ','127.0.0.1'),
('2392','1400538295','1','添加商品: 非摄丽影【新娘早妆】300元','127.0.0.1'),
('2393','1400538344','1','添加商品: 爱天使【全程跟妆】原价988元囍网价388元','127.0.0.1'),
('2394','1400538416','1','添加商品: 天使名媛创意婚纱彩妆会所 妈妈妆 特惠价 50元 含造型','127.0.0.1'),
('2395','1400538561','1','添加商品: 嘉汇轩【彩银粉玉髓】戒指 女戒 780元','127.0.0.1'),
('2396','1400538603','1','添加商品: 嘉汇轩【彩银玉髓】戒指 女戒 780元','127.0.0.1'),
('2397','1400538639','1','添加商品: 嘉汇轩【彩银蓝玉髓】戒指 女戒 780元','127.0.0.1'),
('2398','1400538701','1','添加商品: 嘉汇轩【紫晶】戒指 女戒 800元','127.0.0.1'),
('2399','1400538885','1','添加商品: 嘉汇轩【托巴石钻】戒指 女戒 3980元','127.0.0.1'),
('2400','1400538955','1','添加商品: 嘉汇轩【蓝玉髓晶体】吊坠 120元','127.0.0.1'),
('2401','1400539023','1','添加商品: 百菜珠宝【碧玺手链/手镯】女士手链 ￥106592元','127.0.0.1'),
('2402','1400539083','1','添加商品: 百菜珠宝【碧玺吊坠】女士吊坠￥422764元','127.0.0.1'),
('2403','1400539128','1','添加商品: 百菜珠宝【碧玺吊坠】红色碧玺 1154914元','127.0.0.1'),
('2404','1400539176','1','添加商品: 百菜珠宝【碧玺吊坠】女士吊坠￥571360元','127.0.0.1'),
('2405','1400539485','1','编辑商品: 百菜珠宝【碧玺手链/手镯】女士手链 ￥106592元','127.0.0.1'),
('2406','1400539494','1','编辑商品: 百菜珠宝【碧玺吊坠】女士吊坠￥422764元','127.0.0.1'),
('2407','1400539504','1','编辑商品: 百菜珠宝【碧玺吊坠】红色碧玺 1154914元','127.0.0.1'),
('2408','1400539512','1','编辑商品: 百菜珠宝【碧玺吊坠】女士吊坠￥571360元','127.0.0.1'),
('2409','1400539817','1','删除团购商品: 洛可可婚纱摄影 南海深情：8999元套系 活动价：:4999元[28]','127.0.0.1'),
('2410','1400540062','1','添加团购商品: 洛可可婚纱摄影 南海深情：8999元套系 活动价：:4999元','127.0.0.1'),
('2411','1400540165','1','编辑商店设置: ','127.0.0.1'),
('2412','1400540456','1','添加团购商品: 百菜珠宝【碧玺吊坠】女士吊坠￥571360元','127.0.0.1'),
('2413','1400540485','1','添加团购商品: 爱天使 【婚纱租赁】【新婚纱\\\\礼服\\\\伴娘服\\\\两套饰品】仅399元','127.0.0.1'),
('2414','1400540507','1','添加团购商品: 安娅彩妆礼服馆 仅1680元 享受价值2980『安娅造型』尊贵套餐','127.0.0.1'),
('2415','1400540525','1','添加团购商品: 简爱婚纱摄影【3599元婚纱照】折后尊享特惠价：2599元','127.0.0.1'),
('2416','1400540593','1','添加团购商品: 如果爱摄影工作室【爱你一生】婚纱照套系 仅售1312元','127.0.0.1'),
('2417','1400540627','1','删除团购商品: 百菜珠宝【碧玺吊坠】女士吊坠￥571360元[30]','127.0.0.1'),
('2418','1400540652','1','添加团购商品: 天使名媛创意婚纱彩妆会所 妈妈妆 特惠价 50元 含造型','127.0.0.1'),
('2419','1400540747','1','编辑用户评论: 回复','127.0.0.1'),
('2420','1400544006','1','编辑商品: 乐玛摄影盛大开业特别推出尝新套系2988元 传承幸福 传递快乐','127.0.0.1'),
('2421','1400544038','1','编辑商品: 如果爱摄影工作室【爱你一生】婚纱照套系 仅售1312元','127.0.0.1'),
('2422','1400544055','1','编辑商品: 麦田摄影机构 【浪漫在微笑】 门店价格：3998元 商城价格：2688元','127.0.0.1'),
('2423','1400544080','1','编辑商品: 麦视觉婚纱摄影套系 团购价：1999元','127.0.0.1'),
('2424','1400544096','1','编辑商品: 洛可可婚纱摄影 南海深情：8999元套系 活动价：:4999元','127.0.0.1'),
('2425','1400544235','1','编辑商品: 洛可可婚纱摄影 南海深情：8999元套系 活动价：:4999元','127.0.0.1'),
('2426','1400544294','1','编辑商品: 洛可可婚纱摄影 南海深情：8999元套系 活动价：:4999元','127.0.0.1'),
('2427','1400544343','1','编辑商品: 洛可可婚纱摄影 南海深情：8999元套系 活动价：:4999元','127.0.0.1'),
('2428','1400544393','1','编辑商品: 洛可可婚纱摄影 南海深情：8999元套系 活动价：:4999元','127.0.0.1'),
('2429','1400544599','1','编辑商品: 乐玛摄影盛大开业特别推出尝新套系2988元 传承幸福 传递快乐','127.0.0.1'),
('2430','1400544637','1','编辑商品: 麦视觉婚纱摄影套系 团购价：1999元','127.0.0.1'),
('2431','1400544653','1','编辑商品: 如果爱摄影工作室【爱你一生】婚纱照套系 仅售1312元','127.0.0.1'),
('2432','1400544678','1','编辑商品: 麦田摄影机构 【浪漫在微笑】 门店价格：3998元 商城价格：2688元','127.0.0.1'),
('2433','1400544699','1','编辑商品: 洛可可婚纱摄影 南海深情：8999元套系 活动价：:4999元','127.0.0.1'),
('2434','1400546215','1','编辑商品: 乐玛摄影盛大开业特别推出尝新套系2988元 传承幸福 传递快乐','127.0.0.1'),
('2435','1400620934','1','编辑商店设置: ','127.0.0.1'),
('2436','1400781721','1','编辑商店设置: ','127.0.0.1'),
('2437','1400783936','1','编辑商品: 百菜珠宝【碧玺吊坠】女士吊坠￥571360元','127.0.0.1'),
('2438','1400784221','1','编辑商品: 简爱婚纱摄影【3599元婚纱照】折后尊享特惠价：2599元','127.0.0.1'),
('2439','1400784544','1','编辑商品: 简爱婚纱摄影【3599元婚纱照】折后尊享特惠价：2599元','127.0.0.1'),
('2440','1400784770','1','删除积分可兑换的商品: 140','127.0.0.1'),
('2441','1400784770','1','删除积分可兑换的商品: 136','127.0.0.1'),
('2442','1400784770','1','删除积分可兑换的商品: 132','127.0.0.1'),
('2443','1400784770','1','删除积分可兑换的商品: 131','127.0.0.1'),
('2444','1400784770','1','删除积分可兑换的商品: 126','127.0.0.1'),
('2445','1400784770','1','删除积分可兑换的商品: 125','127.0.0.1'),
('2446','1400784790','1','添加积分可兑换的商品: 162','127.0.0.1'),
('2447','1400784797','1','添加积分可兑换的商品: 164','127.0.0.1'),
('2448','1400784808','1','添加积分可兑换的商品: 172','127.0.0.1'),
('2449','1400784816','1','添加积分可兑换的商品: 170','127.0.0.1'),
('2450','1400784822','1','添加积分可兑换的商品: 165','127.0.0.1'),
('2451','1400794697','1','编辑商品: 洛可可婚纱摄影 南海深情：8999元套系 活动价：:4999元','127.0.0.1'),
('2452','1400795640','1','编辑商品: 洛可可婚纱摄影 南海深情：8999元套系 活动价：:4999元','127.0.0.1'),
('2453','1400803899','1','编辑商品: 爱天使摄影【爱你一生一世】【新派婚纱照】【主题套餐拍摄】1314元','127.0.0.1'),
('2454','1400804021','1','编辑商店设置: ','127.0.0.1'),
('2455','1401056365','1','编辑商品分类: 婚纱影楼','127.0.0.1'),
('2456','1401153571','1','编辑广告位置: 积分商品表页Banner广告位六','127.0.0.1'),
('2457','1401153572','1','编辑广告位置: 积分商品列表页Banner广告位五','127.0.0.1'),
('2458','1401816652','1','编辑商品: 洛可可婚纱摄影 南海深情：8999元套系 活动价：:4999元','127.0.0.1'),
('2459','1401816945','1','添加商品: 测试商品','127.0.0.1'),
('2460','1401819371','1','编辑商品: 测试商品','127.0.0.1'),
('2461','1401819391','1','添加积分可兑换的商品: 193','127.0.0.1'),
('2462','1402855369','1','回收商品: 测试商品','127.0.0.1'),
('2463','1402856017','1','删除文章: 找回密码','127.0.0.1'),
('2464','1402856019','1','删除文章: 用户登录','127.0.0.1'),
('2465','1402856021','1','删除文章: 新用户注册','127.0.0.1'),
('2466','1402856025','1','删除文章: 售后相关','127.0.0.1'),
('2467','1402856026','1','删除文章: 物流相关','127.0.0.1'),
('2468','1402856027','1','删除文章: 交易相关','127.0.0.1'),
('2469','1402856028','1','删除文章: 售前相关','127.0.0.1'),
('2470','1402856028','1','删除文章: 沟通联系','127.0.0.1'),
('2471','1402856033','1','删除文章: 优惠券','127.0.0.1'),
('2472','1402856033','1','删除文章: 评论规则','127.0.0.1'),
('2473','1402856033','1','删除文章: 会员介绍','127.0.0.1'),
('2474','1402856034','1','删除文章: ','127.0.0.1'),
('2475','1402856034','1','删除文章: 积分介绍','127.0.0.1'),
('2476','1402856034','1','删除文章: 怎样购物','127.0.0.1'),
('2477','1402856039','1','删除文章: 银行汇款','127.0.0.1'),
('2478','1402856039','1','删除文章: 邮政汇款','127.0.0.1'),
('2479','1402856040','1','删除文章: 在线支付','127.0.0.1'),
('2480','1402856045','1','删除文章: 上门自提','127.0.0.1'),
('2481','1402856045','1','删除文章: 囍网速达','127.0.0.1'),
('2482','1402856045','1','删除文章: 普通快递','127.0.0.1'),
('2483','1402856046','1','删除文章: ','127.0.0.1'),
('2484','1402856050','1','删除文章: 联系客服','127.0.0.1'),
('2485','1402856051','1','删除文章: 服务时效承诺','127.0.0.1'),
('2486','1402856051','1','删除文章: 退换货说明','127.0.0.1'),
('2487','1402856051','1','删除文章: ','127.0.0.1'),
('2488','1402856055','1','删除文章: 商家入驻','127.0.0.1'),
('2489','1402856056','1','删除文章: 用户条款','127.0.0.1'),
('2490','1402856056','1','删除文章: 条款承诺','127.0.0.1'),
('2491','1402856062','1','删除商品分类: ','127.0.0.1'),
('2492','1402856064','1','删除商品分类: ','127.0.0.1'),
('2493','1402856066','1','删除商品分类: ','127.0.0.1'),
('2494','1402856068','1','删除商品分类: ','127.0.0.1'),
('2495','1402856070','1','删除商品分类: ','127.0.0.1'),
('2496','1402856072','1','删除商品分类: ','127.0.0.1'),
('2497','1402856084','1','编辑文章分类: 服务保障','127.0.0.1'),
('2498','1402856098','1','添加文章分类: 购物指南','127.0.0.1'),
('2499','1402856107','1','添加文章分类: 支付方式','127.0.0.1'),
('2500','1402856115','1','添加文章分类: 配送方式','127.0.0.1'),
('2501','1402856122','1','添加文章分类: 售后服务','127.0.0.1'),
('2502','1402856181','1','编辑文章分类: 售后服务','127.0.0.1'),
('2503','1402856187','1','编辑文章分类: 配送方式','127.0.0.1'),
('2504','1402856209','1','添加文章: 正品保证','127.0.0.1'),
('2505','1402856216','1','添加文章: 7天无理由退货','127.0.0.1'),
('2506','1402856225','1','添加文章: 退货返运费','127.0.0.1'),
('2507','1402856233','1','添加文章: 7x15小时客户服务','127.0.0.1'),
('2508','1402856243','1','添加文章: 导购演示','127.0.0.1'),
('2509','1402856252','1','添加文章: 订单操作','127.0.0.1'),
('2510','1402856265','1','添加文章: 会员注册','127.0.0.1'),
('2511','1402856272','1','添加文章: 账户管理','127.0.0.1'),
('2512','1402856281','1','添加文章: 收货样品','127.0.0.1'),
('2513','1402856290','1','添加文章: 会员等级','127.0.0.1'),
('2514','1402856300','1','添加文章: 23家主流网银支付','127.0.0.1'),
('2515','1402856310','1','添加文章: 货到付款','127.0.0.1'),
('2516','1402856318','1','添加文章: 支付宝、银联等支付','127.0.0.1'),
('2517','1402856324','1','添加文章: 信用卡支付','127.0.0.1'),
('2518','1402856332','1','添加文章: 唯品钱包支付','127.0.0.1'),
('2519','1402856339','1','添加文章: 全场满288元免运费','127.0.0.1'),
('2520','1402856348','1','添加文章: 配送范围及运费','127.0.0.1'),
('2521','1402856355','1','添加文章: 验货与签收','127.0.0.1'),
('2522','1402856362','1','添加文章: 退货政策','127.0.0.1'),
('2523','1402856370','1','添加文章: 退货流程','127.0.0.1'),
('2524','1402856377','1','添加文章: 退款方式和时效','127.0.0.1'),
('2525','1402857595','1','添加广告位置: category_1_212','127.0.0.1'),
('2526','1402857625','1','添加广告: category_1_212','127.0.0.1'),
('2527','1402964991','1','编辑前台语言项: ','127.0.0.1'),
('2528','1403030906','1','编辑商品: 百菜珠宝【碧玺吊坠】女士吊坠￥571360元','127.0.0.1'),
('2529','1403031858','1','编辑商品: 洛可可婚纱摄影 南海深情：8999元套系 活动价：:4999元','127.0.0.1'),
('2530','1403031958','1','编辑商品: 洛可可婚纱摄影 南海深情：8999元套系 活动价：:4999元','127.0.0.1'),
('2531','1403031989','1','编辑商品: 洛可可婚纱摄影 南海深情：8999元套系 活动价：:4999元','127.0.0.1'),
('2532','1403039288','1','编辑商品: 洛可可婚纱摄影 南海深情：8999元套系 活动价：:4999元','127.0.0.1'),
('2533','1403039407','1','编辑商品: 洛可可婚纱摄影 南海深情：8999元套系 活动价：:4999元','127.0.0.1'),
('2534','1403039501','1','编辑商品: 洛可可婚纱摄影 南海深情：8999元套系 活动价：:4999元','127.0.0.1'),
('2535','1403039563','1','编辑商品: 洛可可婚纱摄影 南海深情：8999元套系 活动价：:4999元','127.0.0.1'),
('2536','1403041295','1','编辑商品: 洛可可婚纱摄影 南海深情：8999元套系 活动价：:4999元','127.0.0.1'),
('2537','1403041401','1','编辑商品: 洛可可婚纱摄影 南海深情：8999元套系 活动价：:4999元','127.0.0.1'),
('2538','1403042192','1','编辑商品: 简爱婚纱摄影【3599元婚纱照】折后尊享特惠价：2599元','127.0.0.1'),
('2539','1403044821','1','编辑商品: 简爱婚纱摄影【3599元婚纱照】折后尊享特惠价：2599元','127.0.0.1'),
('2540','1403055057','1','编辑商品: 洛可可婚纱摄影 南海深情：8999元套系 活动价：:4999元','127.0.0.1'),
('2541','1403114088','1','编辑前台语言项: ','127.0.0.1'),
('2542','1403114118','1','编辑前台语言项: ','127.0.0.1'),
('2543','1403116925','1','编辑前台语言项: ','127.0.0.1'),
('2544','1403124074','1','编辑前台语言项: ','127.0.0.1'),
('2545','1403124653','1','添加商品: 御泥坊 红石榴鲜活矿物睡眠面膜 180g','127.0.0.1'),
('2546','1403124693','1','编辑商店设置: ','127.0.0.1'),
('2547','1403124706','1','编辑商品: 御泥坊 红石榴鲜活矿物睡眠面膜 180g','127.0.0.1'),
('2548','1403124783','1','编辑商品: 御泥坊 红石榴鲜活矿物睡眠面膜 180g','127.0.0.1'),
('2549','1403124840','1','编辑商品: 御泥坊 红石榴鲜活矿物睡眠面膜 180g','127.0.0.1'),
('2550','1403124959','1','批量回收商品: ','127.0.0.1'),
('2551','1403124971','1','批量删除商品: ','127.0.0.1'),
('2552','1403124979','1','删除商品分类: 四件套','127.0.0.1'),
('2553','1403124979','1','删除商品分类: 拉花','127.0.0.1'),
('2554','1403124980','1','删除商品分类: 气球','127.0.0.1'),
('2555','1403124980','1','删除商品分类: 礼券','127.0.0.1'),
('2556','1403124980','1','删除商品分类: 请柬','127.0.0.1'),
('2557','1403124981','1','删除商品分类: 喜糖','127.0.0.1'),
('2558','1403124981','1','删除商品分类: 婚宴酒水','127.0.0.1'),
('2559','1403124981','1','删除商品分类: 类别','127.0.0.1'),
('2560','1403124982','1','删除商品分类: 婚庆商品','127.0.0.1'),
('2561','1403124982','1','删除商品分类: 皇冠','127.0.0.1'),
('2562','1403124983','1','删除商品分类: 耳环','127.0.0.1'),
('2563','1403124983','1','删除商品分类: ','127.0.0.1'),
('2564','1403124983','1','删除商品分类: 手镯','127.0.0.1'),
('2565','1403124983','1','删除商品分类: ','127.0.0.1'),
('2566','1403124984','1','删除商品分类: 手链','127.0.0.1'),
('2567','1403124984','1','删除商品分类: 脚链','127.0.0.1'),
('2568','1403124985','1','删除商品分类: 胸针','127.0.0.1'),
('2569','1403124985','1','删除商品分类: 钻戒','127.0.0.1'),
('2570','1403124985','1','删除商品分类: 摆件','127.0.0.1'),
('2571','1403124986','1','删除商品分类: 珠宝','127.0.0.1'),
('2572','1403124986','1','删除商品分类: 类别','127.0.0.1'),
('2573','1403124987','1','删除商品分类: 婚戒珠宝','127.0.0.1'),
('2574','1403124987','1','删除商品分类: 旗袍','127.0.0.1'),
('2575','1403124988','1','删除商品分类: 唐装','127.0.0.1'),
('2576','1403124988','1','删除商品分类: 婚纱','127.0.0.1'),
('2577','1403124988','1','删除商品分类: 西服','127.0.0.1'),
('2578','1403124989','1','删除商品分类: 头纱','127.0.0.1'),
('2579','1403124989','1','删除商品分类: 手套','127.0.0.1'),
('2580','1403124990','1','删除商品分类: 礼服','127.0.0.1'),
('2581','1403124990','1','删除商品分类: 领带','127.0.0.1'),
('2582','1403124990','1','删除商品分类: 衬衫','127.0.0.1'),
('2583','1403124991','1','删除商品分类: 类别','127.0.0.1'),
('2584','1403124992','1','删除商品分类: 婚纱礼服','127.0.0.1'),
('2585','1403124992','1','删除商品分类: 全程跟妆','127.0.0.1'),
('2586','1403124992','1','删除商品分类: 新郎妆','127.0.0.1'),
('2587','1403124993','1','删除商品分类: 新娘妆','127.0.0.1'),
('2588','1403124993','1','删除商品分类: 伴娘妆','127.0.0.1'),
('2589','1403124994','1','删除商品分类: 妈妈妆','127.0.0.1'),
('2590','1403124994','1','删除商品分类: 类别','127.0.0.1'),
('2591','1403124994','1','删除商品分类: 化妆跟拍','127.0.0.1'),
('2592','1403124995','1','删除商品分类: 户外/草坪婚礼','127.0.0.1'),
('2593','1403124995','1','删除商品分类: 中式婚礼','127.0.0.1'),
('2594','1403124996','1','删除商品分类: 西式婚礼','127.0.0.1'),
('2595','1403124996','1','删除商品分类: 特色主题婚礼','127.0.0.1'),
('2596','1403124997','1','删除商品分类: 婚礼风格','127.0.0.1'),
('2597','1403124997','1','删除商品分类: 单项策划','127.0.0.1'),
('2598','1403124997','1','删除商品分类: 全套策划','127.0.0.1'),
('2599','1403124998','1','删除商品分类: 策划方式','127.0.0.1'),
('2600','1403125000','1','删除商品分类: 婚庆服务','127.0.0.1'),
('2601','1403125001','1','删除商品分类: 全家福','127.0.0.1'),
('2602','1403125002','1','删除商品分类: 全家福套系','127.0.0.1'),
('2603','1403125002','1','删除商品分类: 孕妇照','127.0.0.1'),
('2604','1403125003','1','删除商品分类: 孕妇照套系','127.0.0.1'),
('2605','1403125003','1','删除商品分类: 艺术照','127.0.0.1'),
('2606','1403125003','1','删除商品分类: 写真照','127.0.0.1'),
('2607','1403125004','1','删除商品分类: 三亚青岛双城记','127.0.0.1'),
('2608','1403125006','1','删除商品分类: 写真套系','127.0.0.1'),
('2609','1403125006','1','删除商品分类: 拍遍春天','127.0.0.1'),
('2610','1403125007','1','删除商品分类: 婚纱套系','127.0.0.1'),
('2611','1403125007','1','删除商品分类: 婚纱影楼','127.0.0.1'),
('2612','1403125132','1','添加商品分类: 服饰','127.0.0.1'),
('2613','1403125136','1','添加商品分类: 鞋类','127.0.0.1'),
('2614','1403125140','1','添加商品分类: 箱包','127.0.0.1'),
('2615','1403125144','1','添加商品分类: 配饰','127.0.0.1'),
('2616','1403125148','1','添加商品分类: 化妆品','127.0.0.1'),
('2617','1403125151','1','添加商品分类: 3C产品','127.0.0.1'),
('2618','1403125155','1','添加商品分类: 家居百货','127.0.0.1'),
('2619','1403125159','1','添加商品分类: 文体用品','127.0.0.1'),
('2620','1403125162','1','添加商品分类: 汽车用品','127.0.0.1'),
('2621','1403125228','1','添加商品分类: 女装','127.0.0.1'),
('2622','1403125234','1','添加商品分类: 男装','127.0.0.1'),
('2623','1403125242','1','添加商品分类: 童装','127.0.0.1'),
('2624','1403125261','1','添加商品分类: T恤','127.0.0.1'),
('2625','1403125265','1','添加商品分类: Polo','127.0.0.1'),
('2626','1403125272','1','添加商品分类: 外套','127.0.0.1'),
('2627','1403125278','1','添加商品分类: 毛衣','127.0.0.1'),
('2628','1403125283','1','添加商品分类: 针织衫','127.0.0.1'),
('2629','1403125291','1','添加商品分类: 衬衫','127.0.0.1'),
('2630','1403125297','1','添加商品分类: 连身裙','127.0.0.1'),
('2631','1403125302','1','添加商品分类: 半截裙','127.0.0.1'),
('2632','1403125308','1','添加商品分类: 休闲裤','127.0.0.1'),
('2633','1403125314','1','添加商品分类: 牛仔裤','127.0.0.1'),
('2634','1403125320','1','添加商品分类: 内衣(抹胸)','127.0.0.1'),
('2635','1403125324','1','添加商品分类: 内裤','127.0.0.1'),
('2636','1403125369','1','添加商品分类: T恤','127.0.0.1'),
('2637','1403125377','1','添加商品分类: Polo','127.0.0.1'),
('2638','1403125385','1','添加商品分类: 针织衫','127.0.0.1'),
('2639','1403125391','1','添加商品分类: 衬衫','127.0.0.1'),
('2640','1403125397','1','添加商品分类: 卫衣','127.0.0.1'),
('2641','1403125403','1','添加商品分类: 外套','127.0.0.1'),
('2642','1403125409','1','添加商品分类: 休闲裤','127.0.0.1'),
('2643','1403125414','1','添加商品分类: 牛仔裤','127.0.0.1'),
('2644','1403125419','1','添加商品分类: 袜子','127.0.0.1'),
('2645','1403125425','1','添加商品分类: 皮带','127.0.0.1'),
('2646','1403125430','1','添加商品分类: 夹克','127.0.0.1'),
('2647','1403125436','1','添加商品分类: 泳裤','127.0.0.1'),
('2648','1403125484','1','添加商品分类: 女童背心','127.0.0.1'),
('2649','1403125490','1','添加商品分类: 女童T恤','127.0.0.1'),
('2650','1403125495','1','添加商品分类: 女童针织衫','127.0.0.1'),
('2651','1403125501','1','添加商品分类: 女童连身裙','127.0.0.1'),
('2652','1403125509','1','添加商品分类: 女童裤','127.0.0.1'),
('2653','1403125515','1','添加商品分类: 男童背心','127.0.0.1'),
('2654','1403125521','1','添加商品分类: 男童T恤','127.0.0.1'),
('2655','1403125527','1','添加商品分类: 男童针织衫','127.0.0.1'),
('2656','1403125533','1','添加商品分类: 男童衬衫','127.0.0.1'),
('2657','1403125538','1','添加商品分类: 男童外套','127.0.0.1'),
('2658','1403125543','1','添加商品分类: 男童裤','127.0.0.1'),
('2659','1403126533','1','添加商品分类: 男鞋','127.0.0.1'),
('2660','1403126538','1','添加商品分类: 女鞋','127.0.0.1'),
('2661','1403126544','1','添加商品分类: 童鞋','127.0.0.1'),
('2662','1403126550','1','添加商品分类: 女童凉鞋','127.0.0.1'),
('2663','1403126556','1','添加商品分类: 女童单鞋','127.0.0.1'),
('2664','1403126570','1','编辑商品分类: 女童凉鞋','127.0.0.1'),
('2665','1403126576','1','编辑商品分类: 女童单鞋','127.0.0.1'),
('2666','1403126616','1','添加商品分类: 女童运动鞋','127.0.0.1'),
('2667','1403126621','1','添加商品分类: 男童凉鞋','127.0.0.1'),
('2668','1403126627','1','添加商品分类: 男童单鞋','127.0.0.1'),
('2669','1403126632','1','添加商品分类: 男童皮鞋','127.0.0.1'),
('2670','1403126638','1','添加商品分类: 男童休闲鞋','127.0.0.1'),
('2671','1403126644','1','添加商品分类: 男童运动鞋','127.0.0.1'),
('2672','1403126649','1','添加商品分类: 女童拖鞋','127.0.0.1'),
('2673','1403126655','1','添加商品分类: 男童拖鞋','127.0.0.1'),
('2674','1403126661','1','添加商品分类: 高跟鞋','127.0.0.1'),
('2675','1403126666','1','添加商品分类: 凉鞋','127.0.0.1'),
('2676','1403126672','1','添加商品分类: 休闲鞋','127.0.0.1'),
('2677','1403126678','1','添加商品分类: 皮鞋','127.0.0.1'),
('2678','1403126685','1','添加商品分类: 单鞋','127.0.0.1'),
('2679','1403126692','1','添加商品分类: 运动鞋','127.0.0.1'),
('2680','1403126698','1','添加商品分类: 靴','127.0.0.1'),
('2681','1403126703','1','添加商品分类: 拖鞋','127.0.0.1'),
('2682','1403126710','1','添加商品分类: 休闲鞋','127.0.0.1'),
('2683','1403126716','1','添加商品分类: 皮鞋','127.0.0.1'),
('2684','1403126722','1','添加商品分类: 凉鞋','127.0.0.1'),
('2685','1403126728','1','添加商品分类: 跑鞋','127.0.0.1'),
('2686','1403126733','1','添加商品分类: 靴','127.0.0.1'),
('2687','1403126739','1','添加商品分类: 拖鞋','127.0.0.1'),
('2688','1403126746','1','添加商品分类: 篮球鞋','127.0.0.1'),
('2689','1403126752','1','添加商品分类: 网球鞋','127.0.0.1'),
('2690','1403126758','1','添加商品分类: 登山鞋','127.0.0.1'),
('2691','1403126839','1','添加商品分类: 女包','127.0.0.1'),
('2692','1403126847','1','添加商品分类: 男包','127.0.0.1'),
('2693','1403126854','1','添加商品分类: 商务包','127.0.0.1'),
('2694','1403127042','1','添加商品分类: 运动/旅行包','127.0.0.1'),
('2695','1403127050','1','添加商品分类: 运动包','127.0.0.1'),
('2696','1403127056','1','添加商品分类: 拉杆箱','127.0.0.1'),
('2697','1403127063','1','添加商品分类: 商务包','127.0.0.1'),
('2698','1403127072','1','添加商品分类: 钱包','127.0.0.1'),
('2699','1403127078','1','添加商品分类: 提包/挎包','127.0.0.1'),
('2700','1403127084','1','添加商品分类: 背包','127.0.0.1'),
('2701','1403127089','1','添加商品分类: 钱包','127.0.0.1'),
('2702','1403127094','1','添加商品分类: 手提包','127.0.0.1'),
('2703','1403127100','1','添加商品分类: 手袋','127.0.0.1'),
('2704','1403127105','1','添加商品分类: 背包','127.0.0.1'),
('2705','1403127110','1','添加商品分类: 腰包','127.0.0.1'),
('2706','1403127178','1','添加商品分类: 饰品','127.0.0.1'),
('2707','1403127185','1','添加商品分类: 手表','127.0.0.1'),
('2708','1403127193','1','添加商品分类: 眼镜','127.0.0.1'),
('2709','1403127199','1','添加商品分类: 烟具','127.0.0.1'),
('2710','1403127205','1','添加商品分类: 珠宝玉器','127.0.0.1'),
('2711','1403127240','1','编辑商品分类: 眼镜','127.0.0.1'),
('2712','1403127248','1','编辑商品分类: 饰品','127.0.0.1'),
('2713','1403127254','1','编辑商品分类: 烟具','127.0.0.1'),
('2714','1403127258','1','编辑商品分类: 珠宝玉器','127.0.0.1'),
('2715','1403127282','1','添加商品分类: 珠宝挂饰','127.0.0.1'),
('2716','1403127289','1','添加商品分类: 珠宝摆件','127.0.0.1'),
('2717','1403127295','1','添加商品分类: 打火机','127.0.0.1'),
('2718','1403127302','1','添加商品分类: 眼镜','127.0.0.1'),
('2719','1403127308','1','添加商品分类: 太阳眼镜','127.0.0.1'),
('2720','1403127316','1','添加商品分类: 手表','127.0.0.1'),
('2721','1403127322','1','添加商品分类: 戒指','127.0.0.1'),
('2722','1403127329','1','添加商品分类: 项链/吊坠/胸针','127.0.0.1'),
('2723','1403127334','1','添加商品分类: 耳环耳钉','127.0.0.1'),
('2724','1403127339','1','添加商品分类: 手链/手镯','127.0.0.1'),
('2725','1403127345','1','添加商品分类: 脚链','127.0.0.1'),
('2726','1403127353','1','添加商品分类: 发夹','127.0.0.1'),
('2727','1403127359','1','添加商品分类: 手机挂饰','127.0.0.1'),
('2728','1403127367','1','添加商品分类: 套装','127.0.0.1'),
('2729','1403128883','1','添加商品分类: 护肤品','127.0.0.1'),
('2730','1403128891','1','添加商品分类: 彩妆','127.0.0.1'),
('2731','1403128898','1','添加商品分类: 美体','127.0.0.1'),
('2732','1403128905','1','添加商品分类: 美发','127.0.0.1'),
('2733','1403128914','1','添加商品分类: 香水/香氛系列','127.0.0.1'),
('2734','1403128923','1','添加商品分类: 男性香水','127.0.0.1'),
('2735','1403128930','1','添加商品分类: 香体膏','127.0.0.1'),
('2736','1403128936','1','添加商品分类: 中性香水','127.0.0.1'),
('2737','1403128942','1','添加商品分类: 身体香氛','127.0.0.1'),
('2738','1403128948','1','添加商品分类: 女性香水','127.0.0.1'),
('2739','1403128954','1','添加商品分类: 染发','127.0.0.1'),
('2740','1403128961','1','添加商品分类: 护发','127.0.0.1'),
('2741','1403128968','1','添加商品分类: 头发造型','127.0.0.1'),
('2742','1403128974','1','添加商品分类: 洗头水','127.0.0.1'),
('2743','1403128993','1','添加商品分类: 足手部护理','127.0.0.1'),
('2744','1403129000','1','添加商品分类: 身体润肤乳','127.0.0.1'),
('2745','1403129007','1','添加商品分类: 磨砂膏','127.0.0.1'),
('2746','1403129016','1','添加商品分类: 沐浴乳','127.0.0.1'),
('2747','1403129022','1','添加商品分类: 美体其它','127.0.0.1'),
('2748','1403129044','1','添加商品分类: BB霜','127.0.0.1'),
('2749','1403129052','1','添加商品分类: 唇彩','127.0.0.1'),
('2750','1403129060','1','添加商品分类: 护甲','127.0.0.1'),
('2751','1403129067','1','添加商品分类: 睫毛膏','127.0.0.1'),
('2752','1403129074','1','添加商品分类: 腮红/胭脂','127.0.0.1'),
('2753','1403129081','1','添加商品分类: 遮瑕','127.0.0.1'),
('2754','1403129089','1','添加商品分类: 粉底','127.0.0.1'),
('2755','1403129096','1','添加商品分类: 眼线','127.0.0.1'),
('2756','1403129106','1','添加商品分类: 面膜','127.0.0.1'),
('2757','1403129112','1','添加商品分类: 眼霜/眼膜','127.0.0.1'),
('2758','1403129120','1','添加商品分类: 卸妆','127.0.0.1'),
('2759','1403129129','1','添加商品分类: 去角质/磨砂','127.0.0.1'),
('2760','1403129136','1','添加商品分类: 隔离霜/乳','127.0.0.1'),
('2761','1403129146','1','添加商品分类: 套装组合','127.0.0.1'),
('2762','1403129152','1','添加商品分类: 鼻贴膜','127.0.0.1'),
('2763','1403129227','1','添加商品分类: 数码电子','127.0.0.1'),
('2764','1403129235','1','添加商品分类: 小家电','127.0.0.1'),
('2765','1403129351','1','添加商品分类: 数码配件','127.0.0.1'),
('2766','1403129359','1','添加商品分类: 搅拌机','127.0.0.1'),
('2767','1403129367','1','添加商品分类: 电子按摩器','127.0.0.1'),
('2768','1403129374','1','添加商品分类: 咖啡机','127.0.0.1'),
('2769','1403129381','1','添加商品分类: 电磁炉','127.0.0.1'),
('2770','1403129387','1','添加商品分类: 吸尘器','127.0.0.1'),
('2771','1403129393','1','添加商品分类: 电吹风','127.0.0.1'),
('2772','1403129400','1','添加商品分类: 灭蚊灯','127.0.0.1'),
('2773','1403129406','1','添加商品分类: 豆浆机','127.0.0.1'),
('2774','1403129687','1','添加商品分类: 厨具/餐具','127.0.0.1'),
('2775','1403129693','1','添加商品分类: 寝具/浴具','127.0.0.1'),
('2776','1403129700','1','添加商品分类: 刀具','127.0.0.1'),
('2777','1403131423','1','添加商品分类: 杯具','127.0.0.1'),
('2778','1403131431','1','添加商品分类: 厨房刀具','127.0.0.1'),
('2779','1403131439','1','添加商品分类: 烹饪锅具','127.0.0.1'),
('2780','1403131445','1','添加商品分类: 厨房容器','127.0.0.1'),
('2781','1403131452','1','添加商品分类: 收纳用品','127.0.0.1'),
('2782','1403131458','1','添加商品分类: 保鲜盒','127.0.0.1'),
('2783','1403131530','1','添加商品分类: 床上用品','127.0.0.1'),
('2784','1403131536','1','添加商品分类: 靠枕/抱枕','127.0.0.1'),
('2785','1403131543','1','添加商品分类: 毛毯','127.0.0.1'),
('2786','1403131549','1','添加商品分类: 沐浴容器','127.0.0.1'),
('2787','1403131557','1','添加商品分类: 卫浴','127.0.0.1'),
('2788','1403131563','1','添加商品分类: 军刀','127.0.0.1'),
('2789','1403131579','1','删除商品分类: 文体用品','127.0.0.1'),
('2790','1403131583','1','删除商品分类: 汽车用品','127.0.0.1'),
('2791','1403131899','1','添加商品: 圣荷stherb LoveBank[TangerineDream]佛罗蒙女用香水30ml','127.0.0.1'),
('2792','1403132067','1','编辑商品: 圣荷stherb LoveBank[TangerineDream]佛罗蒙女用香水30ml','127.0.0.1'),
('2793','1403132091','1','编辑商品: 圣荷stherb LoveBank[TangerineDream]佛罗蒙女用香水30ml','127.0.0.1'),
('2794','1403132759','1','添加商品: VEECCI唯资 超完美持久水眉笔104#灰色 1.5g','127.0.0.1'),
('2795','1403132859','1','编辑商品: VEECCI唯资 超完美持久水眉笔104#灰色 1.5g','127.0.0.1'),
('2796','1403133060','1','添加商品: ARTOS雅涂 602沙滩城堡+608酒红色 13ml','127.0.0.1'),
('2797','1403133390','1','添加商品: ZLIME致美 超柔净透洁肤仪（粉紫） 1pc','127.0.0.1'),
('2798','1403133425','1','编辑商品: ZLIME致美 超柔净透洁肤仪（粉紫） 1pc','127.0.0.1'),
('2799','1403133749','1','添加商品: 卡玛Kar&Ma 指甲油组合(气质女王) 18ml*2--176+002','127.0.0.1'),
('2800','1403134234','1','添加商品: 萌黛儿 顶级黑水牛角梳防静电加大加厚款','127.0.0.1'),
('2801','1403134516','1','添加商品: 膜法世家·1908 绿豆清肌去黑头T区护理套装3件套','127.0.0.1'),
('2802','1403135494','1','编辑商品: 膜法世家·1908 绿豆清肌去黑头T区护理套装3件套','127.0.0.1'),
('2803','1403135654','1','添加商品: 诗妃 玫瑰嫩白润手霜 60g','127.0.0.1'),
('2804','1403135666','1','编辑商品: 诗妃 玫瑰嫩白润手霜 60g','127.0.0.1'),
('2805','1403135955','1','编辑商店设置: ','127.0.0.1'),
('2806','1403136216','1','添加商品: 小迷糊 美白嫩肤补水蚕丝面膜套装','127.0.0.1'),
('2807','1403136331','1','添加商品: meier美尔 全身水密码 240ml','127.0.0.1'),
('2808','1403136408','1','添加商品: candy moyo cm637珐琅红（草莓香味）8ml','127.0.0.1'),
('2809','1403136477','1','添加商品: 珍养裸妆BB霜裸妆 40ml','127.0.0.1'),
('2810','1403136489','1','编辑商品: 珍养裸妆BB霜裸妆 40ml','127.0.0.1'),
('2811','1403136724','1','添加商品: 三草两木 自然肌本水动力保湿乳 120ml','127.0.0.1'),
('2812','1403136805','1','添加商品: 诗妃 莱菲丝竹炭袪黑头鼻贴 10P','127.0.0.1'),
('2813','1403136826','1','编辑商品: 三草两木 自然肌本水动力保湿乳 120ml','127.0.0.1'),
('2814','1403137148','1','添加商品: 韩后 植物能量亮肤洁颜膏 100ml','127.0.0.1'),
('2815','1403137547','1','编辑广告: category_1_407','127.0.0.1'),
('2816','1403137556','1','编辑广告: category_1_407','127.0.0.1'),
('2817','1403137583','1','编辑广告位置: category_1_407','127.0.0.1'),
('2818','1403137600','1','编辑广告位置: category_1_407','127.0.0.1'),
('2819','1403137624','1','添加广告位置: category_1_406','127.0.0.1'),
('2820','1403137823','1','添加广告: category_1_406','127.0.0.1'),
('2821','1403227386','1','编辑广告: 登录页左侧广告','127.0.0.1'),
('2822','1403458452','1','编辑商店设置: ','127.0.0.1'),
('2823','1403472970','1','编辑商店设置: ','127.0.0.1'),
('2824','1403473077','1','编辑商店设置: ','127.0.0.1'),
('2825','1403544577','1','编辑前台语言项: ','127.0.0.1'),
('2826','1403550388','1','编辑前台语言项: ','127.0.0.1'),
('2827','1403550454','1','编辑前台语言项: ','127.0.0.1'),
('2828','1403550811','1','编辑前台语言项: ','127.0.0.1'),
('2829','1403560218','1','编辑前台语言项: ','127.0.0.1'),
('2830','1403561723','1','编辑前台语言项: ','127.0.0.1'),
('2831','1403561734','1','编辑前台语言项: ','127.0.0.1'),
('2832','1403631504','1','编辑前台语言项: ','127.0.0.1'),
('2833','1403631522','1','编辑前台语言项: ','127.0.0.1'),
('2834','1403631530','1','编辑前台语言项: ','127.0.0.1'),
('2835','1403633991','1','添加团购商品: 圣荷stherb LoveBank[TangerineDream]佛罗蒙女用香水30ml','127.0.0.1'),
('2836','1403636892','1','添加团购商品: VEECCI唯资 超完美持久水眉笔104#灰色 1.5g','127.0.0.1'),
('2837','1403647725','1','删除积分可兑换的商品: 193','127.0.0.1'),
('2838','1403647725','1','删除积分可兑换的商品: 172','127.0.0.1'),
('2839','1403647725','1','删除积分可兑换的商品: 170','127.0.0.1'),
('2840','1403647725','1','删除积分可兑换的商品: 165','127.0.0.1'),
('2841','1403647725','1','删除积分可兑换的商品: 164','127.0.0.1'),
('2842','1403647725','1','删除积分可兑换的商品: 162','127.0.0.1'),
('2843','1403647725','1','删除积分可兑换的商品: 153','127.0.0.1'),
('2844','1403647774','1','添加团购商品: 诗妃 玫瑰嫩白润手霜 60g','127.0.0.1'),
('2845','1403647811','1','添加团购商品: 小迷糊 美白嫩肤补水蚕丝面膜套装','127.0.0.1'),
('2846','1403652832','1','添加广告位置: 团购列表幻灯片广告一','127.0.0.1'),
('2847','1403652848','1','添加广告位置: 团购列表幻灯片广告二','127.0.0.1'),
('2848','1403652860','1','添加广告位置: 团购列表幻灯片广告三','127.0.0.1'),
('2849','1403652878','1','添加广告: 团购列表幻灯片广告一','127.0.0.1'),
('2850','1403652899','1','添加广告: 团购列表幻灯片广告二','127.0.0.1'),
('2851','1403652937','1','添加广告: 团购列表幻灯片广告三','127.0.0.1'),
('2852','1403653216','1','添加广告位置: 团购列表幻灯片右侧广告','127.0.0.1'),
('2853','1403653227','1','编辑广告位置: 团购列表幻灯片右侧广告','127.0.0.1'),
('2854','1403653251','1','添加广告: 团购列表幻灯片右侧广告','127.0.0.1'),
('2855','1403723429','1','编辑商店设置: ','127.0.0.1'),
('2856','1403723626','1','删除广告: ','127.0.0.1'),
('2857','1403723627','1','删除广告: ','127.0.0.1'),
('2858','1403723628','1','删除广告: ','127.0.0.1'),
('2859','1403723629','1','删除广告: ','127.0.0.1'),
('2860','1403723630','1','删除广告: ','127.0.0.1'),
('2861','1403723631','1','删除广告: ','127.0.0.1'),
('2862','1403723632','1','删除广告: ','127.0.0.1'),
('2863','1403723632','1','删除广告: ','127.0.0.1'),
('2864','1403723634','1','删除广告: ','127.0.0.1'),
('2865','1403723635','1','删除广告: ','127.0.0.1'),
('2866','1403724023','1','添加广告位置: 首页右侧幻灯片广告位一','127.0.0.1'),
('2867','1403724043','1','添加广告位置: 首页右侧幻灯片广告位二','127.0.0.1'),
('2868','1403724055','1','添加广告位置: 首页右侧幻灯片广告位三','127.0.0.1'),
('2869','1403724088','1','添加广告位置: 首页右侧幻灯片下广告位','127.0.0.1'),
('2870','1403724112','1','添加广告: 首页右侧幻灯片广告一','127.0.0.1'),
('2871','1403724128','1','添加广告: 首页右侧幻灯片广告二','127.0.0.1'),
('2872','1403724143','1','添加广告: 首页右侧幻灯片广告三','127.0.0.1'),
('2873','1403724195','1','添加广告: 首页右侧幻灯片下广告','127.0.0.1'),
('2874','1403724215','1','编辑广告: 首页右侧幻灯片广告一','127.0.0.1'),
('2875','1403724222','1','编辑广告: 首页右侧幻灯片广告二','127.0.0.1'),
('2876','1403724232','1','编辑广告: 首页右侧幻灯片广告二','127.0.0.1'),
('2877','1403724256','1','删除广告: ','127.0.0.1'),
('2878','1403724262','1','删除广告: ','127.0.0.1'),
('2879','1403724871','1','添加文章分类: 唯品博客','127.0.0.1'),
('2880','1403724876','1','添加文章分类: 时尚会','127.0.0.1'),
('2881','1403724883','1','添加文章分类: 合作专区','127.0.0.1'),
('2882','1403724921','1','添加文章: 6月爱特卖，幸运奖上奖！300个幸运免单倾情放送','127.0.0.1'),
('2883','1403724940','1','添加文章: “2014唯品会首届创意营销狂人赛”全国高校找狂人','127.0.0.1'),
('2884','1403724952','1','添加文章: 【奖品升级啦！】小宝贝，大模特，唯品会宝贝模特大赛开锣了！','127.0.0.1'),
('2885','1403724965','1','添加文章: 达人示范 不足160也能穿出高瘦感！','127.0.0.1'),
('2886','1403724974','1','添加文章: 10条基本款连衣裙 夏日美艳度up','127.0.0.1'),
('2887','1403724983','1','添加文章: 皮鞋包+短裤 英伦洋红chic','127.0.0.1'),
('2888','1403724995','1','添加文章: 广发分享日 满200减100','127.0.0.1'),
('2889','1403725003','1','添加文章: 携手中行储蓄卡，支付乐享双重好礼','127.0.0.1'),
('2890','1403725011','1','添加文章: 农行逢双有礼 满百减20','127.0.0.1'),
('2891','1403740915','1','添加商品: 轻透防晒喷雾SPF30/141g','127.0.0.1'),
('2892','1403741401','1','编辑商品: 韩后 植物能量亮肤洁颜膏 100ml','127.0.0.1'),
('2893','1403741418','1','编辑商品: 诗妃 莱菲丝竹炭袪黑头鼻贴 10P','127.0.0.1'),
('2894','1403741432','1','编辑商品: 三草两木 自然肌本水动力保湿乳 120ml','127.0.0.1'),
('2895','1403741449','1','编辑商品: 珍养裸妆BB霜裸妆 40ml','127.0.0.1'),
('2896','1403741465','1','编辑商品: candy moyo cm637珐琅红（草莓香味）8ml','127.0.0.1'),
('2897','1403741498','1','编辑商品: meier美尔 全身水密码 240ml','127.0.0.1'),
('2898','1403741521','1','编辑商品: 小迷糊 美白嫩肤补水蚕丝面膜套装','127.0.0.1'),
('2899','1403741556','1','编辑商品: 诗妃 玫瑰嫩白润手霜 60g','127.0.0.1'),
('2900','1403741584','1','编辑商品: 膜法世家·1908 绿豆清肌去黑头T区护理套装3件套','127.0.0.1'),
('2901','1403802868','1','删除广告: ','127.0.0.1'),
('2902','1403802870','1','删除广告: ','127.0.0.1'),
('2903','1403802871','1','删除广告: ','127.0.0.1'),
('2904','1403802872','1','删除广告: ','127.0.0.1'),
('2905','1403802873','1','删除广告: ','127.0.0.1'),
('2906','1403802873','1','删除广告: ','127.0.0.1'),
('2907','1403802874','1','删除广告: ','127.0.0.1'),
('2908','1403802875','1','删除广告: ','127.0.0.1'),
('2909','1403802876','1','删除广告: ','127.0.0.1'),
('2910','1403802877','1','删除广告: ','127.0.0.1'),
('2911','1403802878','1','删除广告: ','127.0.0.1'),
('2912','1403802879','1','删除广告: ','127.0.0.1'),
('2913','1403802880','1','删除广告: ','127.0.0.1'),
('2914','1403802881','1','删除广告: ','127.0.0.1'),
('2915','1403802882','1','删除广告: ','127.0.0.1'),
('2916','1403802883','1','删除广告: ','127.0.0.1'),
('2917','1403802884','1','删除广告: ','127.0.0.1'),
('2918','1403802885','1','删除广告: ','127.0.0.1'),
('2919','1403802886','1','删除广告: ','127.0.0.1'),
('2920','1403802887','1','删除广告: ','127.0.0.1'),
('2921','1403802888','1','删除广告: ','127.0.0.1'),
('2922','1403802889','1','删除广告: ','127.0.0.1'),
('2923','1403802890','1','删除广告: ','127.0.0.1'),
('2924','1403802891','1','删除广告: ','127.0.0.1'),
('2925','1403802892','1','删除广告: ','127.0.0.1'),
('2926','1403802893','1','删除广告: ','127.0.0.1'),
('2927','1403802894','1','删除广告: ','127.0.0.1'),
('2928','1403802895','1','删除广告: ','127.0.0.1'),
('2929','1403802896','1','删除广告: ','127.0.0.1'),
('2930','1403802897','1','删除广告: ','127.0.0.1'),
('2931','1403802898','1','删除广告: ','127.0.0.1'),
('2932','1403802921','1','编辑广告: category_1_299','127.0.0.1'),
('2933','1403802930','1','删除广告: ','127.0.0.1'),
('2934','1403802931','1','删除广告: ','127.0.0.1'),
('2935','1403802932','1','删除广告: ','127.0.0.1'),
('2936','1403802933','1','删除广告: ','127.0.0.1'),
('2937','1403802934','1','删除广告: ','127.0.0.1'),
('2938','1403802935','1','删除广告: ','127.0.0.1'),
('2939','1403802936','1','删除广告: ','127.0.0.1'),
('2940','1403802937','1','删除广告: ','127.0.0.1'),
('2941','1403802938','1','删除广告: ','127.0.0.1'),
('2942','1403802941','1','删除广告: ','127.0.0.1'),
('2943','1403802942','1','删除广告: ','127.0.0.1'),
('2944','1403802943','1','删除广告: ','127.0.0.1'),
('2945','1403802944','1','删除广告: ','127.0.0.1'),
('2946','1403802945','1','删除广告: ','127.0.0.1'),
('2947','1403802946','1','删除广告: ','127.0.0.1'),
('2948','1403802947','1','删除广告: ','127.0.0.1'),
('2949','1403802948','1','删除广告: ','127.0.0.1'),
('2950','1403802949','1','删除广告: ','127.0.0.1'),
('2951','1403802950','1','删除广告: ','127.0.0.1'),
('2952','1403802951','1','删除广告: ','127.0.0.1'),
('2953','1403802952','1','删除广告: ','127.0.0.1'),
('2954','1403802969','1','编辑广告位置: category_1_299','127.0.0.1'),
('2955','1403802986','1','删除广告位置: ','127.0.0.1'),
('2956','1403802987','1','删除广告位置: ','127.0.0.1'),
('2957','1403802987','1','删除广告位置: ','127.0.0.1'),
('2958','1403802988','1','删除广告位置: ','127.0.0.1'),
('2959','1403802989','1','删除广告位置: ','127.0.0.1'),
('2960','1403802990','1','删除广告位置: ','127.0.0.1'),
('2961','1403802991','1','删除广告位置: ','127.0.0.1'),
('2962','1403802992','1','删除广告位置: ','127.0.0.1'),
('2963','1403802993','1','删除广告位置: ','127.0.0.1'),
('2964','1403802995','1','删除广告位置: ','127.0.0.1'),
('2965','1403802996','1','删除广告位置: ','127.0.0.1'),
('2966','1403802997','1','删除广告位置: ','127.0.0.1'),
('2967','1403803001','1','删除广告位置: ','127.0.0.1'),
('2968','1403803014','1','删除广告位置: ','127.0.0.1'),
('2969','1403803019','1','删除广告位置: ','127.0.0.1'),
('2970','1403803031','1','删除广告位置: ','127.0.0.1'),
('2971','1403803032','1','删除广告位置: ','127.0.0.1'),
('2972','1403803033','1','删除广告位置: ','127.0.0.1'),
('2973','1403803034','1','删除广告位置: ','127.0.0.1'),
('2974','1404510960','1','添加属性: 颜色','127.0.0.1'),
('2975','1404510983','1','编辑商品: 卡玛Kar&Ma 指甲油组合(气质女王) 18ml*2--176+002','127.0.0.1'),
('2976','1404517057','1','添加广告位置: 首页最新特卖广告位','127.0.0.1'),
('2977','1404517105','1','添加广告: 首页最新特卖广告1','127.0.0.1'),
('2978','1404517146','1','编辑广告: 首页最新特卖广告1','127.0.0.1'),
('2979','1404517165','1','添加广告: 首页最新特卖广告2','127.0.0.1'),
('2980','1404517187','1','添加广告: 首页最新特卖广告3','127.0.0.1'),
('2981','1404517200','1','编辑广告: 首页最新特卖广告3','127.0.0.1'),
('2982','1404517212','1','添加广告: 首页最新特卖广告4','127.0.0.1'),
('2983','1404517242','1','添加广告: 首页最新特卖广告5','127.0.0.1'),
('2984','1404517270','1','编辑广告: 首页最新特卖广告5','127.0.0.1'),
('2985','1404517284','1','编辑广告: 首页最新特卖广告4','127.0.0.1'),
('2986','1404517290','1','编辑广告: 首页最新特卖广告5','127.0.0.1'),
('2987','1404517311','1','添加广告: 首页最新特卖广告6','127.0.0.1'),
('2988','1404517325','1','添加广告: 首页最新特卖广告7','127.0.0.1'),
('2989','1404517339','1','添加广告: 首页最新特卖广告8','127.0.0.1'),
('2990','1404517355','1','编辑广告: 首页最新特卖广告8','127.0.0.1'),
('2991','1404517371','1','添加广告: 首页最新特卖广告9','127.0.0.1'),
('2992','1404517387','1','添加广告: 首页最新特卖广告10','127.0.0.1'),
('2993','1404517417','1','编辑广告: 首页最新特卖广告8','127.0.0.1'),
('2994','1404518015','1','编辑广告: 首页最新特卖广告9','127.0.0.1'),
('2995','1404518064','1','编辑广告位置: 首页最新特卖广告位','127.0.0.1'),
('2996','1404518083','1','编辑广告: 首页最新特卖广告9','127.0.0.1'),
('2997','1404518345','1','编辑广告位置: 首页最新特卖广告位','127.0.0.1'),
('2998','1404518445','1','编辑广告位置: 首页最新特卖广告位','127.0.0.1'),
('2999','1404518697','1','编辑广告: 首页最新特卖广告9','127.0.0.1'),
('3000','1404518848','1','编辑广告: 首页最新特卖广告2','127.0.0.1'),
('3001','1404518863','1','编辑广告: 首页最新特卖广告3','127.0.0.1'),
('3002','1404518879','1','编辑广告: 首页最新特卖广告5','127.0.0.1'),
('3003','1404518891','1','编辑广告: 首页最新特卖广告4','127.0.0.1'),
('3004','1404518910','1','编辑广告: 首页最新特卖广告10','127.0.0.1'),
('3005','1404518965','1','编辑广告: 首页最新特卖广告8','127.0.0.1'),
('3006','1404518990','1','编辑广告: 首页最新特卖广告7','127.0.0.1'),
('3007','1404519052','1','编辑广告: 首页最新特卖广告3','127.0.0.1'),
('3008','1404519076','1','编辑广告: 首页最新特卖广告6','127.0.0.1'),
('3009','1404519124','1','编辑广告: 首页最新特卖广告1','127.0.0.1'),
('3010','1404688316','1','编辑商品: ZLIME致美 超柔净透洁肤仪（粉紫） 1pc','127.0.0.1'),
('3011','1404688343','1','编辑商品: ZLIME致美 超柔净透洁肤仪（粉紫） 1pc','127.0.0.1'),
('3012','1404688375','1','编辑商品: ZLIME致美 超柔净透洁肤仪（粉紫） 1pc','127.0.0.1'),
('3013','1404694652','1','添加属性: 重量','127.0.0.1'),
('3014','1404694678','1','编辑商品: 卡玛Kar&Ma 指甲油组合(气质女王) 18ml*2--176+002','127.0.0.1'),
('3015','1404780484','1','编辑商品: 圣荷stherb LoveBank[TangerineDream]佛罗蒙女用香水30ml','127.0.0.1'),
('3016','1404843309','1','编辑广告位置: 首页最新特卖广告位','127.0.0.1'),
('3017','1404843379','1','编辑广告: 首页最新特卖广告9','127.0.0.1'),
('3018','1404843524','1','编辑广告位置: 首页最新特卖广告位','127.0.0.1'),
('3019','1404853635','1','编辑商店设置: ','127.0.0.1'),
('3020','1404858081','1','添加商品: 雅诗兰黛 密集焕白滋润乳液 100ml','127.0.0.1'),
('3021','1404858146','1','编辑商品分类: 彩妆','127.0.0.1'),
('3022','1404858305','1','编辑商品分类: 化妆品','127.0.0.1'),
('3023','1404858524','1','编辑商品: 圣荷stherb LoveBank[TangerineDream]佛罗蒙女用香水30ml','127.0.0.1'),
('3024','1404859198','1','编辑操作日志: ','127.0.0.1'),
('3025','1404859251','1','编辑用户评论: 回复','127.0.0.1'),
('3026','1404861842','1','添加属性: 产地','127.0.0.1'),
('3027','1404861865','1','编辑商品: 圣荷stherb LoveBank[TangerineDream]佛罗蒙女用香水30ml','127.0.0.1'),
('3028','1404861907','1','编辑商品分类: 化妆品','127.0.0.1'),
('3029','1404862007','1','添加属性: 香薰','127.0.0.1'),
('3030','1404862020','1','编辑商品: 圣荷stherb LoveBank[TangerineDream]佛罗蒙女用香水30ml','127.0.0.1'),
('3031','1404862054','1','编辑商品分类: 化妆品','127.0.0.1'),
('3032','1404862108','1','编辑商品分类: 化妆品','127.0.0.1'),
('3033','1404862212','1','编辑属性: 颜色','127.0.0.1'),
('3034','1404862281','1','编辑商品: 圣荷stherb LoveBank[TangerineDream]佛罗蒙女用香水30ml','127.0.0.1'),
('3035','1404865808','1','添加积分可兑换的商品: 199','127.0.0.1'),
('3036','1404865814','1','添加积分可兑换的商品: 208','127.0.0.1'),
('3037','1404865821','1','添加积分可兑换的商品: 202','127.0.0.1'),
('3038','1404924987','1','添加夺宝奇兵: test1','127.0.0.1'),
('3039','1404925010','1','添加夺宝奇兵: 测试活动2','127.0.0.1'),
('3040','1404925750','1','编辑会员账号: 小松','127.0.0.1'),
('3041','1404926193','1','编辑商店设置: ','127.0.0.1'),
('3042','1404926243','1','编辑商店设置: ','127.0.0.1'),
('3043','1404926462','1','编辑会员账号: 小松','127.0.0.1'),
('3044','1404927551','1','删除优惠活动: 5.1诺基亚优惠活动','127.0.0.1'),
('3045','1404927740','1','添加优惠活动: 满99元还可以享受9折优惠哦！','127.0.0.1'),
('3046','1404927885','1','编辑优惠活动: 满99元还可以享受9折优惠哦！','127.0.0.1'),
('3047','1404927968','1','编辑优惠活动: 满99元还可以享受9折优惠哦！','127.0.0.1'),
('3048','1404932524','1','编辑会员账号: 小松','127.0.0.1'),
('3049','1404932544','1','编辑会员账号: 小松','127.0.0.1'),
('3050','1404932627','1','编辑会员账号: yx7230','127.0.0.1'),
('3051','1404932628','1','编辑会员账号: 小松','127.0.0.1'),
('3052','1404932689','1','编辑商店设置: ','127.0.0.1'),
('3053','1404932704','1','编辑会员账号: 小松','127.0.0.1'),
('3054','1404949018','1','添加团购商品: candy moyo cm637珐琅红（草莓香味）8ml','192.168.1.72'),
('3055','1404954448','1','商品: 195','192.168.1.56'),
('3056','1404954448','1','商品: 195','192.168.1.56'),
('3057','1404954448','1','商品: 195','192.168.1.56'),
('3058','1405464929','1','编辑商店设置: ','127.0.0.1'),
('3059','1405997689','1','编辑商店设置: ','127.0.0.1'),
('3060','1407714473','1','还原数据库备份: 备份时间2014-07-22 18:54:57','27.13.21.249'),
('3061','1407716806','1','编辑广告: 首页最新特卖广告9','113.116.95.36'),
('3062','1407717020','1','编辑前台语言项: ','124.135.230.185'),
('3063','1407717193','1','编辑前台语言项: ','183.224.1.116'),
('3064','1407808490','1','编辑商店设置: ','27.15.142.129'),
('3065','1407809240','1','编辑商品: 轻透防晒喷雾SPF30/141g','27.15.142.129'),
('3066','1407809335','1','编辑商品: 一生的期盼 喜欢你是淡淡的爱','27.15.142.129'),
('3067','1407809508','1','编辑商品: 一生的期盼 喜欢你是淡淡的爱','27.15.142.129'),
('3068','1407809556','1','编辑商品: 一生的期盼 喜欢你是淡淡的爱','27.15.142.129'),
('3069','1407809743','1','编辑商品: 一生的期盼 喜欢你是淡淡的爱','27.15.142.129'),
('3070','1407809795','1','编辑商店设置: ','27.15.142.129'),
('3071','1407809945','1','编辑商品: 一生的期盼 喜欢你是淡淡的爱','27.15.142.129'),
('3072','1407810058','1','编辑商品: 一生的期盼 喜欢你是淡淡的爱','27.15.142.129'),
('3073','1407810083','1','编辑商品: 一生的期盼 喜欢你是淡淡的爱','27.15.142.129'),
('3074','1407810272','1','编辑用户评论: 回复','27.15.142.129'),
('3075','1407810282','1','编辑用户评论: 回复','27.15.142.129'),
('3076','1407810292','1','编辑用户评论: 回复','27.15.142.129'),
('3077','1407810449','1','编辑用户评论: 回复','27.15.142.129'),
('3078','1407810456','1','编辑用户评论: 回复','27.15.142.129'),
('3079','1407810462','1','编辑用户评论: 回复','27.15.142.129'),
('3080','1407810870','1','编辑商店设置: ','27.15.142.129'),
('3081','1407811036','1','编辑商店设置: ','27.15.142.129'),
('3082','1407811767','1','编辑商店设置: ','27.15.142.129'),
('3083','1407812924','1','编辑文章分类: 首页','27.15.142.129'),
('3084','1407815345','1','编辑商店设置: ','27.15.142.129'),
('3085','1407818114','1','删除商品分类: ','223.64.62.187'),
('3086','1407821800','1','编辑广告: 3','27.15.142.129'),
('3087','1407821814','1','编辑广告: 2','27.15.142.129'),
('3088','1407821829','1','编辑广告: 1','27.15.142.129'),
('3089','1407821876','1','编辑商店设置: ','27.15.142.129'),
('3090','1407823722','1','编辑商店设置: ','27.15.142.129'),
('3091','1407823791','1','编辑商店设置: ','27.15.142.129'),
('3092','1407824306','1','编辑商品: 雅诗兰黛 密集焕白滋润乳液 100ml','115.175.158.29'),
('3093','1407824353','1','编辑权限管理: 221115','27.15.142.129'),
('3094','1407824665','1','编辑商品: 一生的期盼 喜欢你是淡淡的爱','115.175.158.29'),
('3095','1407824675','1','编辑商品: 雅诗兰黛 密集焕白滋润乳液 100ml','115.175.158.29'),
('3096','1407824697','1','编辑商品: 雅诗兰黛 密集焕白滋润乳液 100ml','115.175.158.29'),
('3097','1407824708','1','编辑商品: 雅诗兰黛 密集焕白滋润乳液 100ml','115.175.158.29'),
('3098','1407824804','1','编辑商品: 雅诗兰黛 密集焕白滋润乳液 100ml','115.175.158.29'),
('3099','1407824818','1','编辑商品: 雅诗兰黛 密集焕白滋润乳液 100ml','115.175.158.29'),
('3100','1407825001','1','编辑文章: 农行逢双有礼 满百减20','115.175.158.29'),
('3101','1407825208','2','编辑商品: 七彩玫瑰【为爱写的信】','27.15.142.129'),
('3102','1407825227','2','编辑商品: 七彩玫瑰【为爱写的信】','27.15.142.129'),
('3103','1407825266','2','编辑商品: 永生花【春花烂漫】','27.15.142.129'),
('3104','1407825276','2','编辑商品: 永生花【春花烂漫】','27.15.142.129'),
('3105','1407825314','2','编辑商品: 永生花【春暖花开】','27.15.142.129'),
('3106','1407825335','2','编辑商品: 倾城之恋','27.15.142.129'),
('3107','1407825368','2','编辑商品: 陪你去未来','27.15.142.129'),
('3108','1407825417','2','编辑商品: 无可取代','27.15.142.129'),
('3109','1407825451','2','编辑商品: 脉脉含情','27.15.142.129'),
('3110','1407825480','2','编辑商品: 许你一世芳菲','27.15.142.129'),
('3111','1407825514','2','编辑商品: 喜欢你没道理','27.15.142.129'),
('3112','1407825539','2','编辑商品: 细水流年','27.15.142.129'),
('3113','1407825570','2','编辑商品: 五月花香','27.15.142.129'),
('3114','1407825601','2','编辑商品: 母爱至上','27.15.142.129'),
('3115','1407825633','2','编辑商品: 爱是阳光','27.15.142.129'),
('3116','1407825661','2','编辑商品: 爱历久弥新','27.15.142.129'),
('3117','1407825693','2','编辑商品: 一生爱人','27.15.142.129'),
('3118','1407825728','2','编辑商品: 简单的幸福','27.15.142.129'),
('3119','1407826045','2','编辑商品: 七彩玫瑰【为爱写的信】','27.15.142.129'),
('3120','1407826071','2','编辑商品: 无可取代','27.15.142.129'),
('3121','1407826083','2','编辑商品: 陪你去未来','27.15.142.129'),
('3122','1407826092','2','编辑商品: 许你一世芳菲','27.15.142.129'),
('3123','1407826109','2','编辑商品: 细水流年','27.15.142.129'),
('3124','1407826148','2','删除广告: ','27.15.142.129'),
('3125','1407826151','2','删除广告: ','27.15.142.129'),
('3126','1407826153','2','删除广告: ','27.15.142.129'),
('3127','1407826155','2','删除广告: ','27.15.142.129'),
('3128','1407826157','2','删除广告: ','27.15.142.129'),
('3129','1407826188','2','编辑商品: 爱历久弥新','27.15.142.129'),
('3130','1407826196','2','编辑商品: 爱是阳光','27.15.142.129'),
('3131','1407826207','2','编辑商品: 母爱至上','27.15.142.129'),
('3132','1407826275','2','编辑商品分类: 化妆品','27.15.142.129'),
('3133','1407826312','2','编辑商品分类: 化妆品','27.15.142.129'),
('3134','1407826390','2','删除商品类型: 水果','27.15.142.129'),
('3135','1407826392','2','删除商品类型: 蔬菜','27.15.142.129'),
('3136','1407826394','2','删除商品类型: 水产','27.15.142.129'),
('3137','1407826396','2','删除商品类型: 肉类','27.15.142.129'),
('3138','1407826398','2','删除商品类型: 禽蛋','27.15.142.129'),
('3139','1407826399','2','删除商品类型: 食品饮料','27.15.142.129'),
('3140','1407826402','2','删除商品类型: 甜点','27.15.142.129'),
('3141','1407826404','2','删除商品类型: 礼品礼券','27.15.142.129'),
('3142','1407826617','2','编辑属性: 产地','27.15.142.129'),
('3143','1407826682','2','编辑属性: 产地','27.15.142.129'),
('3144','1407826692','2','编辑属性: 重量','27.15.142.129'),
('3145','1407826700','2','编辑属性: 产地','27.15.142.129'),
('3146','1407826706','2','编辑属性: 重量','27.15.142.129'),
('3147','1407826735','2','编辑商品: 七彩玫瑰【为爱写的信】','27.15.142.129'),
('3148','1407826752','2','编辑商品: 七彩玫瑰【为爱写的信】','27.15.142.129'),
('3149','1407826824','2','编辑商品分类: 化妆品','27.15.142.129'),
('3150','1407826857','2','编辑商品: 七彩玫瑰【为爱写的信】','27.15.142.129'),
('3151','1407826944','2','编辑商品分类: 服饰','27.15.142.129'),
('3152','1407826959','2','编辑商品分类: 服饰','27.15.142.129'),
('3153','1407826987','2','编辑商品分类: 服饰','27.15.142.129'),
('3154','1408797896','1','编辑权限管理: admin','175.2.52.163'),
('3155','1446537711','1','还原数据库备份: 备份时间2015-11-03 07:39:48','127.0.0.1'),
('3156','1446537743','1','删除权限管理: 221115','127.0.0.1'),
('3157','1446537758','1','编辑权限管理: admin','127.0.0.1'),
('3158','1446537815','1','编辑商店设置: ','127.0.0.1'),
('3159','1447158297','1','编辑商品: ZLIME致美 超柔净透洁肤仪（粉紫） 1pc','127.0.0.1'),
('3160','1447158309','1','编辑商品: ARTOS雅涂 602沙滩城堡+608酒红色 13ml','127.0.0.1'),
('3161','1447158370','1','编辑商品: 珍养裸妆BB霜裸妆 40ml','127.0.0.1'),
('3162','1447161808','1','编辑商店设置: ','127.0.0.1'),
('3163','1447164470','1','编辑商店设置: ','127.0.0.1'),
('3164','1447164898','1','添加广告位置: 微信图片','127.0.0.1'),
('3165','1447164947','1','添加广告: 微信图片','127.0.0.1'),
('3166','1447165353','1','添加广告位置: 手机端','127.0.0.1'),
('3167','1447165369','1','添加广告: 手机端','127.0.0.1'),
('3168','1447230673','1','编辑商品: 雅诗兰黛 密集焕白滋润乳液 100ml','127.0.0.1'),
('3169','1447230738','1','编辑商品: 雅诗兰黛 密集焕白滋润乳液 100ml','127.0.0.1'),
('3170','1447231428','1','编辑商品: 诗妃 莱菲丝竹炭袪黑头鼻贴 10P','127.0.0.1'),
('3171','1447231487','1','编辑团购商品: 圣荷stherb LoveBank[TangerineDream]佛罗蒙女用香水30ml[36]','127.0.0.1'),
('3172','1447231500','1','编辑团购商品: VEECCI唯资 超完美持久水眉笔104#灰色 1.5g[37]','127.0.0.1'),
('3173','1447231509','1','编辑团购商品: candy moyo cm637珐琅红（草莓香味）8ml[42]','127.0.0.1'),
('3174','1447237150','1','编辑订单: 2015111149696,订单总金额由 138.00 变为 0.01','127.0.0.1'),
('3175','1447238924','1','编辑广告位置: 手机端','127.0.0.1'),
('3176','1447238962','1','添加广告位置: 头部悬浮logo透明图片','127.0.0.1'),
('3177','1447238982','1','添加广告: 头部悬浮logo透明图片','127.0.0.1'),
('3178','1447239086','1','编辑广告位置: 头部悬浮logo透明图片','127.0.0.1'),
('3179','1458567431','1','还原数据库备份: 备份时间2016-03-09 05:54:07','127.0.0.1'),
('3180','1458567489','1','编辑商店设置: ','127.0.0.1'),
('3181','1458567501','1','编辑商店设置: ','127.0.0.1'),
('3182','1458568110','1','删除商品类型: 水果','127.0.0.1'),
('3183','1458568111','1','删除商品类型: 蔬菜','127.0.0.1'),
('3184','1458568112','1','删除商品类型: 水产','127.0.0.1'),
('3185','1458568113','1','删除商品类型: 肉类','127.0.0.1'),
('3186','1458568113','1','删除商品类型: 禽蛋','127.0.0.1'),
('3187','1458568114','1','删除商品类型: 食品饮料','127.0.0.1'),
('3188','1458568115','1','删除商品类型: 甜点','127.0.0.1'),
('3189','1458568115','1','删除商品类型: 礼品礼券','127.0.0.1'),
('3190','1458568241','1','编辑商品: 卡玛Kar&Ma 指甲油组合(气质女王) 18ml*2--176+002','127.0.0.1'),
('3191','1458568299','1','编辑商品: 卡玛Kar&Ma 指甲油组合(气质女王) 18ml*2--176+002','127.0.0.1'),
('3192','1458568581','1','编辑商品: 卡玛Kar&Ma 指甲油组合(气质女王) 18ml*2--176+002','127.0.0.1'),
('3193','1458568609','1','编辑商品: 卡玛Kar&Ma 指甲油组合(气质女王) 18ml*2--176+002','127.0.0.1'),
('3194','1458568649','1','编辑商品: 诗妃 莱菲丝竹炭袪黑头鼻贴 10P','127.0.0.1'),
('3195','1458568712','1','编辑商品: ARTOS雅涂 602沙滩城堡+608酒红色 13ml','127.0.0.1'),
('3196','1458568877','1','编辑商品: 卡玛Kar&Ma 指甲油组合(气质女王) 18ml*2--176+002','127.0.0.1'),
('3197','1458568996','1','添加属性: 容量','127.0.0.1'),
('3198','1458569027','1','添加属性: 套装','127.0.0.1'),
('3199','1458569041','1','编辑商品: 卡玛Kar&Ma 指甲油组合(气质女王) 18ml*2--176+002','127.0.0.1'),
('3200','1501076475','1','删除商品类型: 婚纱摄影','0.0.0.0'),
('3201','1501076478','1','删除商品类型: 指甲油','0.0.0.0'),
('3202','1501076605','1','添加属性: 选择粘度','0.0.0.0'),
('3203','1501076635','1','添加属性: 商品名称','0.0.0.0'),
('3204','1501076648','1','添加属性: 商品毛重','0.0.0.0'),
('3205','1501076654','1','添加属性: 粘度','0.0.0.0'),
('3206','1501076659','1','添加属性: 海外直采','0.0.0.0'),
('3207','1501076667','1','添加属性: 机油等级','0.0.0.0'),
('3208','1501076672','1','添加属性: 商品产地','0.0.0.0'),
('3209','1501076677','1','添加属性: 类别','0.0.0.0'),
('3210','1501076684','1','添加属性: 分类','0.0.0.0'),
('3211','1501076689','1','添加属性: 容量','0.0.0.0'),
('3212','1501076751','1','添加商品分类: 车型分类','0.0.0.0'),
('3213','1501076759','1','添加商品分类: 小型汽车','0.0.0.0'),
('3214','1501076765','1','删除商品分类: 军刀','0.0.0.0'),
('3215','1501076768','1','删除商品分类: 刀具','0.0.0.0'),
('3216','1501076769','1','删除商品分类: 靠枕/抱枕','0.0.0.0'),
('3217','1501076770','1','删除商品分类: 毛毯','0.0.0.0'),
('3218','1501076771','1','删除商品分类: 沐浴容器','0.0.0.0'),
('3219','1501076772','1','删除商品分类: 卫浴','0.0.0.0'),
('3220','1501076773','1','删除商品分类: 床上用品','0.0.0.0'),
('3221','1501076773','1','删除商品分类: 寝具/浴具','0.0.0.0'),
('3222','1501076774','1','删除商品分类: 烹饪锅具','0.0.0.0'),
('3223','1501076775','1','删除商品分类: 厨房容器','0.0.0.0'),
('3224','1501076775','1','删除商品分类: 收纳用品','0.0.0.0'),
('3225','1501076776','1','删除商品分类: 保鲜盒','0.0.0.0'),
('3226','1501076778','1','删除商品分类: 厨房刀具','0.0.0.0'),
('3227','1501076778','1','删除商品分类: 杯具','0.0.0.0'),
('3228','1501076779','1','删除商品分类: 厨具/餐具','0.0.0.0'),
('3229','1501076780','1','删除商品分类: 家居百货','0.0.0.0'),
('3230','1501076781','1','删除商品分类: 灭蚊灯','0.0.0.0'),
('3231','1501076781','1','删除商品分类: 豆浆机','0.0.0.0'),
('3232','1501076782','1','删除商品分类: 咖啡机','0.0.0.0'),
('3233','1501076783','1','删除商品分类: 电磁炉','0.0.0.0'),
('3234','1501076783','1','删除商品分类: 吸尘器','0.0.0.0'),
('3235','1501076784','1','删除商品分类: 电吹风','0.0.0.0'),
('3236','1501076785','1','删除商品分类: 电子按摩器','0.0.0.0'),
('3237','1501076785','1','删除商品分类: 搅拌机','0.0.0.0'),
('3238','1501076786','1','删除商品分类: 小家电','0.0.0.0'),
('3239','1501076787','1','删除商品分类: 数码配件','0.0.0.0'),
('3240','1501076788','1','删除商品分类: 数码电子','0.0.0.0'),
('3241','1501076789','1','删除商品分类: 3C产品','0.0.0.0'),
('3242','1501076790','1','删除商品分类: 男性香水','0.0.0.0'),
('3243','1501076790','1','删除商品分类: 香体膏','0.0.0.0'),
('3244','1501076791','1','删除商品分类: 中性香水','0.0.0.0'),
('3245','1501076792','1','删除商品分类: 身体香氛','0.0.0.0'),
('3246','1501076808','1','删除商品分类: 洗头水','0.0.0.0'),
('3247','1501076809','1','删除商品分类: 沐浴乳','0.0.0.0'),
('3248','1501076813','1','删除商品分类: 磨砂膏','0.0.0.0'),
('3249','1501076814','1','删除商品分类: 身体润肤乳','0.0.0.0'),
('3250','1501076815','1','删除商品分类: 足手部护理','0.0.0.0'),
('3251','1501076819','1','删除商品分类: 遮瑕','0.0.0.0'),
('3252','1501076822','1','删除商品分类: 粉底','0.0.0.0'),
('3253','1501076826','1','删除商品分类: 唇彩','0.0.0.0'),
('3254','1501076830','1','删除商品分类: BB霜','0.0.0.0'),
('3255','1501076834','1','删除商品分类: 眼霜/眼膜','0.0.0.0'),
('3256','1501076835','1','删除商品分类: 卸妆','0.0.0.0'),
('3257','1501076836','1','删除商品分类: 去角质/磨砂','0.0.0.0'),
('3258','1501076841','1','删除商品分类: 套装组合','0.0.0.0'),
('3259','1501076844','1','删除商品分类: 珠宝挂饰','0.0.0.0'),
('3260','1501076851','1','删除商品分类: 男童拖鞋','0.0.0.0'),
('3261','1501076860','1','删除商品分类: 手表','0.0.0.0'),
('3262','1501076864','1','删除商品分类: 眼镜','0.0.0.0'),
('3263','1501076869','1','删除商品分类: 珠宝摆件','0.0.0.0'),
('3264','1501076873','1','删除商品分类: 珠宝玉器','0.0.0.0'),
('3265','1501076874','1','删除商品分类: 打火机','0.0.0.0'),
('3266','1501076876','1','删除商品分类: 烟具','0.0.0.0'),
('3267','1501076877','1','删除商品分类: 太阳眼镜','0.0.0.0'),
('3268','1501076878','1','删除商品分类: 眼镜','0.0.0.0'),
('3269','1501076883','1','删除商品分类: 手表','0.0.0.0'),
('3270','1501076886','1','删除商品分类: 耳环耳钉','0.0.0.0'),
('3271','1501076889','1','删除商品分类: 手链/手镯','0.0.0.0'),
('3272','1501076894','1','删除商品分类: 脚链','0.0.0.0'),
('3273','1501076904','1','删除商品分类: 发夹','0.0.0.0'),
('3274','1501076905','1','删除商品分类: 手机挂饰','0.0.0.0'),
('3275','1501076906','1','删除商品分类: 套装','0.0.0.0'),
('3276','1501076907','1','删除商品分类: 项链/吊坠/胸针','0.0.0.0'),
('3277','1501076909','1','删除商品分类: 戒指','0.0.0.0'),
('3278','1501076910','1','删除商品分类: 饰品','0.0.0.0'),
('3279','1501076911','1','删除商品分类: 配饰','0.0.0.0'),
('3280','1501076912','1','删除商品分类: 拉杆箱','0.0.0.0'),
('3281','1501076913','1','删除商品分类: 运动包','0.0.0.0'),
('3282','1501076914','1','删除商品分类: 运动/旅行包','0.0.0.0'),
('3283','1501076916','1','删除商品分类: 商务包','0.0.0.0'),
('3284','1501076917','1','删除商品分类: 商务包','0.0.0.0'),
('3285','1501076918','1','删除商品分类: 提包/挎包','0.0.0.0'),
('3286','1501076919','1','删除商品分类: 背包','0.0.0.0'),
('3287','1501076920','1','删除商品分类: 钱包','0.0.0.0'),
('3288','1501076921','1','删除商品分类: 男包','0.0.0.0'),
('3289','1501076927','1','删除商品分类: 手袋','0.0.0.0'),
('3290','1501076928','1','删除商品分类: 背包','0.0.0.0'),
('3291','1501076929','1','删除商品分类: 腰包','0.0.0.0'),
('3292','1501076930','1','删除商品分类: 手提包','0.0.0.0'),
('3293','1501076930','1','删除商品分类: 钱包','0.0.0.0'),
('3294','1501076931','1','删除商品分类: 女包','0.0.0.0'),
('3295','1501076932','1','删除商品分类: 箱包','0.0.0.0'),
('3296','1501076933','1','删除商品分类: 女童单鞋','0.0.0.0'),
('3297','1501076934','1','删除商品分类: 女童运动鞋','0.0.0.0'),
('3298','1501076935','1','删除商品分类: 男童凉鞋','0.0.0.0'),
('3299','1501076936','1','删除商品分类: 男童单鞋','0.0.0.0'),
('3300','1501076937','1','删除商品分类: 男童皮鞋','0.0.0.0'),
('3301','1501076938','1','删除商品分类: 男童休闲鞋','0.0.0.0'),
('3302','1501076942','1','删除商品分类: 男童运动鞋','0.0.0.0'),
('3303','1501076945','1','删除商品分类: 女童拖鞋','0.0.0.0'),
('3304','1501076946','1','删除商品分类: 女童凉鞋','0.0.0.0'),
('3305','1501076947','1','删除商品分类: 童鞋','0.0.0.0'),
('3306','1501076948','1','删除商品分类: 休闲鞋','0.0.0.0'),
('3307','1501076949','1','删除商品分类: 皮鞋','0.0.0.0'),
('3308','1501076950','1','删除商品分类: 单鞋','0.0.0.0'),
('3309','1501076950','1','删除商品分类: 运动鞋','0.0.0.0'),
('3310','1501076951','1','删除商品分类: 靴','0.0.0.0'),
('3311','1501076953','1','删除商品分类: 拖鞋','0.0.0.0'),
('3312','1501076953','1','删除商品分类: 凉鞋','0.0.0.0'),
('3313','1501076954','1','删除商品分类: 高跟鞋','0.0.0.0'),
('3314','1501076955','1','删除商品分类: 女鞋','0.0.0.0'),
('3315','1501076960','1','删除商品分类: 休闲鞋','0.0.0.0'),
('3316','1501076962','1','删除商品分类: 皮鞋','0.0.0.0'),
('3317','1501076963','1','删除商品分类: 凉鞋','0.0.0.0'),
('3318','1501076964','1','删除商品分类: 跑鞋','0.0.0.0'),
('3319','1501076965','1','删除商品分类: 靴','0.0.0.0'),
('3320','1501076966','1','删除商品分类: 拖鞋','0.0.0.0'),
('3321','1501076967','1','删除商品分类: 篮球鞋','0.0.0.0'),
('3322','1501076971','1','删除商品分类: 网球鞋','0.0.0.0'),
('3323','1501076972','1','删除商品分类: 登山鞋','0.0.0.0'),
('3324','1501076973','1','删除商品分类: 男鞋','0.0.0.0'),
('3325','1501076974','1','删除商品分类: 鞋类','0.0.0.0'),
('3326','1501076975','1','删除商品分类: 针织衫','0.0.0.0'),
('3327','1501076976','1','删除商品分类: 衬衫','0.0.0.0'),
('3328','1501076977','1','删除商品分类: 连身裙','0.0.0.0'),
('3329','1501076978','1','删除商品分类: 半截裙','0.0.0.0'),
('3330','1501076979','1','删除商品分类: 休闲裤','0.0.0.0'),
('3331','1501076982','1','删除商品分类: 牛仔裤','0.0.0.0'),
('3332','1501076983','1','删除商品分类: T恤','0.0.0.0'),
('3333','1501076985','1','删除商品分类: 内裤','0.0.0.0'),
('3334','1501076986','1','删除商品分类: Polo','0.0.0.0'),
('3335','1501076987','1','删除商品分类: 内衣(抹胸)','0.0.0.0'),
('3336','1501076989','1','删除商品分类: 毛衣','0.0.0.0'),
('3337','1501076991','1','删除商品分类: 外套','0.0.0.0'),
('3338','1501076992','1','删除商品分类: 男童T恤','0.0.0.0'),
('3339','1501076993','1','删除商品分类: 男童针织衫','0.0.0.0'),
('3340','1501076994','1','删除商品分类: 男童衬衫','0.0.0.0'),
('3341','1501076995','1','删除商品分类: 男童外套','0.0.0.0'),
('3342','1501076995','1','删除商品分类: 男童裤','0.0.0.0'),
('3343','1501076996','1','删除商品分类: 女童T恤','0.0.0.0'),
('3344','1501076997','1','删除商品分类: 女童针织衫','0.0.0.0'),
('3345','1501076998','1','删除商品分类: 女童连身裙','0.0.0.0'),
('3346','1501076999','1','删除商品分类: 女童裤','0.0.0.0'),
('3347','1501076999','1','删除商品分类: 女童背心','0.0.0.0'),
('3348','1501077000','1','删除商品分类: 男童背心','0.0.0.0'),
('3349','1501077001','1','删除商品分类: 童装','0.0.0.0'),
('3350','1501077002','1','删除商品分类: 外套','0.0.0.0'),
('3351','1501077003','1','删除商品分类: 休闲裤','0.0.0.0'),
('3352','1501077004','1','删除商品分类: 牛仔裤','0.0.0.0'),
('3353','1501077004','1','删除商品分类: 袜子','0.0.0.0'),
('3354','1501077005','1','删除商品分类: 皮带','0.0.0.0'),
('3355','1501077006','1','删除商品分类: 夹克','0.0.0.0'),
('3356','1501077007','1','删除商品分类: 泳裤','0.0.0.0'),
('3357','1501077008','1','删除商品分类: Polo','0.0.0.0'),
('3358','1501077008','1','删除商品分类: 针织衫','0.0.0.0'),
('3359','1501077009','1','删除商品分类: 衬衫','0.0.0.0'),
('3360','1501077010','1','删除商品分类: 卫衣','0.0.0.0'),
('3361','1501077011','1','删除商品分类: T恤','0.0.0.0'),
('3362','1501077011','1','删除商品分类: 男装','0.0.0.0'),
('3363','1501077014','1','删除商品分类: 女装','0.0.0.0'),
('3364','1501077015','1','删除商品分类: 服饰','0.0.0.0'),
('3365','1501077029','1','删除商品分类: 女性香水','0.0.0.0'),
('3366','1501077030','1','删除商品分类: 香水/香氛系列','0.0.0.0'),
('3367','1501077051','1','删除商品分类: 头发造型','0.0.0.0'),
('3368','1501077052','1','删除商品分类: 护发','0.0.0.0'),
('3369','1501077053','1','删除商品分类: 染发','0.0.0.0'),
('3370','1501077054','1','删除商品分类: 美发','0.0.0.0'),
('3371','1501077082','1','删除商品分类: 美体其它','0.0.0.0'),
('3372','1501077083','1','删除商品分类: 美体','0.0.0.0'),
('3373','1501077108','1','删除商品分类: 护甲','0.0.0.0'),
('3374','1501077109','1','删除商品分类: 睫毛膏','0.0.0.0'),
('3375','1501077110','1','删除商品分类: 腮红/胭脂','0.0.0.0'),
('3376','1501077111','1','删除商品分类: 眼线','0.0.0.0'),
('3377','1501077111','1','删除商品分类: 彩妆','0.0.0.0'),
('3378','1501077134','1','删除商品分类: 隔离霜/乳','0.0.0.0'),
('3379','1501077135','1','删除商品分类: 鼻贴膜','0.0.0.0'),
('3380','1501077136','1','删除商品分类: 面膜','0.0.0.0'),
('3381','1501077136','1','删除商品分类: 护肤品','0.0.0.0'),
('3382','1501077253','1','添加商品分类: 卡车及工程车','0.0.0.0'),
('3383','1501077261','1','添加商品分类: 柴油车油品','0.0.0.0'),
('3384','1501077270','1','添加商品分类: 20W-50','0.0.0.0'),
('3385','1501077279','1','添加商品分类: 5W-30','0.0.0.0'),
('3386','1501077286','1','添加商品分类: 15W-40','0.0.0.0'),
('3387','1501077295','1','添加商品分类: 0W-40','0.0.0.0'),
('3388','1501077302','1','添加商品分类: 5W-40','0.0.0.0'),
('3389','1501077312','1','添加商品分类:  10W-40','0.0.0.0'),
('3390','1501077319','1','添加商品分类: 天然汽车油品','0.0.0.0'),
('3391','1501077327','1','添加商品分类:  5W-30','0.0.0.0'),
('3392','1501077334','1','添加商品分类: 20W-50','0.0.0.0'),
('3393','1501077342','1','添加商品分类: 10W-40','0.0.0.0'),
('3394','1501077349','1','添加商品分类: 15W-40','0.0.0.0'),
('3395','1501077354','1','添加商品分类: 汽油车油品','0.0.0.0'),
('3396','1501077363','1','添加商品分类:  5W-40','0.0.0.0'),
('3397','1501077370','1','添加商品分类: 15W-40','0.0.0.0'),
('3398','1501077382','1','添加商品分类: 5W-30','0.0.0.0'),
('3399','1501077391','1','添加商品分类:  20W-50','0.0.0.0'),
('3400','1501077400','1','添加商品分类:  0W-40','0.0.0.0'),
('3401','1501077652','1','添加商品: 德卫（Divinol）5W-40 SN/CF 全合成机油 德国原装进口润滑油 4L+2*1L（共6升）','0.0.0.0'),
('3402','1501077763','1','批量回收商品: ','0.0.0.0'),
('3403','1501077784','1','批量删除商品: ','0.0.0.0'),
('3404','1501077789','1','删除商品分类: 化妆品','0.0.0.0'),
('3405','1501077953','1','添加商品: 德卫（Divinol）5W-40 SN/CF 全合成机油 德国原装进口润滑油 4L+3*1L（共7升）','0.0.0.0'),
('3406','1501078030','1','添加商品: 德卫（Divinol）15W-40 SG/CF 全合成机油 德国原装进口润滑油 大量采购请致电13530318582','0.0.0.0'),
('3407','1501078091','1','添加商品: 德卫（Divinol）15W-40 SG/CF 全合成机油 德国原装进口润滑油 5L','0.0.0.0'),
('3408','1501078147','1','添加商品: 德卫（Divinol）15W-40 SG/CF 全合成机油 德国原装进口润滑油 20L','0.0.0.0'),
('3409','1501078204','1','添加商品: 德卫（Divinol）20W-50 SJ/CF 全合成机油 德国原装进口润滑油 20L','0.0.0.0'),
('3410','1501078262','1','添加商品: 德卫（Divinol）20W-50 SJ/CF 全合成机油 德国原装进口润滑油 5L','0.0.0.0'),
('3411','1501078328','1','添加商品: 德卫（Divinol）10W-40 CI-4/LNG 全合成机油 德国原装进口润滑油 5L','0.0.0.0'),
('3412','1501078389','1','添加商品: 德卫（Divinol）10W-40 CI-4/LNG 全合成机油 德国原装进口润滑油 20L','0.0.0.0'),
('3413','1501078469','1','添加商品: 德卫 机油10w40柴油机油全合成货车机油CI-4大车机油 20L（可跑10万公里）','0.0.0.0'),
('3414','1501078531','1','添加商品: 德卫 机油10w40柴油机油全合成货车机油CI-4大车机油 大量采购请致电13530318582','0.0.0.0'),
('3415','1501078601','1','添加商品: 德卫（Divinol）20W-50 SJ/CF 全合成机油 德国原装进口润滑油 大量采购请致电13530318582','0.0.0.0'),
('3416','1501078666','1','添加商品: 德卫（Divinol）5W-40 SN/CF 全合成机油 德国原装进口润滑油 大量采购请致电13530318582','0.0.0.0'),
('3417','1501078677','1','编辑商品: 德卫（Divinol）5W-40 SN/CF 全合成机油 德国原装进口润滑油 大量采购请致电13530318582','0.0.0.0'),
('3418','1501078685','1','编辑商品: 德卫（Divinol）20W-50 SJ/CF 全合成机油 德国原装进口润滑油 大量采购请致电13530318582','0.0.0.0'),
('3419','1501078692','1','编辑商品: 德卫 机油10w40柴油机油全合成货车机油CI-4大车机油 大量采购请致电13530318582','0.0.0.0'),
('3420','1501078698','1','编辑商品: 德卫 机油10w40柴油机油全合成货车机油CI-4大车机油 20L（可跑10万公里）','0.0.0.0'),
('3421','1501078705','1','编辑商品: 德卫（Divinol）10W-40 CI-4/LNG 全合成机油 德国原装进口润滑油 20L','0.0.0.0'),
('3422','1501078725','1','编辑商品: 德卫（Divinol）10W-40 CI-4/LNG 全合成机油 德国原装进口润滑油 5L','0.0.0.0'),
('3423','1501078734','1','编辑商品: 德卫（Divinol）20W-50 SJ/CF 全合成机油 德国原装进口润滑油 5L','0.0.0.0'),
('3424','1501078743','1','编辑商品: 德卫（Divinol）20W-50 SJ/CF 全合成机油 德国原装进口润滑油 20L','0.0.0.0'),
('3425','1501078750','1','编辑商品: 德卫（Divinol）15W-40 SG/CF 全合成机油 德国原装进口润滑油 20L','0.0.0.0'),
('3426','1501078757','1','编辑商品: 德卫（Divinol）15W-40 SG/CF 全合成机油 德国原装进口润滑油 5L','0.0.0.0'),
('3427','1501078767','1','编辑商品: 德卫（Divinol）15W-40 SG/CF 全合成机油 德国原装进口润滑油 大量采购请致电13530318582','0.0.0.0'),
('3428','1501078781','1','编辑商品: 德卫（Divinol）5W-40 SN/CF 全合成机油 德国原装进口润滑油 4L+3*1L（共7升）','0.0.0.0'),
('3429','1501120643','1','编辑商品: 德卫（Divinol）5W-40 SN/CF 全合成机油 德国原装进口润滑油 4L+2*1L（共6升）','0.0.0.0'),
('3430','1501120717','1','编辑商品: 德卫（Divinol）5W-40 SN/CF 全合成机油 德国原装进口润滑油 4L+2*1L（共6升）','0.0.0.0'),
('3431','1501120753','1','编辑商品: 德卫（Divinol）5W-40 SN/CF 全合成机油 德国原装进口润滑油 4L+2*1L（共6升）','0.0.0.0'),
('3432','1501121053','1','编辑商品: 德卫（Divinol）5W-40 SN/CF 全合成机油 德国原装进口润滑油 4L+3*1L（共7升）','0.0.0.0'),
('3433','1501121083','1','编辑商品: 德卫（Divinol）5W-40 SN/CF 全合成机油 德国原装进口润滑油 4L+3*1L（共7升）','0.0.0.0'),
('3434','1501121099','1','编辑商品: 德卫（Divinol）5W-40 SN/CF 全合成机油 德国原装进口润滑油 4L+3*1L（共7升）','0.0.0.0'),
('3435','1501121124','1','编辑商品: 德卫（Divinol）5W-40 SN/CF 全合成机油 德国原装进口润滑油 4L+3*1L（共7升）','0.0.0.0'),
('3436','1501121145','1','编辑商品: 德卫（Divinol）15W-40 SG/CF 全合成机油 德国原装进口润滑油 大量采购请致电13530318582','0.0.0.0'),
('3437','1501121166','1','编辑商品: 德卫（Divinol）15W-40 SG/CF 全合成机油 德国原装进口润滑油 大量采购请致电13530318582','0.0.0.0'),
('3438','1501121186','1','编辑商品: 德卫（Divinol）15W-40 SG/CF 全合成机油 德国原装进口润滑油 5L','0.0.0.0'),
('3439','1501121211','1','编辑商品: 德卫（Divinol）15W-40 SG/CF 全合成机油 德国原装进口润滑油 5L','0.0.0.0'),
('3440','1501121232','1','编辑商品: 德卫（Divinol）15W-40 SG/CF 全合成机油 德国原装进口润滑油 20L','0.0.0.0'),
('3441','1501121258','1','编辑商品: 德卫（Divinol）15W-40 SG/CF 全合成机油 德国原装进口润滑油 20L','0.0.0.0'),
('3442','1501121282','1','编辑商品: 德卫（Divinol）20W-50 SJ/CF 全合成机油 德国原装进口润滑油 20L','0.0.0.0'),
('3443','1501121305','1','编辑商品: 德卫（Divinol）20W-50 SJ/CF 全合成机油 德国原装进口润滑油 20L','0.0.0.0'),
('3444','1501121336','1','编辑商品: 德卫（Divinol）20W-50 SJ/CF 全合成机油 德国原装进口润滑油 5L','0.0.0.0'),
('3445','1501121374','1','编辑商品: 德卫（Divinol）20W-50 SJ/CF 全合成机油 德国原装进口润滑油 5L','0.0.0.0'),
('3446','1501121403','1','编辑商品: 德卫（Divinol）10W-40 CI-4/LNG 全合成机油 德国原装进口润滑油 5L','0.0.0.0'),
('3447','1501121430','1','编辑商品: 德卫（Divinol）10W-40 CI-4/LNG 全合成机油 德国原装进口润滑油 5L','0.0.0.0'),
('3448','1501121457','1','编辑商品: 德卫（Divinol）10W-40 CI-4/LNG 全合成机油 德国原装进口润滑油 20L','0.0.0.0'),
('3449','1501121477','1','编辑商品: 德卫（Divinol）10W-40 CI-4/LNG 全合成机油 德国原装进口润滑油 20L','0.0.0.0'),
('3450','1501121501','1','编辑商品: 德卫 机油10w40柴油机油全合成货车机油CI-4大车机油 20L（可跑10万公里）','0.0.0.0'),
('3451','1501121522','1','编辑商品: 德卫 机油10w40柴油机油全合成货车机油CI-4大车机油 20L（可跑10万公里）','0.0.0.0'),
('3452','1501121542','1','编辑商品: 德卫 机油10w40柴油机油全合成货车机油CI-4大车机油 大量采购请致电13530318582','0.0.0.0'),
('3453','1501121566','1','编辑商品: 德卫 机油10w40柴油机油全合成货车机油CI-4大车机油 大量采购请致电13530318582','0.0.0.0'),
('3454','1501121584','1','编辑商品: 德卫（Divinol）20W-50 SJ/CF 全合成机油 德国原装进口润滑油 大量采购请致电13530318582','0.0.0.0'),
('3455','1501121606','1','编辑商品: 德卫（Divinol）20W-50 SJ/CF 全合成机油 德国原装进口润滑油 大量采购请致电13530318582','0.0.0.0'),
('3456','1501121620','1','编辑商品: 德卫（Divinol）5W-40 SN/CF 全合成机油 德国原装进口润滑油 大量采购请致电13530318582','0.0.0.0'),
('3457','1501121645','1','编辑商品: 德卫（Divinol）5W-40 SN/CF 全合成机油 德国原装进口润滑油 大量采购请致电13530318582','0.0.0.0'),
('3458','1501124217','1','编辑商品: 德卫（Divinol）20W-50 SJ/CF 全合成机油 德国原装进口润滑油 大量采购请致电13530318582','0.0.0.0'),
('3459','1501221680','1','添加商品: dem ','0.0.0.0'),
('3460','1501221686','1','回收商品: dem ','0.0.0.0'),
('3461','1501305983','1','编辑商店设置: ','119.130.71.68'),
('3462','1501305995','1','编辑商店设置: ','119.130.71.68'),
('3463','1501306052','1','编辑商店设置: ','119.130.71.68'),
('3464','1501466721','1','编辑商店设置: ','183.3.136.85'),
('3465','1501491512','1','编辑商店设置: ','183.3.136.85');
DROP TABLE IF EXISTS  `ecs_admin_message`;
CREATE TABLE `ecs_admin_message` (
  `message_id` smallint(5) unsigned NOT NULL AUTO_INCREMENT,
  `sender_id` tinyint(3) unsigned NOT NULL DEFAULT '0',
  `receiver_id` tinyint(3) unsigned NOT NULL DEFAULT '0',
  `sent_time` int(11) unsigned NOT NULL DEFAULT '0',
  `read_time` int(11) unsigned NOT NULL DEFAULT '0',
  `readed` tinyint(1) unsigned NOT NULL DEFAULT '0',
  `deleted` tinyint(1) unsigned NOT NULL DEFAULT '0',
  `title` varchar(150) NOT NULL DEFAULT '',
  `message` text NOT NULL,
  PRIMARY KEY (`message_id`),
  KEY `sender_id` (`sender_id`,`receiver_id`),
  KEY `receiver_id` (`receiver_id`)
) ENGINE=InnoDB DEFAULT CHARSET=utf8 ROW_FORMAT=DYNAMIC;

DROP TABLE IF EXISTS  `ecs_admin_user`;
CREATE TABLE `ecs_admin_user` (
  `user_id` smallint(5) unsigned NOT NULL AUTO_INCREMENT,
  `user_name` varchar(60) NOT NULL DEFAULT '',
  `email` varchar(60) NOT NULL DEFAULT '',
  `password` varchar(32) NOT NULL DEFAULT '',
  `ec_salt` varchar(10) DEFAULT NULL,
  `add_time` int(11) NOT NULL DEFAULT '0',
  `last_login` int(11) NOT NULL DEFAULT '0',
  `last_ip` varchar(15) NOT NULL DEFAULT '',
  `action_list` text NOT NULL,
  `nav_list` text NOT NULL,
  `lang_type` varchar(50) NOT NULL DEFAULT '',
  `agency_id` smallint(5) unsigned NOT NULL,
  `suppliers_id` smallint(5) unsigned DEFAULT '0',
  `todolist` longtext,
  `role_id` smallint(5) DEFAULT NULL,
  PRIMARY KEY (`user_id`),
  KEY `user_name` (`user_name`),
  KEY `agency_id` (`agency_id`)
) ENGINE=InnoDB AUTO_INCREMENT=3 DEFAULT CHARSET=utf8 ROW_FORMAT=DYNAMIC;

insert into `ecs_admin_user`(`user_id`,`user_name`,`email`,`password`,`ec_salt`,`add_time`,`last_login`,`last_ip`,`action_list`,`nav_list`,`lang_type`,`agency_id`,`suppliers_id`,`todolist`,`role_id`) values
('1','admin','admin@0769web.net','2dcb94e5057587f7ce7856ea38bbecc4','5699','1407714451','1501491268','183.3.136.85','all','商品列表|goods.php?act=list,订单列表|order.php?act=list,用户评论|comment_manage.php?act=list,会员列表|users.php?act=list,商店设置|shop_config.php?act=list_edit','','0','0',null,null);
DROP TABLE IF EXISTS  `ecs_adsense`;
CREATE TABLE `ecs_adsense` (
  `from_ad` smallint(5) NOT NULL DEFAULT '0',
  `referer` varchar(255) NOT NULL DEFAULT '',
  `clicks` int(10) unsigned NOT NULL DEFAULT '0',
  KEY `from_ad` (`from_ad`)
) ENGINE=InnoDB DEFAULT CHARSET=utf8 ROW_FORMAT=DYNAMIC;

insert into `ecs_adsense`(`from_ad`,`referer`,`clicks`) values
('1','本站','1'),
('25','本站','1'),
('58','本站','1'),
('59','本站','3'),
('72','本站','3'),
('60','本站','2'),
('31','本站','2'),
('32','本站','5'),
('85','本站','1'),
('83','本站','1'),
('43','本站','1'),
('44','本站','1'),
('110','本站','1'),
('113','本站','12'),
('57','本站','1'),
('52','本站','1'),
('55','本站','1'),
('114','本站','5'),
('97','本站','1'),
('121','本站','1'),
('117','本站','2'),
('0','本站','8'),
('144','本站','1'),
('136','本站','4'),
('145','本站','1'),
('138','本站','1');
DROP TABLE IF EXISTS  `ecs_affiliate_log`;
CREATE TABLE `ecs_affiliate_log` (
  `log_id` mediumint(8) NOT NULL AUTO_INCREMENT,
  `order_id` mediumint(8) NOT NULL,
  `time` int(10) NOT NULL,
  `user_id` mediumint(8) NOT NULL,
  `user_name` varchar(60) DEFAULT NULL,
  `money` decimal(10,2) NOT NULL DEFAULT '0.00',
  `point` int(10) NOT NULL DEFAULT '0',
  `separate_type` tinyint(1) NOT NULL DEFAULT '0',
  PRIMARY KEY (`log_id`)
) ENGINE=InnoDB DEFAULT CHARSET=utf8 ROW_FORMAT=DYNAMIC;

DROP TABLE IF EXISTS  `ecs_agency`;
CREATE TABLE `ecs_agency` (
  `agency_id` smallint(5) unsigned NOT NULL AUTO_INCREMENT,
  `agency_name` varchar(255) NOT NULL,
  `agency_desc` text NOT NULL,
  PRIMARY KEY (`agency_id`),
  KEY `agency_name` (`agency_name`)
) ENGINE=InnoDB DEFAULT CHARSET=utf8 ROW_FORMAT=DYNAMIC;

DROP TABLE IF EXISTS  `ecs_area_region`;
CREATE TABLE `ecs_area_region` (
  `shipping_area_id` smallint(5) unsigned NOT NULL DEFAULT '0',
  `region_id` smallint(5) unsigned NOT NULL DEFAULT '0',
  PRIMARY KEY (`shipping_area_id`,`region_id`)
) ENGINE=InnoDB DEFAULT CHARSET=utf8 ROW_FORMAT=DYNAMIC;

insert into `ecs_area_region`(`shipping_area_id`,`region_id`) values
('1','1'),
('2','1'),
('3','1'),
('4','3'),
('4','4'),
('4','6'),
('4','9'),
('4','30'),
('4','32');
DROP TABLE IF EXISTS  `ecs_article`;
CREATE TABLE `ecs_article` (
  `article_id` mediumint(8) unsigned NOT NULL AUTO_INCREMENT,
  `cat_id` smallint(5) NOT NULL DEFAULT '0',
  `title` varchar(150) NOT NULL DEFAULT '',
  `content` longtext NOT NULL,
  `author` varchar(30) NOT NULL DEFAULT '',
  `author_email` varchar(60) NOT NULL DEFAULT '',
  `keywords` varchar(255) NOT NULL DEFAULT '',
  `article_type` tinyint(1) unsigned NOT NULL DEFAULT '2',
  `is_open` tinyint(1) unsigned NOT NULL DEFAULT '1',
  `add_time` int(10) unsigned NOT NULL DEFAULT '0',
  `file_url` varchar(255) NOT NULL DEFAULT '',
  `open_type` tinyint(1) unsigned NOT NULL DEFAULT '0',
  `link` varchar(255) NOT NULL DEFAULT '',
  `description` varchar(255) DEFAULT NULL,
  PRIMARY KEY (`article_id`),
  KEY `cat_id` (`cat_id`)
) ENGINE=InnoDB AUTO_INCREMENT=109 DEFAULT CHARSET=utf8 ROW_FORMAT=DYNAMIC;

insert into `ecs_article`(`article_id`,`cat_id`,`title`,`content`,`author`,`author_email`,`keywords`,`article_type`,`is_open`,`add_time`,`file_url`,`open_type`,`link`,`description`) values
('1','2','免责条款','','','','','0','1','1379320263','','0','',''),
('2','2','隐私保护','','','','','0','1','1379320263','','0','',''),
('3','2','咨询热点','','','','','0','1','1379320263','','0','',''),
('4','2','联系我们','','','','','0','1','1379320263','','0','',''),
('5','2','公司简介','','','','','0','1','1379320263','','0','',''),
('6','-1','用户协议','','','','','0','1','1379320263','','0','',''),
('7','4','三星电子宣布将在中国发布15款3G手机','<p>全球领先的电子产品及第二大移动通信终端制造商三星电子今天在北京宣布，为全面支持中国开展3G移动通信业务，将在3G服务正式商用之际，向中国市场推出 15款3G手机。这些产品分别支持中国三大无线运营商的各种3G服务，并已经得到运营商的合作认可。凭借在电子和通信领域的整体技术实力和对消费者的准确 把握，三星电子已经开始全面发力中国的3G移动通信市场。<br />
<br />
&nbsp;&nbsp;&nbsp;&nbsp;2009年1月，中国政府宣布正式启动3G移动通信服务。并根据中国的实际情况，决定由三大运营商分别采用全部三种3G网络制式，&nbsp;即以中国自主知识产权为核心的TD-SCDMA，以欧洲为主要市场的WCDMA和源自北美的CDMA2000技术。<br />
<br />
&nbsp;&nbsp;&nbsp;&nbsp;多 年来，三星电子秉承&ldquo;做中国人民喜爱的企业，贡献于中国社会的企业&rdquo;的企业理念，准确地把握了中国社会的发展和市场的需求，推出了一系列深受中国消费者喜 爱的电子产品。为了配合中国推进具有自主知识产权的3G移动通信标准TD-SCDMA，&nbsp;三星电子从2000年开始在中国设立了通信技术研究院，&nbsp;开始进 行TD-SCDMA技术的研究。作为最早承诺支持中国3G标准的手机制造企业，三星电子已经先后投入了上亿元的研究费用，&nbsp;组建了几百人的研发团队。推出 的TD-SCDMA制式的产品，不仅通过了各级权威部门的试验和检测，也经历了2008年北京奥运会的现场考验。此次为中国移动定制的TD-SCDMA手 机，包括了满足高端商务需求的双待产品B7702C，以及数字电视手机、多媒体手机和时尚手机。<br />
<br />
&nbsp;&nbsp;&nbsp;&nbsp;作为世界第二大手机制造企业，三 星电子已经在全球3G市场积累了多年的技术和市场经验。最新的统计表明，在完全采用WCDMA标准的欧洲，三星电子的市场份额已经排名第二。在为中国联通 准备的产品中，不仅包括能够支持HSDPA的高端多媒体手机S7520U，也涵盖了能够支持高速上网、在线电影、在线音乐等适合不同消费需求的各种产品。<br />
<br />
&nbsp;&nbsp;&nbsp;&nbsp;而 在主要采用CDMA2000技术的北美市场，三星电子也取得了市场份额的第一名。即将陆续上市的支持中国电信3G服务的EVDO产品，有高端商务手机 W709。该机能够支持EVDO/GSM的双网双待功能，含800万像素拍摄系统。其他产品还包括音乐手机M609，双模手机W239，以及时尚设计的 F539等。<br />
<br />
&nbsp;&nbsp;&nbsp;&nbsp;作为世界上少数能够提供支持三种3G标准的终端厂商，三星电子正利用其在通信、半导体、显示器以及数字多媒体等方面 的优势，加快产品数字融合的进程。除上述3G手机产品外，三星电子也于近期推出了用于3G网络的上网卡和网络笔记本电脑。三星电子专务、无线事业部大中华 区高级副总裁卢基学先生说，&ldquo;上述15款新品，&nbsp;只是我们二季度新产品的一部分。随着中国3G移动通信市场的不断扩大，三星还将推出更多适合中国市场的终 端产品，以满足消费者对于通信和数字产品的不同需求。三星也将积极配合运营商业务的发展计划，加快技术和应用的研发。中国3G的移动通信市场前景将是非常 明亮的。&rdquo;</p>','','','','0','0','1241426864','','0','http://',''),
('8','4','诺基亚牵手移动 5款热门TD手机机型推荐','<table width="100%" cellspacing="0" cellpadding="4" align="center" class="tableborder">
<tbody>
<tr>
<td width="180" valign="top" class="altbg4">&nbsp;</td>
<td height="100%" valign="top" class="altbg3">
<table cellspacing="0" cellpadding="0" border="0" style="padding: 5px; table-layout: fixed; width: 973px; height: 2195px;">
<tbody>
<tr>
<td valign="top">
<div class="bbs_content clearfix">随着5月17日电信日的来临，自从09年初网民对于3G方面关注越来越多，目前国内3G网络主要有中国移动TD-SCDMA，中国联通WCDMA以及 中国电信的CDMA2000这三种制式。到底是哪一种网络制式能让消费者满意，相信好多消费者都难以判断。<br />
<br />
而作为3G网络最主要的组 成部分-手持终端（手机） ，相信也是好多消费者关注的焦点。目前，中国移动TD-SCDMA手机机型频频爆出，其中不乏亮点产品，像联想联想 Ophone、诺基亚、多普达 Magic等，下面就让笔者与大家一起来了解TD-SCDMA网络制式下的几款强势机型吧。<br />
<br />
诺基亚TD-SCDMA手机　型号：待定　参考报价：尚未上市<br />
<br />
随着国内3G网络发展速度加快及众多手机厂商纷纷跟进，诺基亚终于推出TD-SCDMA手机，这款诺基亚的首台TD-SCDMA测试手机型号目前仍无法 得知，但从键盘及菜单设计来看，我们可以是知道其并没有采用S60操作系统，只是配备了S40系统，机身直板造型与早期热卖的6300有几分相像。<br />
<br />
<p><img width="450" alt="" src="http://dstatic.esqimg.com/4812278/1.jpg" style="display: block;" /></p>
<br />
<br />
图为：诺基亚TD-SCDMA手机<br />
<br />
虽然没有更多的参数资料，但是从曝光的图片我们可以知道这款诺基亚TD-SCDMA手机必定配备了QVGA分辨率的屏幕以及320万像素的摄像头，而标准的MP3以及蓝牙等功能自然不会缺少，在功能方面不会比以往的S40手机逊色。<br />
<br />
<p><img width="450" alt="" src="http://dstatic.esqimg.com/4812279/2.jpg" style="display: block;" /></p>
<br />
<br />
图为：诺基亚TD-SCDMA手机<br />
<br />
这款诺基亚的TD手机最大的卖点便是提供了对TD-HSDPA技术的支持，最大的功能特色便是该技术被看为是TD网络下一步的演进技术，能够同时适用于 WCDMA和TD-SCDMA两种不同的网络支持，能够很好的支持非对称的数据业务，也就是说这款诺基亚手机的用户即便在全球漫游都能够使用到3G网络。 而其机身前置的摄像头也更是证实了其3G手机的身份。<br />
<br />
<p><img width="450" alt="" src="http://dstatic.esqimg.com/4812280/3.jpg" style="display: block;" /></p>
<p><br />
<br />
图为：诺基亚TD-SCDMA手机<br />
<br />
从目前曝光的测试情况来看，通过这款诺基亚TD手机连接网络，其下载速度能够稳定在1.3Mbps左右，不过根据国内有些媒体的报道，诺基亚官方已经证实将于今天下半年配合运营商中国移动对出自己的第一款TD-SCDMA制式的S60手机，大家要拭目以待了。</p>
<p>&nbsp;</p>
图为：诺基亚TD-SCDMA手机<br />
<br />
最后较为耐人寻味的便是目前有业内人士指出目前曝光的的诺基亚TD手机其实是去年夏季就出现过的 TD测试手机，但是随着诺基亚拥有部分股份的TD芯片厂商&ldquo;凯明&rdquo;的倒闭，这款机型也就被取消了。尽管对于目前这款诺基亚的TD测试手机的身份尚无官方的 消息，但是诺基亚将推出TD手机遗失毫无悬念的事情了，相信大家也希望在TD制式下能够有更多的手机可以选择。</div>
</td>
</tr>
</tbody>
</table>
</td>
</tr>
</tbody>
</table>
<p>&nbsp;</p>','','','','0','0','1241427051','','0','http://',''),
('27','4','800万像素超强拍照机 LG Viewty Smart再曝光','','','','','0','0','1242577702','','0','http://news.imobile.com.cn/index-a-view-id-66790.html',''),
('28','11','飞利浦9@9促销','<p>&nbsp;</p>
<div class="boxCenterList RelaArticle" id="com_v">
<p align="left">作为一款性价比极高的入门级<font size="3" color="#ff0000"><strong>商务手机</strong></font>，飞利浦<a href="mailto:9@9v">Xenium&nbsp; 9@9v</a>三围大小为105&times;44&times;15.8mm，机身重量仅为<strong><font size="3" color="#ff0000">75g</font></strong>，装配了一块低规格1.75英寸128&times;160像素65000色CSTN显示屏。身正面采用月银色功能键区与屏幕数字键区相分隔，键盘设计较为<font size="3"><strong><font color="#ff0000">别</font><font color="#ff0000">致</font></strong></font>，中部导航键区采用钛金色的&ldquo;腰带&rdquo;彰显出浓郁的商务气息。</p>
<p align="left">&nbsp;</p>
<p align="left">此款手机采用<strong><font size="3" color="#ff0000">触摸屏</font></strong>设计，搭配精致的手写笔，可支持手写中文和英文两个版本。增强的内置系统还能识别潦草字迹，确保在移动中和匆忙时输入文字的识别率。手写指令功能还支持特定图案的瞬间调用，独特的手写记事本功能，可以在触摸屏上随意绘制个性化的图案并进行<strong><font size="3" color="#ff0000">记事提醒</font></strong>，让商务应用更加随意。</p>
<p align="left">&nbsp;</p>
<p align="left">&nbsp;作为入门级为数不多支持<strong><font size="3" color="#ff0000">双卡功能</font></strong>的手机，可以同时插入两张SIM卡，通过菜单随意切换，只需开启漫游自动切换模式，<a href="mailto:9@9V">9@9V</a>在该模式下能够判断网络情况，自动切换适合的手机号。</p>
<p align="left">&nbsp;</p>
<p align="left">&nbsp;</p>
</div>
<p>&nbsp;</p>','','','','0','0','1242578199','','0','http://',''),
('29','11','诺基亚5320 促销','<p>&nbsp;</p>
<div id="com_v" class="boxCenterList RelaArticle">
<p>诺基亚5320XpressMusic音乐手机采用XpressMusic系列常见的黑红、黑蓝配色方案，而材质方便则选用的是经过<strong><font size="3" color="#ff0000">抛光处理</font></strong>的工程塑料；三围/体重为，为108&times;46&times;15mm/<strong><font size="3" color="#ff0000">90g</font></strong>，手感舒适。</p>
<p>&nbsp;</p>
<p>诺基亚5320采用的是一块可视面积为2.0英寸的<font size="3" color="#ff0000"><strong>1600万色</strong></font>屏幕，分辨率是常见的240&times;320像素（QVGA）。虽然屏幕不是特别大，但效果非常精细，色彩还原不错。</p>
<p>&nbsp;</p>
<p>手机背面，诺基亚为5320XM配备一颗<strong><font size="3" color="#ff0000">200W像素</font></strong>的摄像头，并且带有<strong><font size="3" color="#ff0000">两个LED的补光灯</font></strong>，可以实现拍照、摄像功能，并能通过彩信、邮件方式发送给朋友。</p>
<p>&nbsp;</p>
</div>
<p>&nbsp;</p>','','','','1','0','1242578676','','0','http://',''),
('30','11','促销诺基亚N96','<p>&nbsp;</p>
<div class="boxCenterList RelaArticle" id="com_v">
<p>诺基亚N96采用了<strong><font size="3" color="#ff0000">双向滑盖</font></strong>设计，机身整体呈灰黑色，沉稳、大气，机身材质采用了高强度的塑料材质，手机背面采用了抛光面板的设计风格。N96三维体积103*55*20mm，重量为125g。屏幕方面，诺基亚N96配备一块<strong><font size="3" color="#ff0000">2.8英寸</font></strong>的屏幕，支持<strong><font size="3" color="#ff0000">1670万色</font></strong>显示，分辨率达到QVGA（320&times;240）水准。</p>
<p>&nbsp;<img src="http://img2.zol.com.cn/product/21/896/ceN6LBMCid3X6.jpg" alt="" /></p>
<p>&nbsp;</p>
<p>诺基亚N96设置有专门的<strong><font size="3" color="#ff0000">音乐播放键</font></strong>和标准的3.5毫米音频插口，支持多格式音乐播放。内置了<strong><font size="3" color="#ff0000">多媒体播放器</font></strong>，支持FM调频收音机等娱乐功能。N96手机支持<strong><font size="3" color="#ff0000">N-Gage游戏平台</font></strong>，内置包括<font size="3" color="#ff0000"><strong>《PinBall》完整版</strong></font>在内的四款N-Gage游戏，除了手机本身内置的游戏，还可以从N-Gage的网站下载或者购买最新的游戏，而且可以在论坛里和其他玩家一起讨论。</p>
<p>&nbsp;</p>
</div>
<p>&nbsp;<img src="http://img2.zol.com.cn/product/21/898/cekkw57qJjSI.jpg" alt="" /></p>','','','','1','0','1242578826','','0','http://',''),
('31','12','诺基亚6681手机广告欣赏','<object>
<param value="always" name="allowScriptAccess" />
<param value="transparent" name="wmode" />
<param value="http://6.cn/player.swf?flag=0&amp;vid=nZNyu3nGNWWYjmtPQDY9nQ" name="movie" /><embed width="480" height="385" src="http://6.cn/player.swf?flag=0&amp;vid=nZNyu3nGNWWYjmtPQDY9nQ" allowscriptaccess="always" wmode="transparent" type="application/x-shockwave-flash"></embed></object>','','','','0','1','1242579069','','0','http://',''),
('32','12','手机游戏下载','<p>三星SGHU308说明书下载，点击相关链接下载</p>','','','','1','1','1242579189','','0','http://soft.imobile.com.cn/index-a-list_softs-cid-1.html',''),
('33','12','三星SGHU308说明书下载','<p>三星SGHU308说明书下载</p>','','','','1','1','1242579559','data/article/1245043292228851198.rar','2','http://',''),
('34','12','3G知识普及','<p>
<h2>3G知识普及</h2>
<div class="t_msgfont" id="postmessage_8792145"><font color="black">3G，全称为3rd Generation，中文含义就是指第三代数字通信。<br />
</font><br />
<font color="black">　　1995年问世的第一代<span class="t_tag" onclick="tagshow(event)" href="http://mbbs.enet.com.cn/tag.php?name=%C4%A3%C4%E2">模拟</span>制式<span class="t_tag" onclick="tagshow(event)" href="http://mbbs.enet.com.cn/tag.php?name=%CA%D6%BB%FA">手机</span>（1G）只能进行<span class="t_tag" onclick="tagshow(event)" href="http://mbbs.enet.com.cn/tag.php?name=%D3%EF%D2%F4">语音</span>通话；<br />
</font><br />
<font color="black">　　1996到1997年出现的第二代GSM、TDMA等数字制式手机（2G）便增加了接收数据的功能，如接收电子邮件或网页；<br />
</font><br />
<font color="black">　　3G不是2009年诞生的，它是上个世纪的产物，而早在2007年国外就已经产生4G了，而<span class="t_tag" onclick="tagshow(event)" href="http://mbbs.enet.com.cn/tag.php?name=%D6%D0%B9%FA">中国</span>也于2008年成功开发出<span class="t_tag" onclick="tagshow(event)" href="http://mbbs.enet.com.cn/tag.php?name=%D6%D0%B9%FA">中国</span>4G，其网络传输的速度可达到每秒钟2G，也就相当于下一部电影只要一秒钟。在上世纪90年末的日韩电影如《我的野蛮女友》中，女主角使用的可以让对方看见自己的视频<span class="t_tag" onclick="tagshow(event)" href="http://mbbs.enet.com.cn/tag.php?name=%B5%E7%BB%B0">电话</span>，就是属于3G技术的重要运用之一。日韩等国3G的运用是上世纪末期的事。而目前国外有些地区已经试运行3.5G甚至4G网络。<br />
</font><br />
<font color="black">　 </font><font color="black">（以下为误导）2009年问世的第三代（3G）与 前两代的主要区别是在传输声音和数据的速度上的提升，它能够在全球范围内更好地实现无缝漫游，并处理图像、音乐、视频流等多种媒体形式，提供包括网页浏 览、电话会议、电子商务等多种信息服务，同时也要考虑与已有第二代系统的良好兼容性。为了提供这种服务，无线网络必须能够支持不同的数据传输速度，也就是 说在室内、室外和行车的环境中能够分别支持至少2Mbps（兆比特／每秒）、384kbps（千比特／每秒）以及144kbps的传输速度。（此数值根据 网络环境会发生变化)。<br />
</font><br />
<font color="black">　　3G标准，国际电信联盟(ITU)目前一共确定了全球四大3G标准，它们分别是WCDMA、CDMA2000和TD-SCDMA和WiMAX。</font><br />
<br />
<font color="black">3G标准　　国际电信联盟（ITU）在2000年5月确定W-CDMA、CDMA2000、TD-SCDMA以 及WiMAX四大主流无线接口标准，写入3G技术指导性文件《2000年国际移动通讯计划》（简称IMT&mdash;2000）。 CDMA是Code Division Multiple Access (码分多址)的缩写，是第三代移动通信系统的技术基础。第一代移动通信系统采用频分多址(FDMA)的模拟调制方式，这种系统的主要缺点是频谱利用率低， 信令干扰话音业务。第二代移动通信系统主要采用时分多址(TDMA)的数字调制方式，提高了系统容量，并采用独立信道传送信令，使系统性能大大改善，但 TDMA的系统容量仍然有限，越区切换性能仍不完善。CDMA系统以其频率规划简单、系统容量大、频率复用系数高、抗多径能力强、通信质量好、软容量、软 切换等特点显示出巨大的发展潜力。下面分别介绍一下3G的几种标准：<br />
</font><br />
<br />
<font color="black">　　 </font><br />
<font color="black">(1) W-CDMA</font><font color="black"><br />
</font><br />
<br />
<font color="black">　　也称为WCDMA，全称为Wideband CDMA，也称为CDMA Direct Spread，意为宽频分码多重存取，这是基于GSM网发展出来的3G技术规范，是欧洲提出的宽带CDMA技术，它与日本提出的宽带CDMA技术基本相 同，目前正在进一步融合。W-CDMA的支持者主要是以GSM系统为主的欧洲厂商，日本公司也或多或少参与其中，包括欧美的爱立信、阿尔卡特、<span class="t_tag" onclick="tagshow(event)" href="http://mbbs.enet.com.cn/tag.php?name=%C5%B5%BB%F9%D1%C7">诺基亚</span>、 朗讯、北电，以及日本的NTT、富士通、夏普等厂商。 该标准提出了GSM(2G)-GPRS-EDGE-WCDMA(3G)的演进策略。这套系统能够架设在现有的GSM网络上，对于系统提供商而言可以较轻易 地过渡，但是GSM系统相当普及的亚洲对这套新技术的接受度预料会相当高。因此W-CDMA具有先天的市场优势。<br />
</font><br />
<br />
<font color="black">　　 </font><br />
<font color="black">(2)CDMA2000</font><font color="black"><br />
</font><br />
<br />
<font color="black">　　CDMA2000是由窄带CDMA(CDMA IS95)技术发展而来的宽带CDMA技术，也称为CDMA Multi-Carrier，它是由美国高通北美公司为主导提出，<span class="t_tag" onclick="tagshow(event)" href="http://mbbs.enet.com.cn/tag.php?name=%C4%A6%CD%D0%C2%DE%C0%AD">摩托罗拉</span>、Lucent 和后来加入的韩国三星都有参与，韩国现在成为该标准的主导者。这套系统是从窄频CDMAOne数字标准衍生出来的，可以从原有的CDMAOne结构直接升 级到3G，建设成本低廉。但目前使用CDMA的地区只有日、韩和北美，所以CDMA2000的支持者不如W-CDMA多。不过CDMA2000的研发技术 却是目前各标准中进度最快的，许多3G手机已经率先面世。该标准提出了从CDMA IS95(2G)-CDMA20001x-CDMA20003x(3G)的演进策略。CDMA20001x被称为2.5代移动通信技术。 CDMA20003x与CDMA20001x的主要区别在于应用了多路载波技术，通过采用三载波使带宽提高。目前<span class="t_tag" onclick="tagshow(event)" href="http://mbbs.enet.com.cn/tag.php?name=%D6%D0%B9%FA%B5%E7%D0%C5">中国电信</span>正在采用这一方案向3G过渡，并已建成了CDMA IS95网络。<br />
</font><br />
<br />
<font color="black">　　 </font><br />
<font color="black">(3)TD-SCDMA</font><font color="black"><br />
</font><br />
<br />
<font color="black">　　全称为Time Division - Synchronous CDMA(时分<span class="t_tag" onclick="tagshow(event)" href="http://mbbs.enet.com.cn/tag.php?name=%CD%AC%B2%BD">同步</span>CDMA)，该标准是由中国大陆独自制定的3G标准，1999年6月29日，中国原邮电部电信科学技术研究院（大唐电信）向ITU提出。该标准将智能无线、<span class="t_tag" onclick="tagshow(event)" href="http://mbbs.enet.com.cn/tag.php?name=%CD%AC%B2%BD">同步</span>CDMA和<span class="t_tag" onclick="tagshow(event)" href="http://mbbs.enet.com.cn/tag.php?name=%C8%ED%BC%FE">软件</span>无 线电等当今国际领先技术融于其中，在频谱利用率、对业务支持具有灵活性、频率灵活性及成本等方面的独特优势。另外，由于中国内的庞大的市场，该标准受到各 大主要电信设备厂商的重视，全球一半以上的设备厂商都宣布可以支持TD&mdash;SCDMA标准。 该标准提出不经过2.5代的中间环节，直接向3G过渡，非常适用于GSM系统向3G升级。<br />
</font><br />
<br />
<font color="black">　　 </font><br />
<font color="black">(4)WiMAX</font><font color="black"><br />
</font><br />
<br />
<font color="black">　　WiMAX 的全名是微波存取全球互通(Worldwide Interoperability for Microwave Access)，又称为802&middot;16无线城域网，是又一种为企业和家庭用户提供&ldquo;最后一英里&rdquo;的宽带无线连接方案。将此技术与需要授权或免授权的微波设备 相结合之后，由于成本较低，将扩大宽带无线市场，改善企业与服务供应商的认知度。2007年10月19日，国际电信联盟在日内瓦举行的无线通信全体会议 上，经过多数国家投票通过，WiMAX正式被批准成为继WCDMA、CDMA2000和TD-SCDMA之后的第四个全球3G标准。</font></div>
</p>','','','','0','1','1242580013','','0','http://',''),
('35','4','“沃”的世界我做主','<p><strong>导语：<br />
<br />
</strong>&nbsp;&nbsp;&nbsp;&nbsp;今年5月17日，是每年一度的世界电信日。同时，也是值得中国人民高兴的日子。昨天，中国联通企业品牌下的全品牌业务&ldquo;沃&rdquo;开始试商用，这也就意味着继中国移动、中国电信之后，国内第三种3G网络将要走入我们的生活，为我们带来更加快速便捷的通信服务。<br />
<br />
&nbsp;&nbsp;&nbsp;&nbsp;沃，意味着此品牌将为用户提供一个丰盈的平台，为个人客户、家庭客户、集团客户和企业服务提供全面的支撑，它代表着中国联通全新的服务理念和创新的品牌精神，在3G时代，为客户提供精彩的信息化服务。<br />
<br />
&nbsp;&nbsp;&nbsp;&nbsp;下面小编为各位介绍几款各大手机品牌专为&ldquo;沃&rdquo;打造的定制机型，为您迎接&ldquo;沃&rdquo;的到来做好充分准备。</p>
<p><strong>诺基亚6210si<br />
<br />
</strong>&nbsp;&nbsp;&nbsp;&nbsp;诺基亚6210s大家肯定不陌生，经典的滑盖导航手机。其实6210si 与6210s外观、参数、硬件配置几乎完全一样，只不过在6210s的基础上，增加了对WCDMA网络的支持，成为中国联通定制手机。6210si采用诺 基亚经典的滑盖机身设计，机身面板为钢琴烤漆材质，高贵优雅。机身背板则为磨砂外观工程塑料材质，美观的同时增加了手机与手掌间的摩擦系数，防止使用中手 机滑落。</p>
<p><strong>摩托罗拉A3100<br />
</strong><br />
&nbsp;&nbsp;&nbsp;&nbsp;作为摩托罗拉旗下为中国联通定制的A3100，它有着经典的鹅卵石造型， 大气稳重。从最初的U6，到U9再到A3100，鹅卵石的辉煌依旧。A3100有着高贵的血统，钢琴烤漆黑色面板，金属拉丝机身以及 Windows&nbsp;Mobile&nbsp;6.1&nbsp;Professional操作系统，都告诉我们它绝对是一部不可多得的好手机。</p>
<p><br />
<strong>三星S7520U<br />
</strong><br />
&nbsp;&nbsp;&nbsp;&nbsp;三星S7520U外观造型时尚，镜面设计以及超薄的 98.4&times;55&times;11.6mm金属机身，更适合女性朋友使用。通观机身，最显眼的就要数这3.0英寸的超大触摸屏幕了，400x240的WQGVA级别分 辨率，能够比QVGA级别屏幕显示更为细腻，细节表现力更强。500万像素摄像头说明了该机还是一名拍照能手，捕捉精彩瞬间不在话下。</p>','','','','0','0','1242974613','','0','http://',''),
('37','13','关于翔视觉婚纱摄影 囍网','','','','','0','1','1394155777','','0','http://',''),
('38','13','囍网商城公告','','','','','0','1','1394155784','','0','http://',''),
('65','16','跟着囍网看美剧 看看美','','','','','0','1','1400187773','','0','http://',''),
('66','16','装扮自己的同时 不要忘','','','','','0','1','1400187782','','0','http://',''),
('67','16','色彩缤纷的彩色宝石戒指','','','','','0','1','1400187792','','0','http://',''),
('68','16','新人们的缩影 天使般的精','','','','','0','1','1400187801','','0','http://',''),
('69','16','囍网教你轻松搞定小肚子','','','','','0','1','1400187808','','0','http://',''),
('70','16','呵护胸部健康很重要 囍','','','','','0','1','1400187816','','0','http://',''),
('71','16','融入大自然 波西米亚风户','','','','','0','1','1400187825','','0','http://',''),
('72','16','婚戒的由来','','','','','0','1','1400187832','','0','http://',''),
('73','13','华之韵568元套系 在囍','','','','','0','1','1400188305','','0','http://',''),
('74','13','囍网商城上线公告','','','','','0','1','1400188316','','0','http://',''),
('75','13','囍网商城抽奖活动','','','','','0','1','1400188326','','0','http://',''),
('76','13','囍网商城诚邀各市运营商','','','','','0','1','1400188336','','0','http://',''),
('77','13','囍网商城0元购活动','','','','','0','1','1400188345','','0','http://',''),
('78','13','关于囍网资讯频道','','','','','0','1','1400188352','','0','http://',''),
('79','5','正品保证','','','','','0','1','1402856209','','0','http://',''),
('80','5','7天无理由退货','','','','','0','1','1402856216','','0','http://',''),
('81','5','退货返运费','','','','','0','1','1402856225','','0','http://',''),
('82','5','7x15小时客户服务','','','','','0','1','1402856233','','0','http://',''),
('83','17','导购演示','','','','','0','1','1402856243','','0','http://',''),
('84','17','订单操作','','','','','0','1','1402856252','','0','http://',''),
('85','17','会员注册','','','','','0','1','1402856265','','0','http://',''),
('86','17','账户管理','','','','','0','1','1402856272','','0','http://',''),
('87','17','收货样品','','','','','0','1','1402856281','','0','http://',''),
('88','17','会员等级','','','','','0','1','1402856290','','0','http://',''),
('89','18','23家主流网银支付','','','','','0','1','1402856300','','0','http://',''),
('90','18','货到付款','','','','','0','1','1402856310','','0','http://',''),
('91','18','支付宝、银联等支付','','','','','0','1','1402856318','','0','http://',''),
('92','18','信用卡支付','','','','','0','1','1402856324','','0','http://',''),
('93','18','唯品钱包支付','','','','','0','1','1402856332','','0','http://',''),
('94','19','全场满288元免运费','','','','','0','1','1402856339','','0','http://',''),
('95','19','配送范围及运费','','','','','0','1','1402856348','','0','http://',''),
('96','19','验货与签收','','','','','0','1','1402856355','','0','http://',''),
('97','20','退货政策','','','','','0','1','1402856362','','0','http://',''),
('98','20','退货流程','','','','','0','1','1402856370','','0','http://',''),
('99','20','退款方式和时效','','','','','0','1','1402856377','','0','http://',''),
('100','21','6月爱特卖，幸运奖上奖！300个幸运免单倾情放送','','','','','0','1','1403724921','','0','http://',''),
('101','21','“2014唯品会首届创意营销狂人赛”全国高校找狂人','','','','','0','1','1403724940','','0','http://',''),
('102','21','【奖品升级啦！】小宝贝，大模特，唯品会宝贝模特大赛开锣了！','','','','','0','1','1403724952','','0','http://',''),
('103','22','达人示范 不足160也能穿出高瘦感！','','','','','0','1','1403724965','','0','http://',''),
('104','22','10条基本款连衣裙 夏日美艳度up','','','','','0','1','1403724974','','0','http://',''),
('105','22','皮鞋包+短裤 英伦洋红chic','','','','','0','1','1403724983','','0','http://',''),
('106','23','广发分享日 满200减100','','','','','0','1','1403724995','','0','http://',''),
('107','23','携手中行储蓄卡，支付乐享双重好礼','','','','','0','1','1403725003','','0','http://',''),
('108','23','农行逢双有礼 满百减20','鹅鹅鹅鹅鹅鹅饿','','','','0','1','1403725011','','0','http://','');
DROP TABLE IF EXISTS  `ecs_article_cat`;
CREATE TABLE `ecs_article_cat` (
  `cat_id` smallint(5) NOT NULL AUTO_INCREMENT,
  `cat_name` varchar(255) NOT NULL DEFAULT '',
  `cat_type` tinyint(1) unsigned NOT NULL DEFAULT '1',
  `keywords` varchar(255) NOT NULL DEFAULT '',
  `cat_desc` varchar(255) NOT NULL DEFAULT '',
  `sort_order` tinyint(3) unsigned NOT NULL DEFAULT '50',
  `show_in_nav` tinyint(1) unsigned NOT NULL DEFAULT '0',
  `parent_id` smallint(5) unsigned NOT NULL DEFAULT '0',
  PRIMARY KEY (`cat_id`),
  KEY `cat_type` (`cat_type`),
  KEY `sort_order` (`sort_order`),
  KEY `parent_id` (`parent_id`)
) ENGINE=InnoDB AUTO_INCREMENT=24 DEFAULT CHARSET=utf8 ROW_FORMAT=DYNAMIC;

insert into `ecs_article_cat`(`cat_id`,`cat_name`,`cat_type`,`keywords`,`cat_desc`,`sort_order`,`show_in_nav`,`parent_id`) values
('1','系统分类','2','','系统保留分类','50','0','0'),
('2','网店信息','3','','网店信息分类','50','0','1'),
('3','网店帮助分类','4','','网店帮助分类','50','0','1'),
('4','3G资讯','1','','','50','0','0'),
('5','服务保障','5','','','10','0','3'),
('11','手机促销','1','','','50','0','0'),
('12','站内快讯','1','','','50','0','0'),
('13','首页公告','1','','','50','0','0'),
('16','婚庆资讯','1','','','50','0','0'),
('17','购物指南','5','','','20','0','3'),
('18','支付方式','5','','','30','0','3'),
('19','配送方式','5','','','40','0','3'),
('20','售后服务','5','','','50','0','3'),
('21','唯品博客','1','','','50','0','0'),
('22','时尚会','1','','','50','0','0'),
('23','合作专区','1','','','50','0','0');
DROP TABLE IF EXISTS  `ecs_attribute`;
CREATE TABLE `ecs_attribute` (
  `attr_id` smallint(5) unsigned NOT NULL AUTO_INCREMENT,
  `cat_id` smallint(5) unsigned NOT NULL DEFAULT '0',
  `attr_name` varchar(60) NOT NULL DEFAULT '',
  `attr_input_type` tinyint(1) unsigned NOT NULL DEFAULT '1',
  `attr_type` tinyint(1) unsigned NOT NULL DEFAULT '1',
  `attr_values` text NOT NULL,
  `attr_index` tinyint(1) unsigned NOT NULL DEFAULT '0',
  `sort_order` tinyint(3) unsigned NOT NULL DEFAULT '0',
  `is_linked` tinyint(1) unsigned NOT NULL DEFAULT '0',
  `attr_group` tinyint(1) unsigned NOT NULL DEFAULT '0',
  PRIMARY KEY (`attr_id`),
  KEY `cat_id` (`cat_id`)
) ENGINE=InnoDB AUTO_INCREMENT=257 DEFAULT CHARSET=utf8 ROW_FORMAT=DYNAMIC;

insert into `ecs_attribute`(`attr_id`,`cat_id`,`attr_name`,`attr_input_type`,`attr_type`,`attr_values`,`attr_index`,`sort_order`,`is_linked`,`attr_group`) values
('247','22','选择粘度','0','1','','0','0','0','0'),
('248','22','商品名称','0','0','','1','0','1','0'),
('249','22','商品毛重','0','0','','0','0','0','0'),
('250','22','粘度','0','0','','0','0','0','0'),
('251','22','海外直采','0','0','','0','0','0','0'),
('252','22','机油等级','0','0','','0','0','0','0'),
('253','22','商品产地','0','0','','0','0','0','0'),
('254','22','类别','0','0','','0','0','0','0'),
('255','22','分类','0','0','','0','0','0','0'),
('256','22','容量','0','0','','0','0','0','0');
DROP TABLE IF EXISTS  `ecs_auction_log`;
CREATE TABLE `ecs_auction_log` (
  `log_id` mediumint(8) unsigned NOT NULL AUTO_INCREMENT,
  `act_id` mediumint(8) unsigned NOT NULL,
  `bid_user` mediumint(8) unsigned NOT NULL,
  `bid_price` decimal(10,2) unsigned NOT NULL,
  `bid_time` int(10) unsigned NOT NULL,
  PRIMARY KEY (`log_id`),
  KEY `act_id` (`act_id`)
) ENGINE=InnoDB AUTO_INCREMENT=2 DEFAULT CHARSET=utf8 ROW_FORMAT=DYNAMIC;

insert into `ecs_auction_log`(`log_id`,`act_id`,`bid_user`,`bid_price`,`bid_time`) values
('1','4','1',170.00,'1242144083');
DROP TABLE IF EXISTS  `ecs_auto_manage`;
CREATE TABLE `ecs_auto_manage` (
  `item_id` mediumint(8) NOT NULL,
  `type` varchar(10) NOT NULL,
  `starttime` int(10) NOT NULL,
  `endtime` int(10) NOT NULL,
  PRIMARY KEY (`item_id`,`type`)
) ENGINE=InnoDB DEFAULT CHARSET=utf8 ROW_FORMAT=DYNAMIC;

DROP TABLE IF EXISTS  `ecs_back_goods`;
CREATE TABLE `ecs_back_goods` (
  `rec_id` mediumint(8) unsigned NOT NULL AUTO_INCREMENT,
  `back_id` mediumint(8) unsigned DEFAULT '0',
  `goods_id` mediumint(8) unsigned NOT NULL DEFAULT '0',
  `product_id` mediumint(8) unsigned NOT NULL DEFAULT '0',
  `product_sn` varchar(60) DEFAULT NULL,
  `goods_name` varchar(120) DEFAULT NULL,
  `brand_name` varchar(60) DEFAULT NULL,
  `goods_sn` varchar(60) DEFAULT NULL,
  `is_real` tinyint(1) unsigned DEFAULT '0',
  `send_number` smallint(5) unsigned DEFAULT '0',
  `goods_attr` text,
  PRIMARY KEY (`rec_id`),
  KEY `back_id` (`back_id`),
  KEY `goods_id` (`goods_id`)
) ENGINE=InnoDB DEFAULT CHARSET=utf8 ROW_FORMAT=DYNAMIC;

DROP TABLE IF EXISTS  `ecs_back_order`;
CREATE TABLE `ecs_back_order` (
  `back_id` mediumint(8) unsigned NOT NULL AUTO_INCREMENT,
  `delivery_sn` varchar(20) NOT NULL,
  `order_sn` varchar(20) NOT NULL,
  `order_id` mediumint(8) unsigned NOT NULL DEFAULT '0',
  `invoice_no` varchar(50) DEFAULT NULL,
  `add_time` int(10) unsigned DEFAULT '0',
  `shipping_id` tinyint(3) unsigned DEFAULT '0',
  `shipping_name` varchar(120) DEFAULT NULL,
  `user_id` mediumint(8) unsigned DEFAULT '0',
  `action_user` varchar(30) DEFAULT NULL,
  `consignee` varchar(60) DEFAULT NULL,
  `address` varchar(250) DEFAULT NULL,
  `country` smallint(5) unsigned DEFAULT '0',
  `province` smallint(5) unsigned DEFAULT '0',
  `city` smallint(5) unsigned DEFAULT '0',
  `district` smallint(5) unsigned DEFAULT '0',
  `sign_building` varchar(120) DEFAULT NULL,
  `email` varchar(60) DEFAULT NULL,
  `zipcode` varchar(60) DEFAULT NULL,
  `tel` varchar(60) DEFAULT NULL,
  `mobile` varchar(60) DEFAULT NULL,
  `best_time` varchar(120) DEFAULT NULL,
  `postscript` varchar(255) DEFAULT NULL,
  `how_oos` varchar(120) DEFAULT NULL,
  `insure_fee` decimal(10,2) unsigned DEFAULT '0.00',
  `shipping_fee` decimal(10,2) unsigned DEFAULT '0.00',
  `update_time` int(10) unsigned DEFAULT '0',
  `suppliers_id` smallint(5) DEFAULT '0',
  `status` tinyint(1) unsigned NOT NULL DEFAULT '0',
  `return_time` int(10) unsigned DEFAULT '0',
  `agency_id` smallint(5) unsigned DEFAULT '0',
  PRIMARY KEY (`back_id`),
  KEY `user_id` (`user_id`),
  KEY `order_id` (`order_id`)
) ENGINE=InnoDB AUTO_INCREMENT=5 DEFAULT CHARSET=utf8 ROW_FORMAT=DYNAMIC;

insert into `ecs_back_order`(`back_id`,`delivery_sn`,`order_sn`,`order_id`,`invoice_no`,`add_time`,`shipping_id`,`shipping_name`,`user_id`,`action_user`,`consignee`,`address`,`country`,`province`,`city`,`district`,`sign_building`,`email`,`zipcode`,`tel`,`mobile`,`best_time`,`postscript`,`how_oos`,`insure_fee`,`shipping_fee`,`update_time`,`suppliers_id`,`status`,`return_time`,`agency_id`) values
('1','20090615054961769','2009061585887','15','2009061585884','1245044533','3','','1','admin','刘先生','海兴大厦','1','2','52','502','','ecshop@ecshop.com','','010-25851234','13986765412','','','等待所有商品备齐后再发',0.00,10.00,'1245044964','2','0','1245045515','0'),
('2','20090615055104671','2009061585887','15','20090615','1245044533','3','','1','admin','刘先生','海兴大厦','1','2','52','502','','ecshop@ecshop.com','','010-25851234','13986765412','','','等待所有商品备齐后再发',0.00,10.00,'1245045061','1','0','1245045515','0'),
('3','20090615055780744','2009061585887','15','123232','1245044533','3','','1','admin','刘先生','海兴大厦','1','2','52','502','','ecshop@ecshop.com','','010-25851234','13986765412','','','等待所有商品备齐后再发',0.00,10.00,'1245045443','0','0','1245045515','0'),
('4','20090615064331475','2009061503335','17','00906150333512','1245047978','3','','1','admin','刘先生','海兴大厦','1','2','52','502','','ecshop@ecshop.com','','010-25851234','13986765412','','','等待所有商品备齐后再发',0.00,10.00,'1245048189','0','0','1245048212','0');
DROP TABLE IF EXISTS  `ecs_bonus_type`;
CREATE TABLE `ecs_bonus_type` (
  `type_id` smallint(5) unsigned NOT NULL AUTO_INCREMENT,
  `type_name` varchar(60) NOT NULL DEFAULT '',
  `type_money` decimal(10,2) NOT NULL DEFAULT '0.00',
  `send_type` tinyint(3) unsigned NOT NULL DEFAULT '0',
  `min_amount` decimal(10,2) unsigned NOT NULL DEFAULT '0.00',
  `max_amount` decimal(10,2) unsigned NOT NULL DEFAULT '0.00',
  `send_start_date` int(11) NOT NULL DEFAULT '0',
  `send_end_date` int(11) NOT NULL DEFAULT '0',
  `use_start_date` int(11) NOT NULL DEFAULT '0',
  `use_end_date` int(11) NOT NULL DEFAULT '0',
  `min_goods_amount` decimal(10,2) unsigned NOT NULL DEFAULT '0.00',
  PRIMARY KEY (`type_id`)
) ENGINE=InnoDB AUTO_INCREMENT=5 DEFAULT CHARSET=utf8 ROW_FORMAT=DYNAMIC;

insert into `ecs_bonus_type`(`type_id`,`type_name`,`type_money`,`send_type`,`min_amount`,`max_amount`,`send_start_date`,`send_end_date`,`use_start_date`,`use_end_date`,`min_goods_amount`) values
('1','用户红包',2.00,'0',0.00,0.00,'1242057600','1244736000','1242057600','1250006400',500.00),
('2','商品红包',10.00,'1',0.00,0.00,'1241971200','1250352000','1242057600','1250006400',500.00),
('3','订单红包',20.00,'2',1500.00,0.00,'1242057600','1309363200','1242057600','1257955200',800.00),
('4','线下红包',5.00,'3',0.00,0.00,'1242057600','1244736000','1242057600','1255449600',360.00);
DROP TABLE IF EXISTS  `ecs_booking_goods`;
CREATE TABLE `ecs_booking_goods` (
  `rec_id` mediumint(8) unsigned NOT NULL AUTO_INCREMENT,
  `user_id` mediumint(8) unsigned NOT NULL DEFAULT '0',
  `email` varchar(60) NOT NULL DEFAULT '',
  `link_man` varchar(60) NOT NULL DEFAULT '',
  `tel` varchar(60) NOT NULL DEFAULT '',
  `goods_id` mediumint(8) unsigned NOT NULL DEFAULT '0',
  `goods_desc` varchar(255) NOT NULL DEFAULT '',
  `goods_number` smallint(5) unsigned NOT NULL DEFAULT '0',
  `booking_time` int(10) unsigned NOT NULL DEFAULT '0',
  `is_dispose` tinyint(1) unsigned NOT NULL DEFAULT '0',
  `dispose_user` varchar(30) NOT NULL DEFAULT '',
  `dispose_time` int(10) unsigned NOT NULL DEFAULT '0',
  `dispose_note` varchar(255) NOT NULL DEFAULT '',
  PRIMARY KEY (`rec_id`),
  KEY `user_id` (`user_id`)
) ENGINE=InnoDB AUTO_INCREMENT=3 DEFAULT CHARSET=utf8 ROW_FORMAT=DYNAMIC;

insert into `ecs_booking_goods`(`rec_id`,`user_id`,`email`,`link_man`,`tel`,`goods_id`,`goods_desc`,`goods_number`,`booking_time`,`is_dispose`,`dispose_user`,`dispose_time`,`dispose_note`) values
('1','1','ecshop@ecshop.com','刘先生','13986765412','19','可以补货吗？
我想要一个','1','1242142762','0','','0',''),
('2','3','text@ecshop.com','叶先生','13588104710','17','什么时候有货','1','1242143592','0','','0','');
DROP TABLE IF EXISTS  `ecs_brand`;
CREATE TABLE `ecs_brand` (
  `brand_id` smallint(5) unsigned NOT NULL AUTO_INCREMENT,
  `brand_name` varchar(60) NOT NULL DEFAULT '',
  `brand_logo` varchar(80) NOT NULL DEFAULT '',
  `brand_desc` text NOT NULL,
  `site_url` varchar(255) NOT NULL DEFAULT '',
  `sort_order` tinyint(3) unsigned NOT NULL DEFAULT '50',
  `is_show` tinyint(1) unsigned NOT NULL DEFAULT '1',
  `brand_banner` varchar(150) NOT NULL,
  PRIMARY KEY (`brand_id`),
  KEY `is_show` (`is_show`)
) ENGINE=InnoDB AUTO_INCREMENT=83 DEFAULT CHARSET=utf8 ROW_FORMAT=DYNAMIC;

DROP TABLE IF EXISTS  `ecs_card`;
CREATE TABLE `ecs_card` (
  `card_id` tinyint(3) unsigned NOT NULL AUTO_INCREMENT,
  `card_name` varchar(120) NOT NULL DEFAULT '',
  `card_img` varchar(255) NOT NULL DEFAULT '',
  `card_fee` decimal(6,2) unsigned NOT NULL DEFAULT '0.00',
  `free_money` decimal(6,2) unsigned NOT NULL DEFAULT '0.00',
  `card_desc` varchar(255) NOT NULL DEFAULT '',
  PRIMARY KEY (`card_id`)
) ENGINE=InnoDB DEFAULT CHARSET=utf8 ROW_FORMAT=DYNAMIC;

DROP TABLE IF EXISTS  `ecs_cart`;
CREATE TABLE `ecs_cart` (
  `rec_id` mediumint(8) unsigned NOT NULL AUTO_INCREMENT,
  `user_id` mediumint(8) unsigned NOT NULL DEFAULT '0',
  `session_id` char(32) CHARACTER SET utf8 COLLATE utf8_bin NOT NULL DEFAULT '',
  `goods_id` mediumint(8) unsigned NOT NULL DEFAULT '0',
  `goods_sn` varchar(60) NOT NULL DEFAULT '',
  `product_id` mediumint(8) unsigned NOT NULL DEFAULT '0',
  `group_id` varchar(255) NOT NULL,
  `goods_name` varchar(120) NOT NULL DEFAULT '',
  `market_price` decimal(10,2) unsigned NOT NULL DEFAULT '0.00',
  `goods_price` decimal(10,2) NOT NULL DEFAULT '0.00',
  `goods_number` smallint(5) unsigned NOT NULL DEFAULT '0',
  `goods_attr` text NOT NULL,
  `is_real` tinyint(1) unsigned NOT NULL DEFAULT '0',
  `extension_code` varchar(30) NOT NULL DEFAULT '',
  `parent_id` mediumint(8) unsigned NOT NULL DEFAULT '0',
  `rec_type` tinyint(1) unsigned NOT NULL DEFAULT '0',
  `is_gift` smallint(5) unsigned NOT NULL DEFAULT '0',
  `is_shipping` tinyint(1) unsigned NOT NULL DEFAULT '0',
  `can_handsel` tinyint(3) unsigned NOT NULL DEFAULT '0',
  `goods_attr_id` varchar(255) NOT NULL DEFAULT '',
  PRIMARY KEY (`rec_id`),
  KEY `session_id` (`session_id`)
) ENGINE=InnoDB AUTO_INCREMENT=57 DEFAULT CHARSET=utf8 ROW_FORMAT=DYNAMIC;

DROP TABLE IF EXISTS  `ecs_cart_combo`;
CREATE TABLE `ecs_cart_combo` (
  `rec_id` mediumint(8) unsigned NOT NULL AUTO_INCREMENT,
  `user_id` mediumint(8) unsigned NOT NULL DEFAULT '0',
  `session_id` char(32) CHARACTER SET utf8 COLLATE utf8_bin NOT NULL DEFAULT '',
  `goods_id` mediumint(8) unsigned NOT NULL DEFAULT '0',
  `goods_sn` varchar(60) NOT NULL DEFAULT '',
  `product_id` mediumint(8) unsigned NOT NULL DEFAULT '0',
  `group_id` varchar(255) NOT NULL,
  `goods_name` varchar(120) NOT NULL DEFAULT '',
  `market_price` decimal(10,2) unsigned NOT NULL DEFAULT '0.00',
  `goods_price` decimal(10,2) NOT NULL DEFAULT '0.00',
  `goods_number` smallint(5) unsigned NOT NULL DEFAULT '0',
  `goods_attr` text NOT NULL,
  `is_real` tinyint(1) unsigned NOT NULL DEFAULT '0',
  `extension_code` varchar(30) NOT NULL DEFAULT '',
  `parent_id` mediumint(8) unsigned NOT NULL DEFAULT '0',
  `rec_type` tinyint(1) unsigned NOT NULL DEFAULT '0',
  `is_gift` smallint(5) unsigned NOT NULL DEFAULT '0',
  `is_shipping` tinyint(1) unsigned NOT NULL DEFAULT '0',
  `can_handsel` tinyint(3) unsigned NOT NULL DEFAULT '0',
  `goods_attr_id` varchar(255) NOT NULL DEFAULT '',
  PRIMARY KEY (`rec_id`),
  KEY `session_id` (`session_id`)
) ENGINE=InnoDB DEFAULT CHARSET=utf8 ROW_FORMAT=DYNAMIC;

DROP TABLE IF EXISTS  `ecs_cat_recommend`;
CREATE TABLE `ecs_cat_recommend` (
  `cat_id` smallint(5) NOT NULL,
  `recommend_type` tinyint(1) NOT NULL,
  PRIMARY KEY (`cat_id`,`recommend_type`)
) ENGINE=InnoDB DEFAULT CHARSET=utf8 ROW_FORMAT=DYNAMIC;

insert into `ecs_cat_recommend`(`cat_id`,`recommend_type`) values
('3','1'),
('3','2'),
('3','3'),
('5','1'),
('5','2'),
('5','3'),
('12','1'),
('12','2'),
('12','3'),
('13','3'),
('14','2'),
('14','3'),
('15','1'),
('15','2'),
('212','1'),
('212','2'),
('212','3');
DROP TABLE IF EXISTS  `ecs_category`;
CREATE TABLE `ecs_category` (
  `cat_id` smallint(5) unsigned NOT NULL AUTO_INCREMENT,
  `cat_name` varchar(90) NOT NULL DEFAULT '',
  `keywords` varchar(255) NOT NULL DEFAULT '',
  `cat_desc` varchar(255) NOT NULL DEFAULT '',
  `parent_id` smallint(5) unsigned NOT NULL DEFAULT '0',
  `sort_order` tinyint(1) unsigned NOT NULL DEFAULT '50',
  `template_file` varchar(50) NOT NULL DEFAULT '',
  `measure_unit` varchar(15) NOT NULL DEFAULT '',
  `show_in_nav` tinyint(1) NOT NULL DEFAULT '0',
  `style` varchar(150) NOT NULL,
  `is_show` tinyint(1) unsigned NOT NULL DEFAULT '1',
  `grade` tinyint(4) NOT NULL DEFAULT '0',
  `filter_attr` varchar(255) NOT NULL DEFAULT '0',
  `is_top_style` int(3) unsigned NOT NULL DEFAULT '0',
  `is_top_show` int(3) unsigned NOT NULL DEFAULT '0',
  `cat_ico` varchar(255) NOT NULL,
  PRIMARY KEY (`cat_id`),
  KEY `parent_id` (`parent_id`)
) ENGINE=InnoDB AUTO_INCREMENT=487 DEFAULT CHARSET=utf8 ROW_FORMAT=DYNAMIC;

insert into `ecs_category`(`cat_id`,`cat_name`,`keywords`,`cat_desc`,`parent_id`,`sort_order`,`template_file`,`measure_unit`,`show_in_nav`,`style`,`is_show`,`grade`,`filter_attr`,`is_top_style`,`is_top_show`,`cat_ico`) values
('466','车型分类','','','0','50','','','1','','1','0','','0','0',''),
('467','小型汽车','','','466','50','','','0','','1','0','','0','0',''),
('468','卡车及工程车','','','466','50','','','0','','1','0','','0','0',''),
('469','柴油车油品','','','0','50','','','1','','1','0','','0','0',''),
('470','20W-50','','','469','50','','','0','','1','0','','0','0',''),
('471','5W-30','','','469','50','','','0','','1','0','','0','0',''),
('472','15W-40','','','469','50','','','0','','1','0','','0','0',''),
('473','0W-40','','','469','50','','','0','','1','0','','0','0',''),
('474','5W-40','','','469','50','','','0','','1','0','','0','0',''),
('475','10W-40','','','469','50','','','0','','1','0','','0','0',''),
('476','天然汽车油品','','','0','50','','','1','','1','0','','0','0',''),
('477','5W-30','','','476','50','','','0','','1','0','','0','0',''),
('478','20W-50','','','476','50','','','0','','1','0','','0','0',''),
('479','10W-40','','','476','50','','','0','','1','0','','0','0',''),
('480','15W-40','','','476','50','','','0','','1','0','','0','0',''),
('481','汽油车油品','','','0','50','','','1','','1','0','','0','0',''),
('482','5W-40','','','481','50','','','0','','1','0','','0','0',''),
('483','15W-40','','','481','50','','','0','','1','0','','0','0',''),
('484','5W-30','','','481','50','','','0','','1','0','','0','0',''),
('485','20W-50','','','481','50','','','0','','1','0','','0','0',''),
('486','0W-40','','','481','50','','','0','','1','0','','0','0','');
DROP TABLE IF EXISTS  `ecs_collect_goods`;
CREATE TABLE `ecs_collect_goods` (
  `rec_id` mediumint(8) unsigned NOT NULL AUTO_INCREMENT,
  `user_id` mediumint(8) unsigned NOT NULL DEFAULT '0',
  `goods_id` mediumint(8) unsigned NOT NULL DEFAULT '0',
  `add_time` int(11) unsigned NOT NULL DEFAULT '0',
  `is_attention` tinyint(1) NOT NULL DEFAULT '0',
  PRIMARY KEY (`rec_id`),
  KEY `user_id` (`user_id`),
  KEY `goods_id` (`goods_id`),
  KEY `is_attention` (`is_attention`)
) ENGINE=InnoDB AUTO_INCREMENT=8 DEFAULT CHARSET=utf8 ROW_FORMAT=DYNAMIC;

DROP TABLE IF EXISTS  `ecs_comment`;
CREATE TABLE `ecs_comment` (
  `comment_id` int(10) unsigned NOT NULL AUTO_INCREMENT,
  `comment_type` tinyint(3) unsigned NOT NULL DEFAULT '0',
  `id_value` mediumint(8) unsigned NOT NULL DEFAULT '0',
  `email` varchar(60) NOT NULL DEFAULT '',
  `user_name` varchar(60) NOT NULL DEFAULT '',
  `content` text NOT NULL,
  `comment_rank` tinyint(1) unsigned NOT NULL DEFAULT '0',
  `add_time` int(10) unsigned NOT NULL DEFAULT '0',
  `ip_address` varchar(15) NOT NULL DEFAULT '',
  `status` tinyint(3) unsigned NOT NULL DEFAULT '0',
  `parent_id` int(10) unsigned NOT NULL DEFAULT '0',
  `user_id` int(10) unsigned NOT NULL DEFAULT '0',
  PRIMARY KEY (`comment_id`),
  KEY `parent_id` (`parent_id`),
  KEY `id_value` (`id_value`)
) ENGINE=InnoDB AUTO_INCREMENT=88 DEFAULT CHARSET=utf8 ROW_FORMAT=DYNAMIC;

insert into `ecs_comment`(`comment_id`,`comment_type`,`id_value`,`email`,`user_name`,`content`,`comment_rank`,`add_time`,`ip_address`,`status`,`parent_id`,`user_id`) values
('37','0','0','111@qq.com','','dadgahgahg','5','1390353108','127.0.0.1','1','0','0'),
('38','0','0','','admin','tfiyiyi','0','1390353132','127.0.0.1','0','37','0'),
('87','0','215','demo@demo.com','demo','demo2','5','1501193432','0.0.0.0','0','0','20');
DROP TABLE IF EXISTS  `ecs_crons`;
CREATE TABLE `ecs_crons` (
  `cron_id` tinyint(3) unsigned NOT NULL AUTO_INCREMENT,
  `cron_code` varchar(20) NOT NULL,
  `cron_name` varchar(120) NOT NULL,
  `cron_desc` text,
  `cron_order` tinyint(3) unsigned NOT NULL DEFAULT '0',
  `cron_config` text NOT NULL,
  `thistime` int(10) NOT NULL DEFAULT '0',
  `nextime` int(10) NOT NULL,
  `day` tinyint(2) NOT NULL,
  `week` varchar(1) NOT NULL,
  `hour` varchar(2) NOT NULL,
  `minute` varchar(255) NOT NULL,
  `enable` tinyint(1) NOT NULL DEFAULT '1',
  `run_once` tinyint(1) NOT NULL DEFAULT '0',
  `allow_ip` varchar(100) NOT NULL DEFAULT '',
  `alow_files` varchar(255) NOT NULL,
  PRIMARY KEY (`cron_id`),
  KEY `nextime` (`nextime`),
  KEY `enable` (`enable`),
  KEY `cron_code` (`cron_code`)
) ENGINE=InnoDB DEFAULT CHARSET=utf8 ROW_FORMAT=DYNAMIC;

DROP TABLE IF EXISTS  `ecs_delivery_goods`;
CREATE TABLE `ecs_delivery_goods` (
  `rec_id` mediumint(8) unsigned NOT NULL AUTO_INCREMENT,
  `delivery_id` mediumint(8) unsigned NOT NULL DEFAULT '0',
  `goods_id` mediumint(8) unsigned NOT NULL DEFAULT '0',
  `product_id` mediumint(8) unsigned DEFAULT '0',
  `product_sn` varchar(60) DEFAULT NULL,
  `goods_name` varchar(120) DEFAULT NULL,
  `brand_name` varchar(60) DEFAULT NULL,
  `goods_sn` varchar(60) DEFAULT NULL,
  `is_real` tinyint(1) unsigned DEFAULT '0',
  `extension_code` varchar(30) DEFAULT NULL,
  `parent_id` mediumint(8) unsigned DEFAULT '0',
  `send_number` smallint(5) unsigned DEFAULT '0',
  `goods_attr` text,
  PRIMARY KEY (`rec_id`),
  KEY `delivery_id` (`delivery_id`,`goods_id`),
  KEY `goods_id` (`goods_id`)
) ENGINE=InnoDB AUTO_INCREMENT=51 DEFAULT CHARSET=utf8 ROW_FORMAT=DYNAMIC;

insert into `ecs_delivery_goods`(`rec_id`,`delivery_id`,`goods_id`,`product_id`,`product_sn`,`goods_name`,`brand_name`,`goods_sn`,`is_real`,`extension_code`,`parent_id`,`send_number`,`goods_attr`) values
('1','1','1','14','','希思黎轻柔护肤西柚柔肤水250ml','','ECS000000','1','','0','1','颜色:灰色 
'),
('2','2','1','14','','希思黎轻柔护肤西柚柔肤水250ml','','ECS000000','1','','0','5','颜色:灰色 
'),
('3','3','123','0','','迪奥红毒女士香水EDT 50ml','迪奥','ECS000123','1','','0','1','外        观:红色 
'),
('4','4','57','0','','凯文克莱BE中性香水200ml','凯文克莱','ECS000057','1','','0','1',''),
('5','5','57','0','','凯文克莱BE中性香水200ml','凯文克莱','ECS000057','1','','0','1',''),
('6','6','123','0','','迪奥红毒女士香水EDT 50ml','迪奥','ECS000123','1','','0','1','外        观:红色 
'),
('7','6','53','0','',' 迪奥EDP真我女士香水50ml','迪奥','ECS000053','1','','0','1',''),
('8','7','53','0','',' 迪奥EDP真我女士香水50ml','迪奥','ECS000053','1','','0','3',''),
('9','8','9','11','','雅诗兰黛第六代特润精华露50ml','雅诗兰黛','ECS000009','1','','0','3','颜色:白色 
'),
('10','9','153','0','','洛可可婚纱摄影 南海深情：8999元套系 活动价：:4999元','迪奥','ECS000153','1','','0','1','网上支付:全额支付 
拍摄地（市/景:2: 洛可圣殿7000平米十大主题纯实景360度恒温拍摄 
拍摄地（省/地:河南洛阳 
'),
('11','10','182','0','','天使名媛创意婚纱彩妆会所 妈妈妆 特惠价 50元 含造型','爱诺婚纱','ECS000182','1','','0','1',''),
('12','10','179','0','','梦依莎【新娘妆】原价800,现特价368元 ','演绎国际','ECS000179','1','','0','1',''),
('13','10','175','0','','安娅彩妆礼服馆 仅1680元 享受价值2980『安娅造型』尊贵套餐','麦视觉','ECS000175','1','','0','1',''),
('14','10','173','0','','第一印象【新娘跟妆】 888元','乐玛摄影','ECS000173','1','','0','1',''),
('15','10','177','0','','非摄丽影【全程跟妆】【新娘妆】688元','蒙娜丽莎','ECS000177','1','','0','1',''),
('16','10','188','0','','嘉汇轩【蓝玉髓晶体】吊坠 120元','妃妮克斯','ECS000188','1','','0','1',''),
('17','10','185','0','','嘉汇轩【彩银蓝玉髓】戒指 女戒 780元','华之韵','ECS000185','1','','0','1',''),
('18','10','183','0','','嘉汇轩【彩银粉玉髓】戒指 女戒 780元','爱诺婚纱','ECS000183','1','','0','1',''),
('19','10','184','0','','嘉汇轩【彩银玉髓】戒指 女戒 780元','麦视觉','ECS000184','1','','0','1',''),
('20','10','186','0','','嘉汇轩【紫晶】戒指 女戒 800元','麦田','ECS000186','1','','0','1',''),
('21','11','167','0','','啄木鸟plover男士纯色衬衫 热卖款 4色可选 标准款','妃妮克斯','ECS000167','1','','0','1',''),
('22','11','172','0','','非凡婚纱 1980元 D区+A区婚纱+ B区礼服+C区礼服+伴娘服+饰品·配饰任意选+新娘妆','Z视觉','ECS000172','1','','0','1',''),
('23','11','170','0','','米穗高级婚纱定制机构6200元【高级定制婚纱】','梦依莎','ECS000170','1','','0','1',''),
('24','11','168','0','','plover啄木鸟100%桑蚕丝高档商务领带（窄版）-L011','华之韵','ECS000168','1','','0','1',''),
('25','11','163','0','','非凡婚纱688元即可享受A区婚纱+A区礼服+伴娘服+饰品·配饰','华纳摄影','ECS000163','1','','0','1',''),
('26','12','154','0','','爱天使摄影【爱你一生一世】【新派婚纱照】【主题套餐拍摄】1314元','爱度','ECS000154','1','','0','1','拍摄地（市/景）:情人岛庄园 隋唐城 恒大绿洲 任选其一 
拍摄地（省/地）:河南洛阳 
'),
('27','13','161','0','','仲夏印象 婚纱套餐1888元 市场价11999元','Z视觉','ECS000161','1','','0','1',''),
('28','14','158','0','','如果爱摄影工作室【爱你一生】婚纱照套系 仅售1312元','演绎国际','ECS000158','1','','0','1',''),
('29','15','155','0','','麦田摄影机构 【浪漫在微笑】 门店价格：3998元 商城价格：2688元','爱诺婚纱','ECS000155','1','','0','1','拍摄地（市/景）:情人岛庄园 隋唐城 恒大绿洲 任选其一 
拍摄地（省/地）:河南洛阳 
'),
('30','16','153','0','','洛可可婚纱摄影 南海深情：8999元套系 活动价：:4999元','麦田','ECS000153','1','','0','1','拍摄地（市/景）:洛可圣殿7000平米十大主题纯实景360度恒温拍摄 
拍摄地（省/地）:河南洛阳 
'),
('31','17','153','0','','洛可可婚纱摄影 南海深情：8999元套系 活动价：:4999元','麦田','ECS000153','1','','0','1','拍摄地（市/景）:情人岛庄园 隋唐城 恒大绿洲 任选其一 
拍摄地（省/地）:河南洛阳 
'),
('32','18','153','0','','洛可可婚纱摄影 南海深情：8999元套系 活动价：:4999元','麦田','ECS000153','1','','0','5','拍摄地（市/景）:情人岛庄园 隋唐城 恒大绿洲 任选其一 
拍摄地（省/地）:河南洛阳 
'),
('33','19','153','0','','洛可可婚纱摄影 南海深情：8999元套系 活动价：:4999元','麦田','ECS000153','1','','0','2','拍摄地（市/景）:情人岛庄园 隋唐城 恒大绿洲 任选其一 
拍摄地（省/地）:河南洛阳 
'),
('34','19','153','0','','洛可可婚纱摄影 南海深情：8999元套系 活动价：:4999元','麦田','ECS000153','1','','0','1','拍摄地（市/景）:洛可圣殿7000平米十大主题纯实景360度恒温拍摄 
拍摄地（省/地）:河南洛阳 
'),
('35','19','162','0','','简爱婚纱摄影【3599元婚纱照】折后尊享特惠价：2599元','华纳摄影','ECS000162','1','','0','1',''),
('36','20','195','0','','圣荷stherb LoveBank[TangerineDream]佛罗蒙女用香水30ml','梦依莎','ECS000000','1','','0','2',''),
('37','20','196','0','','VEECCI唯资 超完美持久水眉笔104#灰色 1.5g','蒙娜丽莎','ECS000196','1','','0','1',''),
('38','20','197','0','','ARTOS雅涂 602沙滩城堡+608酒红色 13ml','蒙娜丽莎','ECS000197','1','','0','1',''),
('39','20','198','0','','ZLIME致美 超柔净透洁肤仪（粉紫） 1pc','蒙娜丽莎','ECS000198','1','','0','1',''),
('40','20','199','0','','卡玛Kar&Ma 指甲油组合(气质女王) 18ml*2--176+002','蒙娜丽莎','ECS000199','1','','0','1',''),
('41','20','200','0','','萌黛儿 顶级黑水牛角梳防静电加大加厚款','蒙娜丽莎','ECS000200','1','','0','1',''),
('42','20','201','0','','膜法世家·1908 绿豆清肌去黑头T区护理套装3件套','蒙娜丽莎','ECS000201','1','','0','1',''),
('43','20','202','0','','诗妃 玫瑰嫩白润手霜 60g','蒙娜丽莎','ECS000202','1','','0','1',''),
('44','20','203','0','','小迷糊 美白嫩肤补水蚕丝面膜套装','蒙娜丽莎','ECS000203','1','','0','1',''),
('45','20','204','0','','meier美尔 全身水密码 240ml','蒙娜丽莎','ECS000204','1','','0','1',''),
('46','20','205','0','','candy moyo cm637珐琅红（草莓香味）8ml','蒙娜丽莎','ECS000205','1','','0','1',''),
('47','20','206','0','','珍养裸妆BB霜裸妆 40ml','蒙娜丽莎','ECS000206','1','','0','1',''),
('48','20','207','0','','三草两木 自然肌本水动力保湿乳 120ml','华纳摄影','ECS000207','1','','0','1',''),
('49','20','208','0','','诗妃 莱菲丝竹炭袪黑头鼻贴 10P','华纳摄影','ECS000208','1','','0','1',''),
('50','20','209','0','','韩后 植物能量亮肤洁颜膏 100ml','华纳摄影','ECS000209','1','','0','1','');
DROP TABLE IF EXISTS  `ecs_delivery_order`;
CREATE TABLE `ecs_delivery_order` (
  `delivery_id` mediumint(8) unsigned NOT NULL AUTO_INCREMENT,
  `delivery_sn` varchar(20) NOT NULL,
  `order_sn` varchar(20) NOT NULL,
  `order_id` mediumint(8) unsigned NOT NULL DEFAULT '0',
  `invoice_no` varchar(50) DEFAULT NULL,
  `add_time` int(10) unsigned DEFAULT '0',
  `shipping_id` tinyint(3) unsigned DEFAULT '0',
  `shipping_name` varchar(120) DEFAULT NULL,
  `user_id` mediumint(8) unsigned DEFAULT '0',
  `action_user` varchar(30) DEFAULT NULL,
  `consignee` varchar(60) DEFAULT NULL,
  `address` varchar(250) DEFAULT NULL,
  `country` smallint(5) unsigned DEFAULT '0',
  `province` smallint(5) unsigned DEFAULT '0',
  `city` smallint(5) unsigned DEFAULT '0',
  `district` smallint(5) unsigned DEFAULT '0',
  `sign_building` varchar(120) DEFAULT NULL,
  `email` varchar(60) DEFAULT NULL,
  `zipcode` varchar(60) DEFAULT NULL,
  `tel` varchar(60) DEFAULT NULL,
  `mobile` varchar(60) DEFAULT NULL,
  `best_time` varchar(120) DEFAULT NULL,
  `postscript` varchar(255) DEFAULT NULL,
  `how_oos` varchar(120) DEFAULT NULL,
  `insure_fee` decimal(10,2) unsigned DEFAULT '0.00',
  `shipping_fee` decimal(10,2) unsigned DEFAULT '0.00',
  `update_time` int(10) unsigned DEFAULT '0',
  `suppliers_id` smallint(5) DEFAULT '0',
  `status` tinyint(1) unsigned NOT NULL DEFAULT '0',
  `agency_id` smallint(5) unsigned DEFAULT '0',
  PRIMARY KEY (`delivery_id`),
  KEY `user_id` (`user_id`),
  KEY `order_id` (`order_id`)
) ENGINE=InnoDB AUTO_INCREMENT=21 DEFAULT CHARSET=utf8 ROW_FORMAT=DYNAMIC;

insert into `ecs_delivery_order`(`delivery_id`,`delivery_sn`,`order_sn`,`order_id`,`invoice_no`,`add_time`,`shipping_id`,`shipping_name`,`user_id`,`action_user`,`consignee`,`address`,`country`,`province`,`city`,`district`,`sign_building`,`email`,`zipcode`,`tel`,`mobile`,`best_time`,`postscript`,`how_oos`,`insure_fee`,`shipping_fee`,`update_time`,`suppliers_id`,`status`,`agency_id`) values
('1','20131216172137633','2013121684882','1','','1387156881','5','申通快递','0','admin','111','111','1','4','55','541','','222@qq.com','111','111','11','','','等待所有商品备齐后再发',0.00,15.00,'1387156897','0','0','0'),
('2','20131216172394315','2013121628773','2','','1387157023','5','申通快递','0','admin','111','333','1','7','101','902','','222@qq.com','444','5655','','','','等待所有商品备齐后再发',0.00,15.00,'1387157039','0','0','0'),
('3','20140121173059551','2014012127768','4','','1390267776','5','申通快递','8','admin','dagaf','hgahahahahr','1','3','37','410','','123@qq.com','','12345678993','','','','等待所有商品备齐后再发',0.00,15.00,'1390267853','0','0','0'),
('4','20140123095230972','2014012383197','6','','1390413144','5','申通快递','0','admin','111111','agagqarygsae','1','5','65','626','','123456@qq.com','235645','12345678944','','','','等待所有商品备齐后再发',0.00,15.00,'1390413171','0','0','0'),
('5','20140123095866393','2014012386380','7','','1390413515','5','申通快递','8','admin','dagaf','hgahahahahr','1','3','37','410','','123@qq.com','','12345678993','','','','等待所有商品备齐后再发',0.00,15.00,'1390413539','0','0','0'),
('6','20140123100066729','2014012362771','8','','1390413591','5','申通快递','8','admin','dagaf','hgahahahahr','1','3','37','410','','123@qq.com','','12345678993','','','','等待所有商品备齐后再发',0.00,15.00,'1390413615','0','0','0'),
('7','20140123100215181','2014012338692','9','','1390413714','5','申通快递','8','admin','dagaf','hgahahahahr','1','3','37','410','','123@qq.com','','12345678993','','','','等待所有商品备齐后再发',0.00,15.00,'1390413735','0','0','0'),
('8','20140123100344414','2014012367996','10','','1390413797','5','申通快递','8','admin','dagaf','hgahahahahr','1','3','37','410','','123@qq.com','','12345678993','','','','等待所有商品备齐后再发',0.00,15.00,'1390413815','0','0','0'),
('9','20140507132668256','2014050772019','43','','1399411551','5','申通快递','11','admin','范波','中山北路2911号中关村科技大厦2402室','1','25','321','2709','','260436487@qq.com','200333','15221019887','','','','等待所有商品备齐后再发',0.00,15.00,'1399411590','0','0','0'),
('10','20140520150853495','2014052053993','65','','1400540910','5','申通快递','11','admin','范波','中山北路2911号中关村科技大厦2402室','1','25','321','2709','','260436487@qq.com','200333','15221019887','','','选填：对本次交易的补充说明（建议填写已经和卖家达成一致的说明）','等待所有商品备齐后再发',0.00,15.00,'1400540935','0','0','0'),
('11','20140520151076807','2014052039945','64','','1400540852','5','申通快递','11','admin','范波','中山北路2911号中关村科技大厦2402室','1','25','321','2709','','260436487@qq.com','200333','15221019887','','','选填：对本次交易的补充说明（建议填写已经和卖家达成一致的说明）','等待所有商品备齐后再发',0.00,15.00,'1400541025','0','0','0'),
('12','20140520151198439','2014052026120','60','','1400540782','5','申通快递','11','admin','范波','中山北路2911号中关村科技大厦2402室','1','25','321','2709','','260436487@qq.com','200333','15221019887','','','选填：对本次交易的补充说明（建议填写已经和卖家达成一致的说明）','等待所有商品备齐后再发',0.00,15.00,'1400541098','0','0','0'),
('13','20140520151258932','2014052020831','63','','1400540823','5','申通快递','11','admin','范波','中山北路2911号中关村科技大厦2402室','1','25','321','2709','','260436487@qq.com','200333','15221019887','','','选填：对本次交易的补充说明（建议填写已经和卖家达成一致的说明）','等待所有商品备齐后再发',0.00,15.00,'1400541162','0','0','0'),
('14','20140520151345669','2014052019031','62','','1400540812','5','申通快递','11','admin','范波','中山北路2911号中关村科技大厦2402室','1','25','321','2709','','260436487@qq.com','200333','15221019887','','','选填：对本次交易的补充说明（建议填写已经和卖家达成一致的说明）','等待所有商品备齐后再发',0.00,15.00,'1400541189','0','0','0'),
('15','20140520151370636','2014052040140','61','','1400540798','5','申通快递','11','admin','范波','中山北路2911号中关村科技大厦2402室','1','25','321','2709','','260436487@qq.com','200333','15221019887','','','选填：对本次交易的补充说明（建议填写已经和卖家达成一致的说明）','等待所有商品备齐后再发',0.00,15.00,'1400541210','0','0','0'),
('16','20140523133492861','2014052328317','68','','1400794223','5','申通快递','11','admin','范波','中山北路2911号中关村科技大厦2402室','1','25','321','2709','','260436487@qq.com','200333','15221019887','','','111111111111','等待所有商品备齐后再发',0.00,15.00,'1400794479','0','0','0'),
('17','20140523135926389','2014052397095','69','','1400795947','5','申通快递','11','admin','范波','中山北路2911号中关村科技大厦2402室','1','25','321','2709','','260436487@qq.com','200333','15221019887','','','选填：对本次交易的补充说明（建议填写已经和卖家达成一致的说明）','等待所有商品备齐后再发',0.00,15.00,'1400795959','0','0','0'),
('18','20140523141470221','2014052176210','67','','1400623235','5','申通快递','11','admin','范波','中山北路2911号中关村科技大厦2402室','1','25','321','2709','','260436487@qq.com','200333','15221019887','','','选填：对本次交易的补充说明（建议填写已经和卖家达成一致的说明）','等待所有商品备齐后再发',0.00,15.00,'1400796849','0','2','0'),
('19','20140610110059921','2014052793358','70','','1401132550','5','申通快递','11','admin','范波','中山北路2911号中关村科技大厦2402室','1','25','321','2709','','260436487@qq.com','200333','15221019887','','','选填：对本次交易的补充说明（建议填写已经和卖家达成一致的说明）','等待所有商品备齐后再发',0.00,15.00,'1402340450','0','0','0'),
('20','20140620110630389','2014062024769','73','','1403204721','5','申通快递','11','admin','范波','中山北路2911号中关村科技大厦2402室','1','25','321','2709','','260436487@qq.com','200333','15221019887','','','123132132','等待所有商品备齐后再发',0.00,15.00,'1403204812','0','0','0');
DROP TABLE IF EXISTS  `ecs_email_list`;
CREATE TABLE `ecs_email_list` (
  `id` mediumint(8) NOT NULL AUTO_INCREMENT,
  `email` varchar(60) NOT NULL,
  `stat` tinyint(1) NOT NULL DEFAULT '0',
  `hash` varchar(10) NOT NULL,
  PRIMARY KEY (`id`)
) ENGINE=InnoDB AUTO_INCREMENT=4 DEFAULT CHARSET=utf8 ROW_FORMAT=DYNAMIC;

insert into `ecs_email_list`(`id`,`email`,`stat`,`hash`) values
('1','111@qq.com','0','065506bcbd'),
('2','11111@qq.com','0','8b39faed92'),
('3','222@qq.com','0','3333a81f35');
DROP TABLE IF EXISTS  `ecs_email_sendlist`;
CREATE TABLE `ecs_email_sendlist` (
  `id` mediumint(8) NOT NULL AUTO_INCREMENT,
  `email` varchar(100) NOT NULL,
  `template_id` mediumint(8) NOT NULL,
  `email_content` text NOT NULL,
  `error` tinyint(1) NOT NULL DEFAULT '0',
  `pri` tinyint(10) NOT NULL,
  `last_send` int(10) NOT NULL,
  PRIMARY KEY (`id`)
) ENGINE=InnoDB DEFAULT CHARSET=utf8 ROW_FORMAT=DYNAMIC;

DROP TABLE IF EXISTS  `ecs_error_log`;
CREATE TABLE `ecs_error_log` (
  `id` int(10) NOT NULL AUTO_INCREMENT,
  `info` varchar(255) NOT NULL,
  `file` varchar(100) NOT NULL,
  `time` int(10) NOT NULL,
  PRIMARY KEY (`id`),
  KEY `time` (`time`)
) ENGINE=InnoDB DEFAULT CHARSET=utf8 ROW_FORMAT=DYNAMIC;

DROP TABLE IF EXISTS  `ecs_exchange_goods`;
CREATE TABLE `ecs_exchange_goods` (
  `goods_id` mediumint(8) unsigned NOT NULL DEFAULT '0',
  `exchange_integral` int(10) unsigned NOT NULL DEFAULT '0',
  `is_exchange` tinyint(1) unsigned NOT NULL DEFAULT '0',
  `is_hot` tinyint(1) unsigned NOT NULL DEFAULT '0',
  PRIMARY KEY (`goods_id`)
) ENGINE=InnoDB DEFAULT CHARSET=utf8 ROW_FORMAT=DYNAMIC;

insert into `ecs_exchange_goods`(`goods_id`,`exchange_integral`,`is_exchange`,`is_hot`) values
('199','200','1','0'),
('202','200','1','1'),
('208','100','1','0');
DROP TABLE IF EXISTS  `ecs_favourable_activity`;
CREATE TABLE `ecs_favourable_activity` (
  `act_id` smallint(5) unsigned NOT NULL AUTO_INCREMENT,
  `act_name` varchar(255) NOT NULL,
  `start_time` int(10) unsigned NOT NULL,
  `end_time` int(10) unsigned NOT NULL,
  `user_rank` varchar(255) NOT NULL,
  `act_range` tinyint(3) unsigned NOT NULL,
  `act_range_ext` varchar(255) NOT NULL,
  `min_amount` decimal(10,2) unsigned NOT NULL,
  `max_amount` decimal(10,2) unsigned NOT NULL,
  `act_type` tinyint(3) unsigned NOT NULL,
  `act_type_ext` decimal(10,2) unsigned NOT NULL,
  `gift` text NOT NULL,
  `sort_order` tinyint(3) unsigned NOT NULL DEFAULT '50',
  PRIMARY KEY (`act_id`),
  KEY `act_name` (`act_name`)
) ENGINE=InnoDB AUTO_INCREMENT=3 DEFAULT CHARSET=utf8 ROW_FORMAT=DYNAMIC;

insert into `ecs_favourable_activity`(`act_id`,`act_name`,`start_time`,`end_time`,`user_rank`,`act_range`,`act_range_ext`,`min_amount`,`max_amount`,`act_type`,`act_type_ext`,`gift`,`sort_order`) values
('2','满99元还可以享受9折优惠哦！','1404892800','1436428800','1,2','0','',99.00,0.00,'2',50.00,'a:0:{}','50');
DROP TABLE IF EXISTS  `ecs_feedback`;
CREATE TABLE `ecs_feedback` (
  `msg_id` mediumint(8) unsigned NOT NULL AUTO_INCREMENT,
  `parent_id` mediumint(8) unsigned NOT NULL DEFAULT '0',
  `user_id` mediumint(8) unsigned NOT NULL DEFAULT '0',
  `user_name` varchar(60) NOT NULL DEFAULT '',
  `user_email` varchar(60) NOT NULL DEFAULT '',
  `msg_title` varchar(200) NOT NULL DEFAULT '',
  `msg_type` tinyint(1) unsigned NOT NULL DEFAULT '0',
  `msg_status` tinyint(1) unsigned NOT NULL DEFAULT '0',
  `msg_content` text NOT NULL,
  `msg_time` int(10) unsigned NOT NULL DEFAULT '0',
  `message_img` varchar(255) NOT NULL DEFAULT '0',
  `order_id` int(11) unsigned NOT NULL DEFAULT '0',
  `msg_area` tinyint(1) unsigned NOT NULL DEFAULT '0',
  PRIMARY KEY (`msg_id`),
  KEY `user_id` (`user_id`)
) ENGINE=InnoDB AUTO_INCREMENT=6 DEFAULT CHARSET=utf8 ROW_FORMAT=DYNAMIC;

insert into `ecs_feedback`(`msg_id`,`parent_id`,`user_id`,`user_name`,`user_email`,`msg_title`,`msg_type`,`msg_status`,`msg_content`,`msg_time`,`message_img`,`order_id`,`msg_area`) values
('1','0','1','ecshop','ecshop@ecshop.com','三星SGH-F258什么时候到','4','0','三星SGH-F258什么时候有货','1242107197','','0','0'),
('2','0','0','匿名用户','1111@qq.com','dfadggagag','2','0','agbbfnasfmnfgmndsmjhg,kgliulguilgfuykgjmb kuf','1388963921','','0','1'),
('3','0','0','匿名用户','1111@qq.com','adgahgshahrgah','2','1','agna\'a gnsd.kmbhas\'gla nmknhl','1388964063','','0','1'),
('4','0','11','小松','260436487@qq.com','我留个言我留个言','0','0','我留个言我留个言我留个言我留个言我留个言我留个言我留个言我留个言我留个言我留个言我留个言我留个言我留个言我留个言我留个言我留个言我留个言我留个言','1400093474','11_20140515kyvdic.jpg','0','0'),
('5','0','11','小松','260436487@qq.com','我投诉一下','1','0','我投诉一下我投诉一下我投诉一下我投诉一下我投诉一下我投诉一下我投诉一下我投诉一下我投诉一下我投诉一下我投诉一下','1400093506','11_20140515jxzsqi.jpg','0','0');
DROP TABLE IF EXISTS  `ecs_friend_link`;
CREATE TABLE `ecs_friend_link` (
  `link_id` smallint(5) unsigned NOT NULL AUTO_INCREMENT,
  `link_name` varchar(255) NOT NULL DEFAULT '',
  `link_url` varchar(255) NOT NULL DEFAULT '',
  `link_logo` varchar(255) NOT NULL DEFAULT '',
  `show_order` tinyint(3) unsigned NOT NULL DEFAULT '50',
  PRIMARY KEY (`link_id`),
  KEY `show_order` (`show_order`)
) ENGINE=InnoDB DEFAULT CHARSET=utf8 ROW_FORMAT=DYNAMIC;

DROP TABLE IF EXISTS  `ecs_goods`;
CREATE TABLE `ecs_goods` (
  `goods_id` mediumint(8) unsigned NOT NULL AUTO_INCREMENT,
  `cat_id` smallint(5) unsigned NOT NULL DEFAULT '0',
  `goods_sn` varchar(60) NOT NULL DEFAULT '',
  `goods_name` varchar(120) NOT NULL DEFAULT '',
  `goods_name_style` varchar(60) NOT NULL DEFAULT '+',
  `click_count` int(10) unsigned NOT NULL DEFAULT '0',
  `brand_id` smallint(5) unsigned NOT NULL DEFAULT '0',
  `provider_name` varchar(100) NOT NULL DEFAULT '',
  `goods_number` smallint(5) unsigned NOT NULL DEFAULT '0',
  `goods_weight` decimal(10,3) unsigned NOT NULL DEFAULT '0.000',
  `market_price` decimal(10,2) unsigned NOT NULL DEFAULT '0.00',
  `shop_price` decimal(10,2) unsigned NOT NULL DEFAULT '0.00',
  `promote_price` decimal(10,2) unsigned NOT NULL DEFAULT '0.00',
  `promote_start_date` int(11) unsigned NOT NULL DEFAULT '0',
  `promote_end_date` int(11) unsigned NOT NULL DEFAULT '0',
  `warn_number` tinyint(3) unsigned NOT NULL DEFAULT '1',
  `keywords` varchar(255) NOT NULL DEFAULT '',
  `goods_brief` varchar(255) NOT NULL DEFAULT '',
  `goods_desc` text NOT NULL,
  `goods_thumb` varchar(255) NOT NULL DEFAULT '',
  `goods_img` varchar(255) NOT NULL DEFAULT '',
  `original_img` varchar(255) NOT NULL DEFAULT '',
  `is_real` tinyint(3) unsigned NOT NULL DEFAULT '1',
  `extension_code` varchar(30) NOT NULL DEFAULT '',
  `is_on_sale` tinyint(1) unsigned NOT NULL DEFAULT '1',
  `is_alone_sale` tinyint(1) unsigned NOT NULL DEFAULT '1',
  `is_shipping` tinyint(1) unsigned NOT NULL DEFAULT '0',
  `integral` int(10) unsigned NOT NULL DEFAULT '0',
  `add_time` int(10) unsigned NOT NULL DEFAULT '0',
  `sort_order` smallint(4) unsigned NOT NULL DEFAULT '100',
  `is_delete` tinyint(1) unsigned NOT NULL DEFAULT '0',
  `is_best` tinyint(1) unsigned NOT NULL DEFAULT '0',
  `is_new` tinyint(1) unsigned NOT NULL DEFAULT '0',
  `is_hot` tinyint(1) unsigned NOT NULL DEFAULT '0',
  `is_promote` tinyint(1) unsigned NOT NULL DEFAULT '0',
  `bonus_type_id` tinyint(3) unsigned NOT NULL DEFAULT '0',
  `last_update` int(10) unsigned NOT NULL DEFAULT '0',
  `goods_type` smallint(5) unsigned NOT NULL DEFAULT '0',
  `seller_note` varchar(255) NOT NULL DEFAULT '',
  `give_integral` int(11) NOT NULL DEFAULT '-1',
  `rank_integral` int(11) NOT NULL DEFAULT '-1',
  `suppliers_id` smallint(5) unsigned DEFAULT NULL,
  `is_check` tinyint(1) unsigned DEFAULT NULL,
  `goods_shipai` text NOT NULL,
  `comments_number` int(10) unsigned NOT NULL DEFAULT '0',
  `sales_volume` int(10) unsigned NOT NULL DEFAULT '0',
  `is_seckill` tinyint(4) DEFAULT NULL,
  `seckill_price` decimal(10,2) DEFAULT NULL,
  `seckill_start_date` int(11) DEFAULT NULL,
  `seckill_end_date` int(11) DEFAULT NULL,
  `seckill_number` int(11) DEFAULT NULL,
  `sales_count` int(11) DEFAULT NULL,
  `packing_list` varchar(255) DEFAULT NULL,
  `after_sales` varchar(50) DEFAULT NULL,
  `seller_info` text NOT NULL,
  `is_like` tinyint(1) unsigned NOT NULL DEFAULT '0',
  `brand_info` text NOT NULL,
  `bb_chicun` varchar(255) NOT NULL,
  PRIMARY KEY (`goods_id`),
  KEY `goods_sn` (`goods_sn`),
  KEY `cat_id` (`cat_id`),
  KEY `last_update` (`last_update`),
  KEY `brand_id` (`brand_id`),
  KEY `goods_weight` (`goods_weight`),
  KEY `promote_end_date` (`promote_end_date`),
  KEY `promote_start_date` (`promote_start_date`),
  KEY `goods_number` (`goods_number`),
  KEY `sort_order` (`sort_order`),
  KEY `sales_volume` (`sales_volume`)
) ENGINE=InnoDB AUTO_INCREMENT=226 DEFAULT CHARSET=utf8 ROW_FORMAT=DYNAMIC;

insert into `ecs_goods`(`goods_id`,`cat_id`,`goods_sn`,`goods_name`,`goods_name_style`,`click_count`,`brand_id`,`provider_name`,`goods_number`,`goods_weight`,`market_price`,`shop_price`,`promote_price`,`promote_start_date`,`promote_end_date`,`warn_number`,`keywords`,`goods_brief`,`goods_desc`,`goods_thumb`,`goods_img`,`original_img`,`is_real`,`extension_code`,`is_on_sale`,`is_alone_sale`,`is_shipping`,`integral`,`add_time`,`sort_order`,`is_delete`,`is_best`,`is_new`,`is_hot`,`is_promote`,`bonus_type_id`,`last_update`,`goods_type`,`seller_note`,`give_integral`,`rank_integral`,`suppliers_id`,`is_check`,`goods_shipai`,`comments_number`,`sales_volume`,`is_seckill`,`seckill_price`,`seckill_start_date`,`seckill_end_date`,`seckill_number`,`sales_count`,`packing_list`,`after_sales`,`seller_info`,`is_like`,`brand_info`,`bb_chicun`) values
('212','467','ECS000212','德卫（Divinol）5W-40 SN/CF 全合成机油 德国原装进口润滑油 4L+2*1L（共6升）','+','8','0','','1000',0.000,907.19,756.00,0.00,'0','0','1','德卫（Divinol）5W-40 SN/CF 全合成机油 德国原装进口润滑油 4L+2*1L（共6升）','','<p>
	<a href="https://sale.jd.com/act/0KVJz8d1N6QEGY3v.html" target="_blank"><img src="https://img30.360buyimg.com/popWaterMark/jfs/t6544/222/2230965400/159418/cf44c02f/595f38c1N33d3fb94.jpg" alt="PC.jpg" /></a> 
</p>
<div id="J-detail-pop-tpl-top-new" style="margin:0px;padding:0px;color:#666666;font-family:tahoma, arial,;">
	<p>
		<img alt="" src="https://img10.360buyimg.com/imgzone/jfs/t3241/150/8805756813/105123/757cfddc/58c9f24eN06e29744.jpg" /> 
	</p>
	<p>
		<br />
	</p>
	<p>
		<img alt="" src="https://img10.360buyimg.com/imgzone/jfs/t6631/17/1306123075/134815/101036d1/594f8898N3166d281.jpg" /> 
	</p>
</div>
<div class="detail-content clearfix" style="margin:10px 0px;padding:0px;background:#F7F7F7;color:#666666;font-family:tahoma, arial,;">
	<div class="detail-content-wrap" style="margin:0px;padding:0px;background-color:#FFFFFF;">
		<div id="letv" style="margin:0px;padding:0px;">
			<iframe id="le-video" class="ELazy-loading" src="https://s.yuntv.letv.com/bcloud.html?uu=82abd5491f&vu=c9bc0d8d9a&pu=098df6fe6d&auto_play=0&width=750&height=422" style="width:750px;height:422px;" frameborder="0">
			</iframe>
		</div>
		<div class="detail-content-item" style="margin:0px;padding:0px;">
			<div id="activity_header" style="margin:0px;padding:0px;">
			</div>
			<div id="J-detail-content" style="margin:0px;padding:0px;">
				<div style="margin:0px;padding:0px;text-align:center;">
					<br />
<img alt="" id="569d11b0dd854248b954f2f1fd71a637" src="https://img30.360buyimg.com/popWareDetail/jfs/t3199/9/5835762674/257903/5c3a17c2/587f1359N32da868d.jpg" /><img alt="" src="https://img10.360buyimg.com/imgzone/jfs/t4021/63/1636647092/501906/c4b1e4e7/5887018cNf2a86936.jpg" border="0" /><img alt="" src="https://img10.360buyimg.com/imgzone/jfs/t4114/61/1629050424/510686/cac2b61b/5887018dN83ffb3ac.jpg" /><img alt="" src="https://img10.360buyimg.com/imgzone/jfs/t3061/205/5897842009/294355/2760bc06/5887018dN6102910f.jpg" /><img alt="" src="https://img10.360buyimg.com/imgzone/jfs/t3247/73/5864834004/352154/9ee6eabc/5887018fN208177ea.jpg" border="0" /><img alt="" src="https://img10.360buyimg.com/imgzone/jfs/t3961/72/1657680332/320778/3c44096c/5887018eN6582139f.jpg" /><img alt="" src="https://img10.360buyimg.com/imgzone/jfs/t3115/53/5876325777/449186/406f67b2/58870190Nd2b86b3d.jpg" /><img alt="" src="https://img10.360buyimg.com/imgzone/jfs/t3817/154/3355824065/302497/29a0f04a/58870191Ndb977dfd.jpg" border="0" /><img alt="" src="https://img10.360buyimg.com/imgzone/jfs/t3235/106/5909170204/368146/d765df48/58870191N5a177305.jpg" border="0" /><img alt="" src="https://img10.360buyimg.com/imgzone/jfs/t4078/66/1694949490/284305/2b705c19/58870191N9a180499.jpg" /><img alt="" src="https://img10.360buyimg.com/imgzone/jfs/t3811/76/3399498038/227485/b7db40cc/58870192Na2d1a81e.jpg" /><img alt="" src="https://img10.360buyimg.com/imgzone/jfs/t4111/88/1687967093/365609/35a98650/58870193Nbcfca1f9.gif" /><img alt="" src="https://img10.360buyimg.com/imgzone/jfs/t4036/23/1745087822/314249/69a3f168/58870194N2150d93c.jpg" /><img alt="" src="https://img10.360buyimg.com/imgzone/jfs/t4084/72/1686895747/545357/ac24da88/58870195N61c9a56e.jpg" /><img alt="" src="https://img10.360buyimg.com/imgzone/jfs/t3946/81/1659267027/258622/71707789/58870194Neaa9abe2.jpg" /><img alt="" src="https://img10.360buyimg.com/imgzone/jfs/t3214/231/5823869276/197575/207dfb74/58870195N4d903686.jpg" /><img alt="" src="https://img10.360buyimg.com/imgzone/jfs/t3079/353/5894264174/316443/732b2393/58870197Ncf81eeb3.jpg" /><img alt="" src="https://img10.360buyimg.com/imgzone/jfs/t3172/290/5763154972/488901/a6c3b69c/58870198Nc1eb55b5.jpg" /><img alt="" src="https://img10.360buyimg.com/imgzone/jfs/t3220/267/5715103278/323667/8dc57bc5/58870197N4c96a48f.jpg" /><img alt="" src="https://img10.360buyimg.com/imgzone/jfs/t3985/95/1696573571/625863/39e87652/5887019aNaec83995.jpg" /><br />
<img alt="" id="d74006ffa25f4c7fb4beee0e4629d3f1" src="https://img30.360buyimg.com/popWareDetail/jfs/t3937/194/2453557055/693010/d6d7d265/58a9024bNb4a9a9fd.gif" /><br />
<img alt="" id="3f098e20635e4d0ba37594d9ec4d06de" src="https://img30.360buyimg.com/popWareDetail/jfs/t3175/62/6618132598/2491879/3d92d07d/58a9024fN28486ee3.gif" /><br />
<img alt="" id="3a958a178e8d4a449fe30a8fb407fb74" src="https://img30.360buyimg.com/popWareDetail/jfs/t4012/271/2395077844/778001/643432fa/58a9053bNbd55f50a.gif" /> 
				</div>
			</div>
		</div>
	</div>
</div>
<p>
	<br />
</p>','images/201707/thumb_img/212_thumb_G_1501120643787.png','images/201707/goods_img/212_G_1501120643195.jpg','images/201707/source_img/212_G_1501120643501.png','1','','1','1','0','7','1501077652','100','0','1','0','0','0','0','1501120753','22','','-1','-1','0',null,'','0','0','0',0.00,'0','0','0',null,'','','','0','',''),
('213','467','ECS000213','德卫（Divinol）5W-40 SN/CF 全合成机油 德国原装进口润滑油 4L+3*1L（共7升）','+','0','0','','1000',0.000,1071.60,893.00,0.00,'0','0','1','德卫（Divinol）5W-40 SN/CF 全合成机油 德国原装进口润滑油 4L+3*1L（共7升）','','<p>
	<a href="https://sale.jd.com/act/0KVJz8d1N6QEGY3v.html" target="_blank"><img src="https://img30.360buyimg.com/popWaterMark/jfs/t6544/222/2230965400/159418/cf44c02f/595f38c1N33d3fb94.jpg" alt="PC.jpg" /></a> 
</p>
<div id="J-detail-pop-tpl-top-new" style="margin:0px;padding:0px;color:#666666;font-family:tahoma, arial,;">
	<p>
		<img alt="" src="https://img10.360buyimg.com/imgzone/jfs/t3241/150/8805756813/105123/757cfddc/58c9f24eN06e29744.jpg" /> 
	</p>
	<p>
		<br />
	</p>
	<p>
		<img alt="" src="https://img10.360buyimg.com/imgzone/jfs/t6631/17/1306123075/134815/101036d1/594f8898N3166d281.jpg" /> 
	</p>
</div>
<div class="detail-content clearfix" style="margin:10px 0px;padding:0px;background:#F7F7F7;color:#666666;font-family:tahoma, arial,;">
	<div class="detail-content-wrap" style="margin:0px;padding:0px;background-color:#FFFFFF;">
		<div class="detail-content-item" style="margin:0px;padding:0px;">
			<div id="activity_header" style="margin:0px;padding:0px;">
			</div>
			<div id="J-detail-content" style="margin:0px;padding:0px;">
				<div style="margin:0px;padding:0px;text-align:center;">
					<br />
<img alt="" id="569d11b0dd854248b954f2f1fd71a637" src="https://img30.360buyimg.com/popWareDetail/jfs/t3199/9/5835762674/257903/5c3a17c2/587f1359N32da868d.jpg" /><img alt="" src="https://img10.360buyimg.com/imgzone/jfs/t4021/63/1636647092/501906/c4b1e4e7/5887018cNf2a86936.jpg" border="0" /><img alt="" src="https://img10.360buyimg.com/imgzone/jfs/t4114/61/1629050424/510686/cac2b61b/5887018dN83ffb3ac.jpg" /><img alt="" src="https://img10.360buyimg.com/imgzone/jfs/t3061/205/5897842009/294355/2760bc06/5887018dN6102910f.jpg" /><img alt="" src="https://img10.360buyimg.com/imgzone/jfs/t3247/73/5864834004/352154/9ee6eabc/5887018fN208177ea.jpg" border="0" /><img alt="" src="https://img10.360buyimg.com/imgzone/jfs/t3961/72/1657680332/320778/3c44096c/5887018eN6582139f.jpg" /><img alt="" src="https://img10.360buyimg.com/imgzone/jfs/t3115/53/5876325777/449186/406f67b2/58870190Nd2b86b3d.jpg" /><img alt="" src="https://img10.360buyimg.com/imgzone/jfs/t3817/154/3355824065/302497/29a0f04a/58870191Ndb977dfd.jpg" border="0" /><img alt="" src="https://img10.360buyimg.com/imgzone/jfs/t3235/106/5909170204/368146/d765df48/58870191N5a177305.jpg" border="0" /><img alt="" src="https://img10.360buyimg.com/imgzone/jfs/t4078/66/1694949490/284305/2b705c19/58870191N9a180499.jpg" /><img alt="" src="https://img10.360buyimg.com/imgzone/jfs/t3811/76/3399498038/227485/b7db40cc/58870192Na2d1a81e.jpg" /><img alt="" src="https://img10.360buyimg.com/imgzone/jfs/t4111/88/1687967093/365609/35a98650/58870193Nbcfca1f9.gif" /><img alt="" src="https://img10.360buyimg.com/imgzone/jfs/t4036/23/1745087822/314249/69a3f168/58870194N2150d93c.jpg" /><img alt="" src="https://img10.360buyimg.com/imgzone/jfs/t4084/72/1686895747/545357/ac24da88/58870195N61c9a56e.jpg" /><img alt="" src="https://img10.360buyimg.com/imgzone/jfs/t3946/81/1659267027/258622/71707789/58870194Neaa9abe2.jpg" /><img alt="" src="https://img10.360buyimg.com/imgzone/jfs/t3214/231/5823869276/197575/207dfb74/58870195N4d903686.jpg" /><img alt="" src="https://img10.360buyimg.com/imgzone/jfs/t3079/353/5894264174/316443/732b2393/58870197Ncf81eeb3.jpg" /><img alt="" src="https://img10.360buyimg.com/imgzone/jfs/t3172/290/5763154972/488901/a6c3b69c/58870198Nc1eb55b5.jpg" /><img alt="" src="https://img10.360buyimg.com/imgzone/jfs/t3220/267/5715103278/323667/8dc57bc5/58870197N4c96a48f.jpg" /><img alt="" src="https://img10.360buyimg.com/imgzone/jfs/t3985/95/1696573571/625863/39e87652/5887019aNaec83995.jpg" /><br />
<img alt="" id="d74006ffa25f4c7fb4beee0e4629d3f1" src="https://img30.360buyimg.com/popWareDetail/jfs/t3937/194/2453557055/693010/d6d7d265/58a9024bNb4a9a9fd.gif" /><br />
<img alt="" id="3f098e20635e4d0ba37594d9ec4d06de" src="https://img30.360buyimg.com/popWareDetail/jfs/t3175/62/6618132598/2491879/3d92d07d/58a9024fN28486ee3.gif" /><br />
<img alt="" id="3a958a178e8d4a449fe30a8fb407fb74" src="https://img30.360buyimg.com/popWareDetail/jfs/t4012/271/2395077844/778001/643432fa/58a9053bNbd55f50a.gif" /> 
				</div>
			</div>
		</div>
	</div>
</div>
<p>
	<br />
</p>','images/201707/thumb_img/213_thumb_G_1501121083418.jpg','images/201707/goods_img/213_G_1501121083733.jpg','images/201707/source_img/213_G_1501121083578.png','1','','1','1','0','8','1501077953','100','0','0','1','0','0','0','1501121124','22','','-1','-1','0',null,'','0','0','0',0.00,'0','0','0',null,'','','','0','',''),
('214','468','ECS000214','德卫（Divinol）15W-40 SG/CF 全合成机油 德国原装进口润滑油 大量采购请致电13530318582','+','3','0','','1000',0.000,1198.80,999.00,0.00,'0','0','1','德卫（Divinol）15W-40 SG/CF 全合成机油 德国原装进口润滑油 大量采购请致电13530318582','','<p>
	<a href="https://sale.jd.com/act/0KVJz8d1N6QEGY3v.html" target="_blank"><img src="https://img30.360buyimg.com/popWaterMark/jfs/t6544/222/2230965400/159418/cf44c02f/595f38c1N33d3fb94.jpg" alt="PC.jpg" /></a> 
</p>
<div id="J-detail-pop-tpl-top-new" style="margin:0px;padding:0px;color:#666666;font-family:tahoma, arial,;">
	<p>
		<img alt="" src="https://img10.360buyimg.com/imgzone/jfs/t3241/150/8805756813/105123/757cfddc/58c9f24eN06e29744.jpg" /> 
	</p>
	<p>
		<br />
	</p>
	<p>
		<img alt="" src="https://img10.360buyimg.com/imgzone/jfs/t6631/17/1306123075/134815/101036d1/594f8898N3166d281.jpg" /> 
	</p>
</div>
<div class="detail-content clearfix" style="margin:10px 0px;padding:0px;background:#F7F7F7;color:#666666;font-family:tahoma, arial,;">
	<div class="detail-content-wrap" style="margin:0px;padding:0px;background-color:#FFFFFF;">
		<div class="detail-content-item" style="margin:0px;padding:0px;">
			<div id="activity_header" style="margin:0px;padding:0px;">
			</div>
			<div id="J-detail-content" style="margin:0px;padding:0px;">
				<div style="margin:0px;padding:0px;text-align:center;">
					<br />
<img alt="" id="569d11b0dd854248b954f2f1fd71a637" src="https://img30.360buyimg.com/popWareDetail/jfs/t3199/9/5835762674/257903/5c3a17c2/587f1359N32da868d.jpg" /><img alt="" src="https://img10.360buyimg.com/imgzone/jfs/t4021/63/1636647092/501906/c4b1e4e7/5887018cNf2a86936.jpg" border="0" /><img alt="" src="https://img10.360buyimg.com/imgzone/jfs/t4114/61/1629050424/510686/cac2b61b/5887018dN83ffb3ac.jpg" /><img alt="" src="https://img10.360buyimg.com/imgzone/jfs/t3061/205/5897842009/294355/2760bc06/5887018dN6102910f.jpg" /><img alt="" src="https://img10.360buyimg.com/imgzone/jfs/t3247/73/5864834004/352154/9ee6eabc/5887018fN208177ea.jpg" border="0" /><img alt="" src="https://img10.360buyimg.com/imgzone/jfs/t3961/72/1657680332/320778/3c44096c/5887018eN6582139f.jpg" /><img alt="" src="https://img10.360buyimg.com/imgzone/jfs/t3115/53/5876325777/449186/406f67b2/58870190Nd2b86b3d.jpg" /><img alt="" src="https://img10.360buyimg.com/imgzone/jfs/t3817/154/3355824065/302497/29a0f04a/58870191Ndb977dfd.jpg" border="0" /><img alt="" src="https://img10.360buyimg.com/imgzone/jfs/t3235/106/5909170204/368146/d765df48/58870191N5a177305.jpg" border="0" /><img alt="" src="https://img10.360buyimg.com/imgzone/jfs/t4078/66/1694949490/284305/2b705c19/58870191N9a180499.jpg" /><img alt="" src="https://img10.360buyimg.com/imgzone/jfs/t3811/76/3399498038/227485/b7db40cc/58870192Na2d1a81e.jpg" /><img alt="" src="https://img10.360buyimg.com/imgzone/jfs/t4111/88/1687967093/365609/35a98650/58870193Nbcfca1f9.gif" /><img alt="" src="https://img10.360buyimg.com/imgzone/jfs/t4036/23/1745087822/314249/69a3f168/58870194N2150d93c.jpg" /><img alt="" src="https://img10.360buyimg.com/imgzone/jfs/t4084/72/1686895747/545357/ac24da88/58870195N61c9a56e.jpg" /><img alt="" src="https://img10.360buyimg.com/imgzone/jfs/t3946/81/1659267027/258622/71707789/58870194Neaa9abe2.jpg" /><img alt="" src="https://img10.360buyimg.com/imgzone/jfs/t3214/231/5823869276/197575/207dfb74/58870195N4d903686.jpg" /><img alt="" src="https://img10.360buyimg.com/imgzone/jfs/t3079/353/5894264174/316443/732b2393/58870197Ncf81eeb3.jpg" /><img alt="" src="https://img10.360buyimg.com/imgzone/jfs/t3172/290/5763154972/488901/a6c3b69c/58870198Nc1eb55b5.jpg" /><img alt="" src="https://img10.360buyimg.com/imgzone/jfs/t3220/267/5715103278/323667/8dc57bc5/58870197N4c96a48f.jpg" /><img alt="" src="https://img10.360buyimg.com/imgzone/jfs/t3985/95/1696573571/625863/39e87652/5887019aNaec83995.jpg" /><br />
<img alt="" id="d74006ffa25f4c7fb4beee0e4629d3f1" src="https://img30.360buyimg.com/popWareDetail/jfs/t3937/194/2453557055/693010/d6d7d265/58a9024bNb4a9a9fd.gif" /><br />
<img alt="" id="3f098e20635e4d0ba37594d9ec4d06de" src="https://img30.360buyimg.com/popWareDetail/jfs/t3175/62/6618132598/2491879/3d92d07d/58a9024fN28486ee3.gif" /><br />
<img alt="" id="3a958a178e8d4a449fe30a8fb407fb74" src="https://img30.360buyimg.com/popWareDetail/jfs/t4012/271/2395077844/778001/643432fa/58a9053bNbd55f50a.gif" /> 
				</div>
			</div>
		</div>
	</div>
</div>
<p>
	<br />
</p>','images/201707/thumb_img/214_thumb_G_1501121145370.jpg','images/201707/goods_img/214_G_1501121145624.jpg','images/201707/source_img/214_G_1501121145490.png','1','','1','1','0','9','1501078030','100','0','0','0','1','0','0','1501121166','22','','-1','-1','0',null,'','0','0','0',0.00,'0','0','0',null,'','','','0','',''),
('215','468','ECS000215','德卫（Divinol）15W-40 SG/CF 全合成机油 德国原装进口润滑油 5L','+','6','0','','1000',0.000,419.52,349.60,0.00,'0','0','1','德卫（Divinol）15W-40 SG/CF 全合成机油 德国原装进口润滑油 5L','','<p>
	<a href="https://sale.jd.com/act/0KVJz8d1N6QEGY3v.html" target="_blank"><img src="https://img30.360buyimg.com/popWaterMark/jfs/t6544/222/2230965400/159418/cf44c02f/595f38c1N33d3fb94.jpg" alt="PC.jpg" /></a> 
</p>
<div id="J-detail-pop-tpl-top-new" style="margin:0px;padding:0px;color:#666666;font-family:tahoma, arial,;">
	<p>
		<img alt="" src="https://img10.360buyimg.com/imgzone/jfs/t3241/150/8805756813/105123/757cfddc/58c9f24eN06e29744.jpg" /> 
	</p>
	<p>
		<br />
	</p>
	<p>
		<img alt="" src="https://img10.360buyimg.com/imgzone/jfs/t6631/17/1306123075/134815/101036d1/594f8898N3166d281.jpg" /> 
	</p>
</div>
<div class="detail-content clearfix" style="margin:10px 0px;padding:0px;background:#F7F7F7;color:#666666;font-family:tahoma, arial,;">
	<div class="detail-content-wrap" style="margin:0px;padding:0px;background-color:#FFFFFF;">
		<div class="detail-content-item" style="margin:0px;padding:0px;">
			<div id="activity_header" style="margin:0px;padding:0px;">
			</div>
			<div id="J-detail-content" style="margin:0px;padding:0px;">
				<div style="margin:0px;padding:0px;text-align:center;">
					<br />
<img alt="" id="569d11b0dd854248b954f2f1fd71a637" src="https://img30.360buyimg.com/popWareDetail/jfs/t3199/9/5835762674/257903/5c3a17c2/587f1359N32da868d.jpg" /><img alt="" src="https://img10.360buyimg.com/imgzone/jfs/t4021/63/1636647092/501906/c4b1e4e7/5887018cNf2a86936.jpg" border="0" /><img alt="" src="https://img10.360buyimg.com/imgzone/jfs/t4114/61/1629050424/510686/cac2b61b/5887018dN83ffb3ac.jpg" /><img alt="" src="https://img10.360buyimg.com/imgzone/jfs/t3061/205/5897842009/294355/2760bc06/5887018dN6102910f.jpg" /><img alt="" src="https://img10.360buyimg.com/imgzone/jfs/t3247/73/5864834004/352154/9ee6eabc/5887018fN208177ea.jpg" border="0" /><img alt="" src="https://img10.360buyimg.com/imgzone/jfs/t3961/72/1657680332/320778/3c44096c/5887018eN6582139f.jpg" /><img alt="" src="https://img10.360buyimg.com/imgzone/jfs/t3115/53/5876325777/449186/406f67b2/58870190Nd2b86b3d.jpg" /><img alt="" src="https://img10.360buyimg.com/imgzone/jfs/t3817/154/3355824065/302497/29a0f04a/58870191Ndb977dfd.jpg" border="0" /><img alt="" src="https://img10.360buyimg.com/imgzone/jfs/t3235/106/5909170204/368146/d765df48/58870191N5a177305.jpg" border="0" /><img alt="" src="https://img10.360buyimg.com/imgzone/jfs/t4078/66/1694949490/284305/2b705c19/58870191N9a180499.jpg" /><img alt="" src="https://img10.360buyimg.com/imgzone/jfs/t3811/76/3399498038/227485/b7db40cc/58870192Na2d1a81e.jpg" /><img alt="" src="https://img10.360buyimg.com/imgzone/jfs/t4111/88/1687967093/365609/35a98650/58870193Nbcfca1f9.gif" /><img alt="" src="https://img10.360buyimg.com/imgzone/jfs/t4036/23/1745087822/314249/69a3f168/58870194N2150d93c.jpg" /><img alt="" src="https://img10.360buyimg.com/imgzone/jfs/t4084/72/1686895747/545357/ac24da88/58870195N61c9a56e.jpg" /><img alt="" src="https://img10.360buyimg.com/imgzone/jfs/t3946/81/1659267027/258622/71707789/58870194Neaa9abe2.jpg" /><img alt="" src="https://img10.360buyimg.com/imgzone/jfs/t3214/231/5823869276/197575/207dfb74/58870195N4d903686.jpg" /><img alt="" src="https://img10.360buyimg.com/imgzone/jfs/t3079/353/5894264174/316443/732b2393/58870197Ncf81eeb3.jpg" /><img alt="" src="https://img10.360buyimg.com/imgzone/jfs/t3172/290/5763154972/488901/a6c3b69c/58870198Nc1eb55b5.jpg" /><img alt="" src="https://img10.360buyimg.com/imgzone/jfs/t3220/267/5715103278/323667/8dc57bc5/58870197N4c96a48f.jpg" /><img alt="" src="https://img10.360buyimg.com/imgzone/jfs/t3985/95/1696573571/625863/39e87652/5887019aNaec83995.jpg" /><br />
<img alt="" id="d74006ffa25f4c7fb4beee0e4629d3f1" src="https://img30.360buyimg.com/popWareDetail/jfs/t3937/194/2453557055/693010/d6d7d265/58a9024bNb4a9a9fd.gif" /><br />
<img alt="" id="3f098e20635e4d0ba37594d9ec4d06de" src="https://img30.360buyimg.com/popWareDetail/jfs/t3175/62/6618132598/2491879/3d92d07d/58a9024fN28486ee3.gif" /><br />
<img alt="" id="3a958a178e8d4a449fe30a8fb407fb74" src="https://img30.360buyimg.com/popWareDetail/jfs/t4012/271/2395077844/778001/643432fa/58a9053bNbd55f50a.gif" /> 
				</div>
			</div>
		</div>
	</div>
</div>
<p>
	<br />
</p>','images/201707/thumb_img/215_thumb_G_1501121186577.jpg','images/201707/goods_img/215_G_1501121186130.jpg','images/201707/source_img/215_G_1501121186132.png','1','','1','1','0','3','1501078091','100','0','1','0','0','0','0','1501121211','22','','-1','-1','0',null,'','0','0','0',0.00,'0','0','0',null,'','','','0','',''),
('216','468','ECS000216','德卫（Divinol）15W-40 SG/CF 全合成机油 德国原装进口润滑油 20L','+','1','0','','1000',0.000,1536.00,1280.00,0.00,'0','0','1','德卫（Divinol）15W-40 SG/CF 全合成机油 德国原装进口润滑油 20L','','<p>
	<a href="https://sale.jd.com/act/0KVJz8d1N6QEGY3v.html" target="_blank"><img src="https://img30.360buyimg.com/popWaterMark/jfs/t6544/222/2230965400/159418/cf44c02f/595f38c1N33d3fb94.jpg" alt="PC.jpg" /></a> 
</p>
<div id="J-detail-pop-tpl-top-new" style="margin:0px;padding:0px;color:#666666;font-family:tahoma, arial,;">
	<p>
		<img alt="" src="https://img10.360buyimg.com/imgzone/jfs/t3241/150/8805756813/105123/757cfddc/58c9f24eN06e29744.jpg" /> 
	</p>
	<p>
		<br />
	</p>
	<p>
		<img alt="" src="https://img10.360buyimg.com/imgzone/jfs/t6631/17/1306123075/134815/101036d1/594f8898N3166d281.jpg" /> 
	</p>
</div>
<div class="detail-content clearfix" style="margin:10px 0px;padding:0px;background:#F7F7F7;color:#666666;font-family:tahoma, arial,;">
	<div class="detail-content-wrap" style="margin:0px;padding:0px;background-color:#FFFFFF;">
		<div class="detail-content-item" style="margin:0px;padding:0px;">
			<div id="activity_header" style="margin:0px;padding:0px;">
			</div>
			<div id="J-detail-content" style="margin:0px;padding:0px;">
				<div style="margin:0px;padding:0px;text-align:center;">
					<br />
<img alt="" id="569d11b0dd854248b954f2f1fd71a637" src="https://img30.360buyimg.com/popWareDetail/jfs/t3199/9/5835762674/257903/5c3a17c2/587f1359N32da868d.jpg" /><img alt="" src="https://img10.360buyimg.com/imgzone/jfs/t4021/63/1636647092/501906/c4b1e4e7/5887018cNf2a86936.jpg" border="0" /><img alt="" src="https://img10.360buyimg.com/imgzone/jfs/t4114/61/1629050424/510686/cac2b61b/5887018dN83ffb3ac.jpg" /><img alt="" src="https://img10.360buyimg.com/imgzone/jfs/t3061/205/5897842009/294355/2760bc06/5887018dN6102910f.jpg" /><img alt="" src="https://img10.360buyimg.com/imgzone/jfs/t3247/73/5864834004/352154/9ee6eabc/5887018fN208177ea.jpg" border="0" /><img alt="" src="https://img10.360buyimg.com/imgzone/jfs/t3961/72/1657680332/320778/3c44096c/5887018eN6582139f.jpg" /><img alt="" src="https://img10.360buyimg.com/imgzone/jfs/t3115/53/5876325777/449186/406f67b2/58870190Nd2b86b3d.jpg" /><img alt="" src="https://img10.360buyimg.com/imgzone/jfs/t3817/154/3355824065/302497/29a0f04a/58870191Ndb977dfd.jpg" border="0" /><img alt="" src="https://img10.360buyimg.com/imgzone/jfs/t3235/106/5909170204/368146/d765df48/58870191N5a177305.jpg" border="0" /><img alt="" src="https://img10.360buyimg.com/imgzone/jfs/t4078/66/1694949490/284305/2b705c19/58870191N9a180499.jpg" /><img alt="" src="https://img10.360buyimg.com/imgzone/jfs/t3811/76/3399498038/227485/b7db40cc/58870192Na2d1a81e.jpg" /><img alt="" src="https://img10.360buyimg.com/imgzone/jfs/t4111/88/1687967093/365609/35a98650/58870193Nbcfca1f9.gif" /><img alt="" src="https://img10.360buyimg.com/imgzone/jfs/t4036/23/1745087822/314249/69a3f168/58870194N2150d93c.jpg" /><img alt="" src="https://img10.360buyimg.com/imgzone/jfs/t4084/72/1686895747/545357/ac24da88/58870195N61c9a56e.jpg" /><img alt="" src="https://img10.360buyimg.com/imgzone/jfs/t3946/81/1659267027/258622/71707789/58870194Neaa9abe2.jpg" /><img alt="" src="https://img10.360buyimg.com/imgzone/jfs/t3214/231/5823869276/197575/207dfb74/58870195N4d903686.jpg" /><img alt="" src="https://img10.360buyimg.com/imgzone/jfs/t3079/353/5894264174/316443/732b2393/58870197Ncf81eeb3.jpg" /><img alt="" src="https://img10.360buyimg.com/imgzone/jfs/t3172/290/5763154972/488901/a6c3b69c/58870198Nc1eb55b5.jpg" /><img alt="" src="https://img10.360buyimg.com/imgzone/jfs/t3220/267/5715103278/323667/8dc57bc5/58870197N4c96a48f.jpg" /><img alt="" src="https://img10.360buyimg.com/imgzone/jfs/t3985/95/1696573571/625863/39e87652/5887019aNaec83995.jpg" /><br />
<img alt="" id="d74006ffa25f4c7fb4beee0e4629d3f1" src="https://img30.360buyimg.com/popWareDetail/jfs/t3937/194/2453557055/693010/d6d7d265/58a9024bNb4a9a9fd.gif" /><br />
<img alt="" id="3f098e20635e4d0ba37594d9ec4d06de" src="https://img30.360buyimg.com/popWareDetail/jfs/t3175/62/6618132598/2491879/3d92d07d/58a9024fN28486ee3.gif" /><br />
<img alt="" id="3a958a178e8d4a449fe30a8fb407fb74" src="https://img30.360buyimg.com/popWareDetail/jfs/t4012/271/2395077844/778001/643432fa/58a9053bNbd55f50a.gif" /> 
				</div>
			</div>
		</div>
	</div>
</div>
<p>
	<br />
</p>','images/201707/thumb_img/216_thumb_G_1501121232045.jpg','images/201707/goods_img/216_G_1501121232752.jpg','images/201707/source_img/216_G_1501121232220.png','1','','1','1','0','12','1501078147','100','0','0','1','0','0','0','1501121258','22','','-1','-1','0',null,'','0','0','0',0.00,'0','0','0',null,'','','','0','',''),
('217','468','ECS000217','德卫（Divinol）20W-50 SJ/CF 全合成机油 德国原装进口润滑油 20L','+','0','0','','1000',0.000,1425.60,1188.00,0.00,'0','0','1','德卫（Divinol）20W-50 SJ/CF 全合成机油 德国原装进口润滑油 20L','','<p>
	<a href="https://sale.jd.com/act/0KVJz8d1N6QEGY3v.html" target="_blank"><img src="https://img30.360buyimg.com/popWaterMark/jfs/t6544/222/2230965400/159418/cf44c02f/595f38c1N33d3fb94.jpg" alt="PC.jpg" /></a> 
</p>
<div id="J-detail-pop-tpl-top-new" style="margin:0px;padding:0px;color:#666666;font-family:tahoma, arial,;">
	<p>
		<img alt="" src="https://img10.360buyimg.com/imgzone/jfs/t3241/150/8805756813/105123/757cfddc/58c9f24eN06e29744.jpg" /> 
	</p>
	<p>
		<br />
	</p>
	<p>
		<img alt="" src="https://img10.360buyimg.com/imgzone/jfs/t6631/17/1306123075/134815/101036d1/594f8898N3166d281.jpg" /> 
	</p>
</div>
<div class="detail-content clearfix" style="margin:10px 0px;padding:0px;background:#F7F7F7;color:#666666;font-family:tahoma, arial,;">
	<div class="detail-content-wrap" style="margin:0px;padding:0px;background-color:#FFFFFF;">
		<div class="detail-content-item" style="margin:0px;padding:0px;">
			<div id="activity_header" style="margin:0px;padding:0px;">
			</div>
			<div id="J-detail-content" style="margin:0px;padding:0px;">
				<div style="margin:0px;padding:0px;text-align:center;">
					<br />
<img alt="" id="569d11b0dd854248b954f2f1fd71a637" src="https://img30.360buyimg.com/popWareDetail/jfs/t3199/9/5835762674/257903/5c3a17c2/587f1359N32da868d.jpg" /><img alt="" src="https://img10.360buyimg.com/imgzone/jfs/t4021/63/1636647092/501906/c4b1e4e7/5887018cNf2a86936.jpg" border="0" /><img alt="" src="https://img10.360buyimg.com/imgzone/jfs/t4114/61/1629050424/510686/cac2b61b/5887018dN83ffb3ac.jpg" /><img alt="" src="https://img10.360buyimg.com/imgzone/jfs/t3061/205/5897842009/294355/2760bc06/5887018dN6102910f.jpg" /><img alt="" src="https://img10.360buyimg.com/imgzone/jfs/t3247/73/5864834004/352154/9ee6eabc/5887018fN208177ea.jpg" border="0" /><img alt="" src="https://img10.360buyimg.com/imgzone/jfs/t3961/72/1657680332/320778/3c44096c/5887018eN6582139f.jpg" /><img alt="" src="https://img10.360buyimg.com/imgzone/jfs/t3115/53/5876325777/449186/406f67b2/58870190Nd2b86b3d.jpg" /><img alt="" src="https://img10.360buyimg.com/imgzone/jfs/t3817/154/3355824065/302497/29a0f04a/58870191Ndb977dfd.jpg" border="0" /><img alt="" src="https://img10.360buyimg.com/imgzone/jfs/t3235/106/5909170204/368146/d765df48/58870191N5a177305.jpg" border="0" /><img alt="" src="https://img10.360buyimg.com/imgzone/jfs/t4078/66/1694949490/284305/2b705c19/58870191N9a180499.jpg" /><img alt="" src="https://img10.360buyimg.com/imgzone/jfs/t3811/76/3399498038/227485/b7db40cc/58870192Na2d1a81e.jpg" /><img alt="" src="https://img10.360buyimg.com/imgzone/jfs/t4111/88/1687967093/365609/35a98650/58870193Nbcfca1f9.gif" /><img alt="" src="https://img10.360buyimg.com/imgzone/jfs/t4036/23/1745087822/314249/69a3f168/58870194N2150d93c.jpg" /><img alt="" src="https://img10.360buyimg.com/imgzone/jfs/t4084/72/1686895747/545357/ac24da88/58870195N61c9a56e.jpg" /><img alt="" src="https://img10.360buyimg.com/imgzone/jfs/t3946/81/1659267027/258622/71707789/58870194Neaa9abe2.jpg" /><img alt="" src="https://img10.360buyimg.com/imgzone/jfs/t3214/231/5823869276/197575/207dfb74/58870195N4d903686.jpg" /><img alt="" src="https://img10.360buyimg.com/imgzone/jfs/t3079/353/5894264174/316443/732b2393/58870197Ncf81eeb3.jpg" /><img alt="" src="https://img10.360buyimg.com/imgzone/jfs/t3172/290/5763154972/488901/a6c3b69c/58870198Nc1eb55b5.jpg" /><img alt="" src="https://img10.360buyimg.com/imgzone/jfs/t3220/267/5715103278/323667/8dc57bc5/58870197N4c96a48f.jpg" /><img alt="" src="https://img10.360buyimg.com/imgzone/jfs/t3985/95/1696573571/625863/39e87652/5887019aNaec83995.jpg" /><br />
<img alt="" id="d74006ffa25f4c7fb4beee0e4629d3f1" src="https://img30.360buyimg.com/popWareDetail/jfs/t3937/194/2453557055/693010/d6d7d265/58a9024bNb4a9a9fd.gif" /><br />
<img alt="" id="3f098e20635e4d0ba37594d9ec4d06de" src="https://img30.360buyimg.com/popWareDetail/jfs/t3175/62/6618132598/2491879/3d92d07d/58a9024fN28486ee3.gif" /><br />
<img alt="" id="3a958a178e8d4a449fe30a8fb407fb74" src="https://img30.360buyimg.com/popWareDetail/jfs/t4012/271/2395077844/778001/643432fa/58a9053bNbd55f50a.gif" /> 
				</div>
			</div>
		</div>
	</div>
</div>
<p>
	<br />
</p>','images/201707/thumb_img/217_thumb_G_1501121282716.jpg','images/201707/goods_img/217_G_1501121282092.jpg','images/201707/source_img/217_G_1501121282048.png','1','','1','1','0','11','1501078204','100','0','0','0','1','0','0','1501121305','22','','-1','-1','0',null,'','0','0','0',0.00,'0','0','0',null,'','','','0','',''),
('218','468','ECS000218','德卫（Divinol）20W-50 SJ/CF 全合成机油 德国原装进口润滑油 5L','+','7','0','','1000',0.000,384.00,320.00,0.00,'0','0','1','德卫（Divinol）20W-50 SJ/CF 全合成机油 德国原装进口润滑油 5L','','<p>
	<a href="https://sale.jd.com/act/0KVJz8d1N6QEGY3v.html" target="_blank"><img src="https://img30.360buyimg.com/popWaterMark/jfs/t6544/222/2230965400/159418/cf44c02f/595f38c1N33d3fb94.jpg" alt="PC.jpg" /></a> 
</p>
<div id="J-detail-pop-tpl-top-new" style="margin:0px;padding:0px;color:#666666;font-family:tahoma, arial,;">
	<p>
		<img alt="" src="https://img10.360buyimg.com/imgzone/jfs/t3241/150/8805756813/105123/757cfddc/58c9f24eN06e29744.jpg" /> 
	</p>
	<p>
		<br />
	</p>
	<p>
		<img alt="" src="https://img10.360buyimg.com/imgzone/jfs/t6631/17/1306123075/134815/101036d1/594f8898N3166d281.jpg" /> 
	</p>
</div>
<div class="detail-content clearfix" style="margin:10px 0px;padding:0px;background:#F7F7F7;color:#666666;font-family:tahoma, arial,;">
	<div class="detail-content-wrap" style="margin:0px;padding:0px;background-color:#FFFFFF;">
		<div class="detail-content-item" style="margin:0px;padding:0px;">
			<div id="activity_header" style="margin:0px;padding:0px;">
			</div>
			<div id="J-detail-content" style="margin:0px;padding:0px;">
				<div style="margin:0px;padding:0px;text-align:center;">
					<br />
<img alt="" id="569d11b0dd854248b954f2f1fd71a637" src="https://img30.360buyimg.com/popWareDetail/jfs/t3199/9/5835762674/257903/5c3a17c2/587f1359N32da868d.jpg" /><img alt="" src="https://img10.360buyimg.com/imgzone/jfs/t4021/63/1636647092/501906/c4b1e4e7/5887018cNf2a86936.jpg" border="0" /><img alt="" src="https://img10.360buyimg.com/imgzone/jfs/t4114/61/1629050424/510686/cac2b61b/5887018dN83ffb3ac.jpg" /><img alt="" src="https://img10.360buyimg.com/imgzone/jfs/t3061/205/5897842009/294355/2760bc06/5887018dN6102910f.jpg" /><img alt="" src="https://img10.360buyimg.com/imgzone/jfs/t3247/73/5864834004/352154/9ee6eabc/5887018fN208177ea.jpg" border="0" /><img alt="" src="https://img10.360buyimg.com/imgzone/jfs/t3961/72/1657680332/320778/3c44096c/5887018eN6582139f.jpg" /><img alt="" src="https://img10.360buyimg.com/imgzone/jfs/t3115/53/5876325777/449186/406f67b2/58870190Nd2b86b3d.jpg" /><img alt="" src="https://img10.360buyimg.com/imgzone/jfs/t3817/154/3355824065/302497/29a0f04a/58870191Ndb977dfd.jpg" border="0" /><img alt="" src="https://img10.360buyimg.com/imgzone/jfs/t3235/106/5909170204/368146/d765df48/58870191N5a177305.jpg" border="0" /><img alt="" src="https://img10.360buyimg.com/imgzone/jfs/t4078/66/1694949490/284305/2b705c19/58870191N9a180499.jpg" /><img alt="" src="https://img10.360buyimg.com/imgzone/jfs/t3811/76/3399498038/227485/b7db40cc/58870192Na2d1a81e.jpg" /><img alt="" src="https://img10.360buyimg.com/imgzone/jfs/t4111/88/1687967093/365609/35a98650/58870193Nbcfca1f9.gif" /><img alt="" src="https://img10.360buyimg.com/imgzone/jfs/t4036/23/1745087822/314249/69a3f168/58870194N2150d93c.jpg" /><img alt="" src="https://img10.360buyimg.com/imgzone/jfs/t4084/72/1686895747/545357/ac24da88/58870195N61c9a56e.jpg" /><img alt="" src="https://img10.360buyimg.com/imgzone/jfs/t3946/81/1659267027/258622/71707789/58870194Neaa9abe2.jpg" /><img alt="" src="https://img10.360buyimg.com/imgzone/jfs/t3214/231/5823869276/197575/207dfb74/58870195N4d903686.jpg" /><img alt="" src="https://img10.360buyimg.com/imgzone/jfs/t3079/353/5894264174/316443/732b2393/58870197Ncf81eeb3.jpg" /><img alt="" src="https://img10.360buyimg.com/imgzone/jfs/t3172/290/5763154972/488901/a6c3b69c/58870198Nc1eb55b5.jpg" /><img alt="" src="https://img10.360buyimg.com/imgzone/jfs/t3220/267/5715103278/323667/8dc57bc5/58870197N4c96a48f.jpg" /><img alt="" src="https://img10.360buyimg.com/imgzone/jfs/t3985/95/1696573571/625863/39e87652/5887019aNaec83995.jpg" /><br />
<img alt="" id="d74006ffa25f4c7fb4beee0e4629d3f1" src="https://img30.360buyimg.com/popWareDetail/jfs/t3937/194/2453557055/693010/d6d7d265/58a9024bNb4a9a9fd.gif" /><br />
<img alt="" id="3f098e20635e4d0ba37594d9ec4d06de" src="https://img30.360buyimg.com/popWareDetail/jfs/t3175/62/6618132598/2491879/3d92d07d/58a9024fN28486ee3.gif" /><br />
<img alt="" id="3a958a178e8d4a449fe30a8fb407fb74" src="https://img30.360buyimg.com/popWareDetail/jfs/t4012/271/2395077844/778001/643432fa/58a9053bNbd55f50a.gif" /> 
				</div>
			</div>
		</div>
	</div>
</div>
<p>
	<br />
</p>','images/201707/thumb_img/218_thumb_G_1501121336399.jpg','images/201707/goods_img/218_G_1501121336569.jpg','images/201707/source_img/218_G_1501121336029.png','1','','1','1','0','3','1501078262','100','0','1','0','0','0','0','1501121374','22','','-1','-1','0',null,'','0','0','0',0.00,'0','0','0',null,'','','','0','',''),
('219','468','ECS000219','德卫（Divinol）10W-40 CI-4/LNG 全合成机油 德国原装进口润滑油 5L','+','2','0','','1000',0.000,456.00,380.00,0.00,'0','0','1','德卫（Divinol）10W-40 CI-4/LNG 全合成机油 德国原装进口润滑油 5L','','<p>
	<a href="https://sale.jd.com/act/0KVJz8d1N6QEGY3v.html" target="_blank"><img src="https://img30.360buyimg.com/popWaterMark/jfs/t6544/222/2230965400/159418/cf44c02f/595f38c1N33d3fb94.jpg" alt="PC.jpg" /></a> 
</p>
<div id="J-detail-pop-tpl-top-new" style="margin:0px;padding:0px;color:#666666;font-family:tahoma, arial,;">
	<p>
		<img alt="" src="https://img10.360buyimg.com/imgzone/jfs/t3241/150/8805756813/105123/757cfddc/58c9f24eN06e29744.jpg" /> 
	</p>
	<p>
		<br />
	</p>
	<p>
		<img alt="" src="https://img10.360buyimg.com/imgzone/jfs/t6631/17/1306123075/134815/101036d1/594f8898N3166d281.jpg" /> 
	</p>
</div>
<div class="detail-content clearfix" style="margin:10px 0px;padding:0px;background:#F7F7F7;color:#666666;font-family:tahoma, arial,;">
	<div class="detail-content-wrap" style="margin:0px;padding:0px;background-color:#FFFFFF;">
		<div class="detail-content-item" style="margin:0px;padding:0px;">
			<div id="activity_header" style="margin:0px;padding:0px;">
			</div>
			<div id="J-detail-content" style="margin:0px;padding:0px;">
				<div style="margin:0px;padding:0px;text-align:center;">
					<br />
<img alt="" id="569d11b0dd854248b954f2f1fd71a637" src="https://img30.360buyimg.com/popWareDetail/jfs/t3199/9/5835762674/257903/5c3a17c2/587f1359N32da868d.jpg" /><img alt="" src="https://img10.360buyimg.com/imgzone/jfs/t4021/63/1636647092/501906/c4b1e4e7/5887018cNf2a86936.jpg" border="0" /><img alt="" src="https://img10.360buyimg.com/imgzone/jfs/t4114/61/1629050424/510686/cac2b61b/5887018dN83ffb3ac.jpg" /><img alt="" src="https://img10.360buyimg.com/imgzone/jfs/t3061/205/5897842009/294355/2760bc06/5887018dN6102910f.jpg" /><img alt="" src="https://img10.360buyimg.com/imgzone/jfs/t3247/73/5864834004/352154/9ee6eabc/5887018fN208177ea.jpg" border="0" /><img alt="" src="https://img10.360buyimg.com/imgzone/jfs/t3961/72/1657680332/320778/3c44096c/5887018eN6582139f.jpg" /><img alt="" src="https://img10.360buyimg.com/imgzone/jfs/t3115/53/5876325777/449186/406f67b2/58870190Nd2b86b3d.jpg" /><img alt="" src="https://img10.360buyimg.com/imgzone/jfs/t3817/154/3355824065/302497/29a0f04a/58870191Ndb977dfd.jpg" border="0" /><img alt="" src="https://img10.360buyimg.com/imgzone/jfs/t3235/106/5909170204/368146/d765df48/58870191N5a177305.jpg" border="0" /><img alt="" src="https://img10.360buyimg.com/imgzone/jfs/t4078/66/1694949490/284305/2b705c19/58870191N9a180499.jpg" /><img alt="" src="https://img10.360buyimg.com/imgzone/jfs/t3811/76/3399498038/227485/b7db40cc/58870192Na2d1a81e.jpg" /><img alt="" src="https://img10.360buyimg.com/imgzone/jfs/t4111/88/1687967093/365609/35a98650/58870193Nbcfca1f9.gif" /><img alt="" src="https://img10.360buyimg.com/imgzone/jfs/t4036/23/1745087822/314249/69a3f168/58870194N2150d93c.jpg" /><img alt="" src="https://img10.360buyimg.com/imgzone/jfs/t4084/72/1686895747/545357/ac24da88/58870195N61c9a56e.jpg" /><img alt="" src="https://img10.360buyimg.com/imgzone/jfs/t3946/81/1659267027/258622/71707789/58870194Neaa9abe2.jpg" /><img alt="" src="https://img10.360buyimg.com/imgzone/jfs/t3214/231/5823869276/197575/207dfb74/58870195N4d903686.jpg" /><img alt="" src="https://img10.360buyimg.com/imgzone/jfs/t3079/353/5894264174/316443/732b2393/58870197Ncf81eeb3.jpg" /><img alt="" src="https://img10.360buyimg.com/imgzone/jfs/t3172/290/5763154972/488901/a6c3b69c/58870198Nc1eb55b5.jpg" /><img alt="" src="https://img10.360buyimg.com/imgzone/jfs/t3220/267/5715103278/323667/8dc57bc5/58870197N4c96a48f.jpg" /><img alt="" src="https://img10.360buyimg.com/imgzone/jfs/t3985/95/1696573571/625863/39e87652/5887019aNaec83995.jpg" /><br />
<img alt="" id="d74006ffa25f4c7fb4beee0e4629d3f1" src="https://img30.360buyimg.com/popWareDetail/jfs/t3937/194/2453557055/693010/d6d7d265/58a9024bNb4a9a9fd.gif" /><br />
<img alt="" id="3f098e20635e4d0ba37594d9ec4d06de" src="https://img30.360buyimg.com/popWareDetail/jfs/t3175/62/6618132598/2491879/3d92d07d/58a9024fN28486ee3.gif" /><br />
<img alt="" id="3a958a178e8d4a449fe30a8fb407fb74" src="https://img30.360buyimg.com/popWareDetail/jfs/t4012/271/2395077844/778001/643432fa/58a9053bNbd55f50a.gif" /> 
				</div>
			</div>
		</div>
	</div>
</div>
<p>
	<br />
</p>','images/201707/thumb_img/219_thumb_G_1501121403885.jpg','images/201707/goods_img/219_G_1501121403516.jpg','images/201707/source_img/219_G_1501121403670.png','1','','1','1','0','3','1501078328','100','0','0','1','0','0','0','1501121430','22','','-1','-1','0',null,'','0','0','0',0.00,'0','0','0',null,'','','','0','',''),
('220','468','ECS000220','德卫（Divinol）10W-40 CI-4/LNG 全合成机油 德国原装进口润滑油 20L','+','4','0','','1000',0.000,1739.51,1449.60,0.00,'0','0','1','德卫（Divinol）10W-40 CI-4/LNG 全合成机油 德国原装进口润滑油 20L','','<p>
	<a href="https://sale.jd.com/act/0KVJz8d1N6QEGY3v.html" target="_blank"><img src="https://img30.360buyimg.com/popWaterMark/jfs/t6544/222/2230965400/159418/cf44c02f/595f38c1N33d3fb94.jpg" alt="PC.jpg" /></a> 
</p>
<div id="J-detail-pop-tpl-top-new" style="margin:0px;padding:0px;color:#666666;font-family:tahoma, arial,;">
	<p>
		<img alt="" src="https://img10.360buyimg.com/imgzone/jfs/t3241/150/8805756813/105123/757cfddc/58c9f24eN06e29744.jpg" /> 
	</p>
	<p>
		<br />
	</p>
	<p>
		<img alt="" src="https://img10.360buyimg.com/imgzone/jfs/t6631/17/1306123075/134815/101036d1/594f8898N3166d281.jpg" /> 
	</p>
</div>
<div class="detail-content clearfix" style="margin:10px 0px;padding:0px;background:#F7F7F7;color:#666666;font-family:tahoma, arial,;">
	<div class="detail-content-wrap" style="margin:0px;padding:0px;background-color:#FFFFFF;">
		<div class="detail-content-item" style="margin:0px;padding:0px;">
			<div id="activity_header" style="margin:0px;padding:0px;">
			</div>
			<div id="J-detail-content" style="margin:0px;padding:0px;">
				<div style="margin:0px;padding:0px;text-align:center;">
					<br />
<img alt="" id="569d11b0dd854248b954f2f1fd71a637" src="https://img30.360buyimg.com/popWareDetail/jfs/t3199/9/5835762674/257903/5c3a17c2/587f1359N32da868d.jpg" /><img alt="" src="https://img10.360buyimg.com/imgzone/jfs/t4021/63/1636647092/501906/c4b1e4e7/5887018cNf2a86936.jpg" border="0" /><img alt="" src="https://img10.360buyimg.com/imgzone/jfs/t4114/61/1629050424/510686/cac2b61b/5887018dN83ffb3ac.jpg" /><img alt="" src="https://img10.360buyimg.com/imgzone/jfs/t3061/205/5897842009/294355/2760bc06/5887018dN6102910f.jpg" /><img alt="" src="https://img10.360buyimg.com/imgzone/jfs/t3247/73/5864834004/352154/9ee6eabc/5887018fN208177ea.jpg" border="0" /><img alt="" src="https://img10.360buyimg.com/imgzone/jfs/t3961/72/1657680332/320778/3c44096c/5887018eN6582139f.jpg" /><img alt="" src="https://img10.360buyimg.com/imgzone/jfs/t3115/53/5876325777/449186/406f67b2/58870190Nd2b86b3d.jpg" /><img alt="" src="https://img10.360buyimg.com/imgzone/jfs/t3817/154/3355824065/302497/29a0f04a/58870191Ndb977dfd.jpg" border="0" /><img alt="" src="https://img10.360buyimg.com/imgzone/jfs/t3235/106/5909170204/368146/d765df48/58870191N5a177305.jpg" border="0" /><img alt="" src="https://img10.360buyimg.com/imgzone/jfs/t4078/66/1694949490/284305/2b705c19/58870191N9a180499.jpg" /><img alt="" src="https://img10.360buyimg.com/imgzone/jfs/t3811/76/3399498038/227485/b7db40cc/58870192Na2d1a81e.jpg" /><img alt="" src="https://img10.360buyimg.com/imgzone/jfs/t4111/88/1687967093/365609/35a98650/58870193Nbcfca1f9.gif" /><img alt="" src="https://img10.360buyimg.com/imgzone/jfs/t4036/23/1745087822/314249/69a3f168/58870194N2150d93c.jpg" /><img alt="" src="https://img10.360buyimg.com/imgzone/jfs/t4084/72/1686895747/545357/ac24da88/58870195N61c9a56e.jpg" /><img alt="" src="https://img10.360buyimg.com/imgzone/jfs/t3946/81/1659267027/258622/71707789/58870194Neaa9abe2.jpg" /><img alt="" src="https://img10.360buyimg.com/imgzone/jfs/t3214/231/5823869276/197575/207dfb74/58870195N4d903686.jpg" /><img alt="" src="https://img10.360buyimg.com/imgzone/jfs/t3079/353/5894264174/316443/732b2393/58870197Ncf81eeb3.jpg" /><img alt="" src="https://img10.360buyimg.com/imgzone/jfs/t3172/290/5763154972/488901/a6c3b69c/58870198Nc1eb55b5.jpg" /><img alt="" src="https://img10.360buyimg.com/imgzone/jfs/t3220/267/5715103278/323667/8dc57bc5/58870197N4c96a48f.jpg" /><img alt="" src="https://img10.360buyimg.com/imgzone/jfs/t3985/95/1696573571/625863/39e87652/5887019aNaec83995.jpg" /><br />
<img alt="" id="d74006ffa25f4c7fb4beee0e4629d3f1" src="https://img30.360buyimg.com/popWareDetail/jfs/t3937/194/2453557055/693010/d6d7d265/58a9024bNb4a9a9fd.gif" /><br />
<img alt="" id="3f098e20635e4d0ba37594d9ec4d06de" src="https://img30.360buyimg.com/popWareDetail/jfs/t3175/62/6618132598/2491879/3d92d07d/58a9024fN28486ee3.gif" /><br />
<img alt="" id="3a958a178e8d4a449fe30a8fb407fb74" src="https://img30.360buyimg.com/popWareDetail/jfs/t4012/271/2395077844/778001/643432fa/58a9053bNbd55f50a.gif" /> 
				</div>
			</div>
		</div>
	</div>
</div>
<p>
	<br />
</p>','images/201707/thumb_img/220_thumb_G_1501121457211.jpg','images/201707/goods_img/220_G_1501121457248.jpg','images/201707/source_img/220_G_1501121457943.png','1','','1','1','0','14','1501078389','100','0','0','0','1','0','0','1501121477','22','','-1','-1','0',null,'','0','0','0',0.00,'0','0','0',null,'','','','0','',''),
('221','468','ECS000221','德卫 机油10w40柴油机油全合成货车机油CI-4大车机油 20L（可跑10万公里）','+','1','0','','1000',0.000,1980.00,1650.00,0.00,'0','0','1','德卫 机油10w40柴油机油全合成货车机油CI-4大车机油 20L（可跑10万公里）','','<p>
	<a href="https://sale.jd.com/act/0KVJz8d1N6QEGY3v.html" target="_blank"><img src="https://img30.360buyimg.com/popWaterMark/jfs/t6544/222/2230965400/159418/cf44c02f/595f38c1N33d3fb94.jpg" alt="PC.jpg" /></a> 
</p>
<div id="J-detail-pop-tpl-top-new" style="margin:0px;padding:0px;color:#666666;font-family:tahoma, arial,;">
	<p>
		<img alt="" src="https://img10.360buyimg.com/imgzone/jfs/t3241/150/8805756813/105123/757cfddc/58c9f24eN06e29744.jpg" /> 
	</p>
	<p>
		<br />
	</p>
	<p>
		<img alt="" src="https://img10.360buyimg.com/imgzone/jfs/t6631/17/1306123075/134815/101036d1/594f8898N3166d281.jpg" /> 
	</p>
</div>
<div class="detail-content clearfix" style="margin:10px 0px;padding:0px;background:#F7F7F7;color:#666666;font-family:tahoma, arial,;">
	<div class="detail-content-wrap" style="margin:0px;padding:0px;background-color:#FFFFFF;">
		<div class="detail-content-item" style="margin:0px;padding:0px;">
			<div id="activity_header" style="margin:0px;padding:0px;">
			</div>
			<div id="J-detail-content" style="margin:0px;padding:0px;">
				<div style="margin:0px;padding:0px;text-align:center;">
					<br />
<img alt="" id="569d11b0dd854248b954f2f1fd71a637" src="https://img30.360buyimg.com/popWareDetail/jfs/t3199/9/5835762674/257903/5c3a17c2/587f1359N32da868d.jpg" /><img alt="" src="https://img10.360buyimg.com/imgzone/jfs/t4021/63/1636647092/501906/c4b1e4e7/5887018cNf2a86936.jpg" border="0" /><img alt="" src="https://img10.360buyimg.com/imgzone/jfs/t4114/61/1629050424/510686/cac2b61b/5887018dN83ffb3ac.jpg" /><img alt="" src="https://img10.360buyimg.com/imgzone/jfs/t3061/205/5897842009/294355/2760bc06/5887018dN6102910f.jpg" /><img alt="" src="https://img10.360buyimg.com/imgzone/jfs/t3247/73/5864834004/352154/9ee6eabc/5887018fN208177ea.jpg" border="0" /><img alt="" src="https://img10.360buyimg.com/imgzone/jfs/t3961/72/1657680332/320778/3c44096c/5887018eN6582139f.jpg" /><img alt="" src="https://img10.360buyimg.com/imgzone/jfs/t3115/53/5876325777/449186/406f67b2/58870190Nd2b86b3d.jpg" /><img alt="" src="https://img10.360buyimg.com/imgzone/jfs/t3817/154/3355824065/302497/29a0f04a/58870191Ndb977dfd.jpg" border="0" /><img alt="" src="https://img10.360buyimg.com/imgzone/jfs/t3235/106/5909170204/368146/d765df48/58870191N5a177305.jpg" border="0" /><img alt="" src="https://img10.360buyimg.com/imgzone/jfs/t4078/66/1694949490/284305/2b705c19/58870191N9a180499.jpg" /><img alt="" src="https://img10.360buyimg.com/imgzone/jfs/t3811/76/3399498038/227485/b7db40cc/58870192Na2d1a81e.jpg" /><img alt="" src="https://img10.360buyimg.com/imgzone/jfs/t4111/88/1687967093/365609/35a98650/58870193Nbcfca1f9.gif" /><img alt="" src="https://img10.360buyimg.com/imgzone/jfs/t4036/23/1745087822/314249/69a3f168/58870194N2150d93c.jpg" /><img alt="" src="https://img10.360buyimg.com/imgzone/jfs/t4084/72/1686895747/545357/ac24da88/58870195N61c9a56e.jpg" /><img alt="" src="https://img10.360buyimg.com/imgzone/jfs/t3946/81/1659267027/258622/71707789/58870194Neaa9abe2.jpg" /><img alt="" src="https://img10.360buyimg.com/imgzone/jfs/t3214/231/5823869276/197575/207dfb74/58870195N4d903686.jpg" /><img alt="" src="https://img10.360buyimg.com/imgzone/jfs/t3079/353/5894264174/316443/732b2393/58870197Ncf81eeb3.jpg" /><img alt="" src="https://img10.360buyimg.com/imgzone/jfs/t3172/290/5763154972/488901/a6c3b69c/58870198Nc1eb55b5.jpg" /><img alt="" src="https://img10.360buyimg.com/imgzone/jfs/t3220/267/5715103278/323667/8dc57bc5/58870197N4c96a48f.jpg" /><img alt="" src="https://img10.360buyimg.com/imgzone/jfs/t3985/95/1696573571/625863/39e87652/5887019aNaec83995.jpg" /><br />
<img alt="" id="d74006ffa25f4c7fb4beee0e4629d3f1" src="https://img30.360buyimg.com/popWareDetail/jfs/t3937/194/2453557055/693010/d6d7d265/58a9024bNb4a9a9fd.gif" /><br />
<img alt="" id="3f098e20635e4d0ba37594d9ec4d06de" src="https://img30.360buyimg.com/popWareDetail/jfs/t3175/62/6618132598/2491879/3d92d07d/58a9024fN28486ee3.gif" /><br />
<img alt="" id="3a958a178e8d4a449fe30a8fb407fb74" src="https://img30.360buyimg.com/popWareDetail/jfs/t4012/271/2395077844/778001/643432fa/58a9053bNbd55f50a.gif" /> 
				</div>
			</div>
		</div>
	</div>
</div>
<p>
	<br />
</p>','images/201707/thumb_img/221_thumb_G_1501121501255.jpg','images/201707/goods_img/221_G_1501121501539.jpg','images/201707/source_img/221_G_1501121501787.png','1','','1','1','0','16','1501078469','100','0','0','1','0','0','0','1501121522','22','','-1','-1','0',null,'','0','0','0',0.00,'0','0','0',null,'','','','0','',''),
('222','468','ECS000222','德卫 机油10w40柴油机油全合成货车机油CI-4大车机油 大量采购请致电13530318582','+','18','0','','1000',0.000,1198.80,999.00,0.00,'0','0','1','德卫 机油10w40柴油机油全合成货车机油CI-4大车机油 大量采购请致电13530318582','','<p>
	<a href="https://sale.jd.com/act/0KVJz8d1N6QEGY3v.html" target="_blank"><img src="https://img30.360buyimg.com/popWaterMark/jfs/t6544/222/2230965400/159418/cf44c02f/595f38c1N33d3fb94.jpg" alt="PC.jpg" /></a> 
</p>
<div id="J-detail-pop-tpl-top-new" style="margin:0px;padding:0px;color:#666666;font-family:tahoma, arial,;">
	<p>
		<img alt="" src="https://img10.360buyimg.com/imgzone/jfs/t3241/150/8805756813/105123/757cfddc/58c9f24eN06e29744.jpg" /> 
	</p>
	<p>
		<br />
	</p>
	<p>
		<img alt="" src="https://img10.360buyimg.com/imgzone/jfs/t6631/17/1306123075/134815/101036d1/594f8898N3166d281.jpg" /> 
	</p>
</div>
<div class="detail-content clearfix" style="margin:10px 0px;padding:0px;background:#F7F7F7;color:#666666;font-family:tahoma, arial,;">
	<div class="detail-content-wrap" style="margin:0px;padding:0px;background-color:#FFFFFF;">
		<div class="detail-content-item" style="margin:0px;padding:0px;">
			<div id="activity_header" style="margin:0px;padding:0px;">
			</div>
			<div id="J-detail-content" style="margin:0px;padding:0px;">
				<div style="margin:0px;padding:0px;text-align:center;">
					<br />
<img alt="" id="569d11b0dd854248b954f2f1fd71a637" src="https://img30.360buyimg.com/popWareDetail/jfs/t3199/9/5835762674/257903/5c3a17c2/587f1359N32da868d.jpg" /><img alt="" src="https://img10.360buyimg.com/imgzone/jfs/t4021/63/1636647092/501906/c4b1e4e7/5887018cNf2a86936.jpg" border="0" /><img alt="" src="https://img10.360buyimg.com/imgzone/jfs/t4114/61/1629050424/510686/cac2b61b/5887018dN83ffb3ac.jpg" /><img alt="" src="https://img10.360buyimg.com/imgzone/jfs/t3061/205/5897842009/294355/2760bc06/5887018dN6102910f.jpg" /><img alt="" src="https://img10.360buyimg.com/imgzone/jfs/t3247/73/5864834004/352154/9ee6eabc/5887018fN208177ea.jpg" border="0" /><img alt="" src="https://img10.360buyimg.com/imgzone/jfs/t3961/72/1657680332/320778/3c44096c/5887018eN6582139f.jpg" /><img alt="" src="https://img10.360buyimg.com/imgzone/jfs/t3115/53/5876325777/449186/406f67b2/58870190Nd2b86b3d.jpg" /><img alt="" src="https://img10.360buyimg.com/imgzone/jfs/t3817/154/3355824065/302497/29a0f04a/58870191Ndb977dfd.jpg" border="0" /><img alt="" src="https://img10.360buyimg.com/imgzone/jfs/t3235/106/5909170204/368146/d765df48/58870191N5a177305.jpg" border="0" /><img alt="" src="https://img10.360buyimg.com/imgzone/jfs/t4078/66/1694949490/284305/2b705c19/58870191N9a180499.jpg" /><img alt="" src="https://img10.360buyimg.com/imgzone/jfs/t3811/76/3399498038/227485/b7db40cc/58870192Na2d1a81e.jpg" /><img alt="" src="https://img10.360buyimg.com/imgzone/jfs/t4111/88/1687967093/365609/35a98650/58870193Nbcfca1f9.gif" /><img alt="" src="https://img10.360buyimg.com/imgzone/jfs/t4036/23/1745087822/314249/69a3f168/58870194N2150d93c.jpg" /><img alt="" src="https://img10.360buyimg.com/imgzone/jfs/t4084/72/1686895747/545357/ac24da88/58870195N61c9a56e.jpg" /><img alt="" src="https://img10.360buyimg.com/imgzone/jfs/t3946/81/1659267027/258622/71707789/58870194Neaa9abe2.jpg" /><img alt="" src="https://img10.360buyimg.com/imgzone/jfs/t3214/231/5823869276/197575/207dfb74/58870195N4d903686.jpg" /><img alt="" src="https://img10.360buyimg.com/imgzone/jfs/t3079/353/5894264174/316443/732b2393/58870197Ncf81eeb3.jpg" /><img alt="" src="https://img10.360buyimg.com/imgzone/jfs/t3172/290/5763154972/488901/a6c3b69c/58870198Nc1eb55b5.jpg" /><img alt="" src="https://img10.360buyimg.com/imgzone/jfs/t3220/267/5715103278/323667/8dc57bc5/58870197N4c96a48f.jpg" /><img alt="" src="https://img10.360buyimg.com/imgzone/jfs/t3985/95/1696573571/625863/39e87652/5887019aNaec83995.jpg" /><br />
<img alt="" id="d74006ffa25f4c7fb4beee0e4629d3f1" src="https://img30.360buyimg.com/popWareDetail/jfs/t3937/194/2453557055/693010/d6d7d265/58a9024bNb4a9a9fd.gif" /><br />
<img alt="" id="3f098e20635e4d0ba37594d9ec4d06de" src="https://img30.360buyimg.com/popWareDetail/jfs/t3175/62/6618132598/2491879/3d92d07d/58a9024fN28486ee3.gif" /><br />
<img alt="" id="3a958a178e8d4a449fe30a8fb407fb74" src="https://img30.360buyimg.com/popWareDetail/jfs/t4012/271/2395077844/778001/643432fa/58a9053bNbd55f50a.gif" /> 
				</div>
			</div>
		</div>
	</div>
</div>
<p>
	<br />
</p>','images/201707/thumb_img/222_thumb_G_1501121542758.jpg','images/201707/goods_img/222_G_1501121542960.jpg','images/201707/source_img/222_G_1501121542494.png','1','','1','1','0','9','1501078531','100','0','1','0','0','0','0','1501121566','22','','-1','-1','0',null,'','0','0','0',0.00,'0','0','0',null,'','','','0','',''),
('223','468','ECS000223','德卫（Divinol）20W-50 SJ/CF 全合成机油 德国原装进口润滑油 大量采购请致电13530318582','+','15','0','','1000',0.250,1198.80,999.00,88.00,'1501084800','1501430400','100','德卫（Divinol）20W-50 SJ/CF 全合成机油 德国原装进口润滑油 大量采购请致电13530318582','商品简单描述','<p>
	<a href="https://sale.jd.com/act/0KVJz8d1N6QEGY3v.html" target="_blank"><img src="https://img30.360buyimg.com/popWaterMark/jfs/t6544/222/2230965400/159418/cf44c02f/595f38c1N33d3fb94.jpg" alt="PC.jpg" /></a> 
</p>
<div id="J-detail-pop-tpl-top-new" style="margin:0px;padding:0px;color:#666666;font-family:tahoma, arial,;">
	<p>
		<img alt="" src="https://img10.360buyimg.com/imgzone/jfs/t3241/150/8805756813/105123/757cfddc/58c9f24eN06e29744.jpg" /> 
	</p>
	<p>
		<br />
	</p>
	<p>
		<img alt="" src="https://img10.360buyimg.com/imgzone/jfs/t6631/17/1306123075/134815/101036d1/594f8898N3166d281.jpg" /> 
	</p>
</div>
<div class="detail-content clearfix" style="margin:10px 0px;padding:0px;background:#F7F7F7;color:#666666;font-family:tahoma, arial,;">
	<div class="detail-content-wrap" style="margin:0px;padding:0px;background-color:#FFFFFF;">
		<div class="detail-content-item" style="margin:0px;padding:0px;">
			<div id="activity_header" style="margin:0px;padding:0px;">
			</div>
			<div id="J-detail-content" style="margin:0px;padding:0px;">
				<div style="margin:0px;padding:0px;text-align:center;">
					<br />
<img alt="" id="569d11b0dd854248b954f2f1fd71a637" src="https://img30.360buyimg.com/popWareDetail/jfs/t3199/9/5835762674/257903/5c3a17c2/587f1359N32da868d.jpg" /><img alt="" src="https://img10.360buyimg.com/imgzone/jfs/t4021/63/1636647092/501906/c4b1e4e7/5887018cNf2a86936.jpg" border="0" /><img alt="" src="https://img10.360buyimg.com/imgzone/jfs/t4114/61/1629050424/510686/cac2b61b/5887018dN83ffb3ac.jpg" /><img alt="" src="https://img10.360buyimg.com/imgzone/jfs/t3061/205/5897842009/294355/2760bc06/5887018dN6102910f.jpg" /><img alt="" src="https://img10.360buyimg.com/imgzone/jfs/t3247/73/5864834004/352154/9ee6eabc/5887018fN208177ea.jpg" border="0" /><img alt="" src="https://img10.360buyimg.com/imgzone/jfs/t3961/72/1657680332/320778/3c44096c/5887018eN6582139f.jpg" /><img alt="" src="https://img10.360buyimg.com/imgzone/jfs/t3115/53/5876325777/449186/406f67b2/58870190Nd2b86b3d.jpg" /><img alt="" src="https://img10.360buyimg.com/imgzone/jfs/t3817/154/3355824065/302497/29a0f04a/58870191Ndb977dfd.jpg" border="0" /><img alt="" src="https://img10.360buyimg.com/imgzone/jfs/t3235/106/5909170204/368146/d765df48/58870191N5a177305.jpg" border="0" /><img alt="" src="https://img10.360buyimg.com/imgzone/jfs/t4078/66/1694949490/284305/2b705c19/58870191N9a180499.jpg" /><img alt="" src="https://img10.360buyimg.com/imgzone/jfs/t3811/76/3399498038/227485/b7db40cc/58870192Na2d1a81e.jpg" /><img alt="" src="https://img10.360buyimg.com/imgzone/jfs/t4111/88/1687967093/365609/35a98650/58870193Nbcfca1f9.gif" /><img alt="" src="https://img10.360buyimg.com/imgzone/jfs/t4036/23/1745087822/314249/69a3f168/58870194N2150d93c.jpg" /><img alt="" src="https://img10.360buyimg.com/imgzone/jfs/t4084/72/1686895747/545357/ac24da88/58870195N61c9a56e.jpg" /><img alt="" src="https://img10.360buyimg.com/imgzone/jfs/t3946/81/1659267027/258622/71707789/58870194Neaa9abe2.jpg" /><img alt="" src="https://img10.360buyimg.com/imgzone/jfs/t3214/231/5823869276/197575/207dfb74/58870195N4d903686.jpg" /><img alt="" src="https://img10.360buyimg.com/imgzone/jfs/t3079/353/5894264174/316443/732b2393/58870197Ncf81eeb3.jpg" /><img alt="" src="https://img10.360buyimg.com/imgzone/jfs/t3172/290/5763154972/488901/a6c3b69c/58870198Nc1eb55b5.jpg" /><img alt="" src="https://img10.360buyimg.com/imgzone/jfs/t3220/267/5715103278/323667/8dc57bc5/58870197N4c96a48f.jpg" /><img alt="" src="https://img10.360buyimg.com/imgzone/jfs/t3985/95/1696573571/625863/39e87652/5887019aNaec83995.jpg" /><br />
<img alt="" id="d74006ffa25f4c7fb4beee0e4629d3f1" src="https://img30.360buyimg.com/popWareDetail/jfs/t3937/194/2453557055/693010/d6d7d265/58a9024bNb4a9a9fd.gif" /><br />
<img alt="" id="3f098e20635e4d0ba37594d9ec4d06de" src="https://img30.360buyimg.com/popWareDetail/jfs/t3175/62/6618132598/2491879/3d92d07d/58a9024fN28486ee3.gif" /><br />
<img alt="" id="3a958a178e8d4a449fe30a8fb407fb74" src="https://img30.360buyimg.com/popWareDetail/jfs/t4012/271/2395077844/778001/643432fa/58a9053bNbd55f50a.gif" /> 
				</div>
			</div>
		</div>
	</div>
</div>
<p>
	<br />
</p>','images/201707/thumb_img/223_thumb_G_1501121584709.jpg','images/201707/goods_img/223_G_1501121584406.jpg','images/201707/source_img/223_G_1501121584239.png','1','','1','1','1','9','1501078601','100','0','0','1','0','1','0','1501124217','22','商家备注
','-1','-1','0',null,'','0','0','0',0.00,'0','0','0',null,'包装清单','售后服务','','0','',''),
('224','482','ECS000224','德卫（Divinol）5W-40 SN/CF 全合成机油 德国原装进口润滑油 大量采购请致电13530318582','+','12','0','','1000',0.000,1198.80,999.00,0.00,'0','0','1','德卫（Divinol）5W-40 SN/CF 全合成机油 德国原装进口润滑油 大量采购请致电13530318582','','<p>
	<a href="https://sale.jd.com/act/0KVJz8d1N6QEGY3v.html" target="_blank"><img src="https://img30.360buyimg.com/popWaterMark/jfs/t6544/222/2230965400/159418/cf44c02f/595f38c1N33d3fb94.jpg" alt="PC.jpg" /></a> 
</p>
<div id="J-detail-pop-tpl-top-new" style="margin:0px;padding:0px;color:#666666;font-family:tahoma, arial,;">
	<p>
		<img alt="" src="https://img10.360buyimg.com/imgzone/jfs/t3241/150/8805756813/105123/757cfddc/58c9f24eN06e29744.jpg" /> 
	</p>
	<p>
		<br />
	</p>
	<p>
		<img alt="" src="https://img10.360buyimg.com/imgzone/jfs/t6631/17/1306123075/134815/101036d1/594f8898N3166d281.jpg" /> 
	</p>
</div>
<div class="detail-content clearfix" style="margin:10px 0px;padding:0px;background:#F7F7F7;color:#666666;font-family:tahoma, arial,;">
	<div class="detail-content-wrap" style="margin:0px;padding:0px;background-color:#FFFFFF;">
		<div class="detail-content-item" style="margin:0px;padding:0px;">
			<div id="activity_header" style="margin:0px;padding:0px;">
			</div>
			<div id="J-detail-content" style="margin:0px;padding:0px;">
				<div style="margin:0px;padding:0px;text-align:center;">
					<br />
<img alt="" id="569d11b0dd854248b954f2f1fd71a637" src="https://img30.360buyimg.com/popWareDetail/jfs/t3199/9/5835762674/257903/5c3a17c2/587f1359N32da868d.jpg" /><img alt="" src="https://img10.360buyimg.com/imgzone/jfs/t4021/63/1636647092/501906/c4b1e4e7/5887018cNf2a86936.jpg" border="0" /><img alt="" src="https://img10.360buyimg.com/imgzone/jfs/t4114/61/1629050424/510686/cac2b61b/5887018dN83ffb3ac.jpg" /><img alt="" src="https://img10.360buyimg.com/imgzone/jfs/t3061/205/5897842009/294355/2760bc06/5887018dN6102910f.jpg" /><img alt="" src="https://img10.360buyimg.com/imgzone/jfs/t3247/73/5864834004/352154/9ee6eabc/5887018fN208177ea.jpg" border="0" /><img alt="" src="https://img10.360buyimg.com/imgzone/jfs/t3961/72/1657680332/320778/3c44096c/5887018eN6582139f.jpg" /><img alt="" src="https://img10.360buyimg.com/imgzone/jfs/t3115/53/5876325777/449186/406f67b2/58870190Nd2b86b3d.jpg" /><img alt="" src="https://img10.360buyimg.com/imgzone/jfs/t3817/154/3355824065/302497/29a0f04a/58870191Ndb977dfd.jpg" border="0" /><img alt="" src="https://img10.360buyimg.com/imgzone/jfs/t3235/106/5909170204/368146/d765df48/58870191N5a177305.jpg" border="0" /><img alt="" src="https://img10.360buyimg.com/imgzone/jfs/t4078/66/1694949490/284305/2b705c19/58870191N9a180499.jpg" /><img alt="" src="https://img10.360buyimg.com/imgzone/jfs/t3811/76/3399498038/227485/b7db40cc/58870192Na2d1a81e.jpg" /><img alt="" src="https://img10.360buyimg.com/imgzone/jfs/t4111/88/1687967093/365609/35a98650/58870193Nbcfca1f9.gif" /><img alt="" src="https://img10.360buyimg.com/imgzone/jfs/t4036/23/1745087822/314249/69a3f168/58870194N2150d93c.jpg" /><img alt="" src="https://img10.360buyimg.com/imgzone/jfs/t4084/72/1686895747/545357/ac24da88/58870195N61c9a56e.jpg" /><img alt="" src="https://img10.360buyimg.com/imgzone/jfs/t3946/81/1659267027/258622/71707789/58870194Neaa9abe2.jpg" /><img alt="" src="https://img10.360buyimg.com/imgzone/jfs/t3214/231/5823869276/197575/207dfb74/58870195N4d903686.jpg" /><img alt="" src="https://img10.360buyimg.com/imgzone/jfs/t3079/353/5894264174/316443/732b2393/58870197Ncf81eeb3.jpg" /><img alt="" src="https://img10.360buyimg.com/imgzone/jfs/t3172/290/5763154972/488901/a6c3b69c/58870198Nc1eb55b5.jpg" /><img alt="" src="https://img10.360buyimg.com/imgzone/jfs/t3220/267/5715103278/323667/8dc57bc5/58870197N4c96a48f.jpg" /><img alt="" src="https://img10.360buyimg.com/imgzone/jfs/t3985/95/1696573571/625863/39e87652/5887019aNaec83995.jpg" /><br />
<img alt="" id="d74006ffa25f4c7fb4beee0e4629d3f1" src="https://img30.360buyimg.com/popWareDetail/jfs/t3937/194/2453557055/693010/d6d7d265/58a9024bNb4a9a9fd.gif" /><br />
<img alt="" id="3f098e20635e4d0ba37594d9ec4d06de" src="https://img30.360buyimg.com/popWareDetail/jfs/t3175/62/6618132598/2491879/3d92d07d/58a9024fN28486ee3.gif" /><br />
<img alt="" id="3a958a178e8d4a449fe30a8fb407fb74" src="https://img30.360buyimg.com/popWareDetail/jfs/t4012/271/2395077844/778001/643432fa/58a9053bNbd55f50a.gif" /> 
				</div>
			</div>
		</div>
	</div>
</div>
<p>
	<br />
</p>','images/201707/thumb_img/224_thumb_G_1501121620030.jpg','images/201707/goods_img/224_G_1501121620624.jpg','images/201707/source_img/224_G_1501121620131.png','1','','1','1','0','9','1501078666','100','0','0','0','1','0','0','1501121645','22','','-1','-1','0',null,'','0','0','0',0.00,'0','0','0',null,'','','','0','',''),
('225','466','ECS000225','dem ','+','0','0','','1000',0.000,0.00,0.00,0.00,'0','0','1','','','','','','','1','','1','1','0','0','1501221680','100','1','0','0','0','0','0','1501221680','0','','-1','-1','0',null,'','0','0','0',0.00,'0','0','0',null,'','','','0','','');
DROP TABLE IF EXISTS  `ecs_goods_activity`;
CREATE TABLE `ecs_goods_activity` (
  `act_id` mediumint(8) unsigned NOT NULL AUTO_INCREMENT,
  `act_name` varchar(255) NOT NULL,
  `act_desc` text NOT NULL,
  `act_type` tinyint(3) unsigned NOT NULL,
  `goods_id` mediumint(8) unsigned NOT NULL,
  `product_id` mediumint(8) unsigned NOT NULL DEFAULT '0',
  `goods_name` varchar(255) NOT NULL,
  `start_time` int(10) unsigned NOT NULL,
  `end_time` int(10) unsigned NOT NULL,
  `is_finished` tinyint(3) unsigned NOT NULL,
  `ext_info` text NOT NULL,
  PRIMARY KEY (`act_id`),
  KEY `act_name` (`act_name`,`act_type`,`goods_id`)
) ENGINE=InnoDB AUTO_INCREMENT=43 DEFAULT CHARSET=utf8 ROW_FORMAT=DYNAMIC;

insert into `ecs_goods_activity`(`act_id`,`act_name`,`act_desc`,`act_type`,`goods_id`,`product_id`,`goods_name`,`start_time`,`end_time`,`is_finished`,`ext_info`) values
('36','圣荷stherb LoveBank[TangerineDream]佛罗蒙女用香水30ml','仅89元，抢购市场价399元的欧蓝唯芝 蕾丝空调衫（白色/粉色/黄色 3色可选）。优质面料，轻松阻隔紫外线，柔软轻盈超薄，透气性好，耐洗涤。绿色丝光棉柔软又弹力穿上提高腰线衬托曼妙身材，塑造女性的柔美曲线，肩部立体织纹设计更显气质，展现迷人女人味。','1','195','0','圣荷stherb LoveBank[TangerineDream]佛罗蒙女用香水30ml','1403596800','1655020800','0','a:4:{s:12:"price_ladder";a:3:{i:0;a:2:{s:6:"amount";i:10;s:5:"price";d:59;}i:1;a:2:{s:6:"amount";i:20;s:5:"price";d:55;}i:2;a:2:{s:6:"amount";i:30;s:5:"price";d:49;}}s:15:"restrict_amount";i:100;s:13:"gift_integral";i:50;s:7:"deposit";d:0;}'),
('37','VEECCI唯资 超完美持久水眉笔104#灰色 1.5g','仅199元，抢购市场价1290元的伊普ESTPAC 欧美新款平跟底低帮露趾真皮皮带罗马搭扣女凉鞋（白色/蓝色 2色可选），精选优质牛皮，精致的手工制作，质量保证，坚固耐穿，搭配多方位透气，让你无时无刻清爽舒适，独特的罗马风潮设计，展现现代女性独具的时尚风格。','1','196','0','VEECCI唯资 超完美持久水眉笔104#灰色 1.5g','1403596800','1654416000','0','a:4:{s:12:"price_ladder";a:3:{i:0;a:2:{s:6:"amount";i:10;s:5:"price";d:50;}i:1;a:2:{s:6:"amount";i:20;s:5:"price";d:40;}i:2;a:2:{s:6:"amount";i:30;s:5:"price";d:30;}}s:15:"restrict_amount";i:100;s:13:"gift_integral";i:50;s:7:"deposit";d:0;}'),
('38','诗妃 玫瑰嫩白润手霜 60g','11223344556677889900','1','202','0','诗妃 玫瑰嫩白润手霜 60g','1403596800','1435132800','0','a:4:{s:12:"price_ladder";a:1:{i:0;a:2:{s:6:"amount";i:10;s:5:"price";d:59;}}s:15:"restrict_amount";i:100;s:13:"gift_integral";i:50;s:7:"deposit";d:0;}'),
('39','小迷糊 美白嫩肤补水蚕丝面膜套装','','1','203','0','小迷糊 美白嫩肤补水蚕丝面膜套装','1403596800','1435132800','0','a:4:{s:12:"price_ladder";a:1:{i:0;a:2:{s:6:"amount";i:10;s:5:"price";d:69;}}s:15:"restrict_amount";i:0;s:13:"gift_integral";i:50;s:7:"deposit";d:0;}'),
('40','test1','test1test1test1test1test1test1test1test1test1test1test1test1test1test1test1test1test1test1test1test1test1test1test1test1test1test1test1test1test1test1test1test1test1test1test1test1test1test1test1test1test1test1test1test1test1test1test1test1','0','211','0','雅诗兰黛 密集焕白滋润乳液 100ml','1404924960','1436489760','0','a:4:{s:11:"start_price";s:4:"1.00";s:9:"end_price";s:6:"800.00";s:9:"max_price";i:0;s:11:"cost_points";s:1:"1";}'),
('41','测试活动2','测试活动2测试活动2测试活动2测试活动2测试活动2测试活动2测试活动2测试活动2测试活动2测试活动2测试活动2测试活动2测试活动2测试活动2测试活动2测试活动2测试活动2测试活动2测试活动2测试活动2测试活动2测试活动2测试活动2测试活动2','0','197','0','ARTOS雅涂 602沙滩城堡+608酒红色 13ml','1404924960','1436489760','0','a:4:{s:11:"start_price";s:4:"1.00";s:9:"end_price";s:6:"800.00";s:9:"max_price";i:0;s:11:"cost_points";s:1:"1";}'),
('42','candy moyo cm637珐琅红（草莓香味）8ml','活动说明活动说明活动说明活动说明活动说明活动说明活动说明活动说明','1','205','0','candy moyo cm637珐琅红（草莓香味）8ml','1404892800','1625990400','0','a:4:{s:12:"price_ladder";a:1:{i:0;a:2:{s:6:"amount";i:2;s:5:"price";d:200;}}s:15:"restrict_amount";i:20;s:13:"gift_integral";i:100;s:7:"deposit";d:100;}');
DROP TABLE IF EXISTS  `ecs_goods_article`;
CREATE TABLE `ecs_goods_article` (
  `goods_id` mediumint(8) unsigned NOT NULL DEFAULT '0',
  `article_id` mediumint(8) unsigned NOT NULL DEFAULT '0',
  `admin_id` tinyint(3) unsigned NOT NULL DEFAULT '0',
  PRIMARY KEY (`goods_id`,`article_id`,`admin_id`)
) ENGINE=InnoDB DEFAULT CHARSET=utf8 ROW_FORMAT=DYNAMIC;

DROP TABLE IF EXISTS  `ecs_goods_attr`;
CREATE TABLE `ecs_goods_attr` (
  `goods_attr_id` int(10) unsigned NOT NULL AUTO_INCREMENT,
  `goods_id` mediumint(8) unsigned NOT NULL DEFAULT '0',
  `attr_id` smallint(5) unsigned NOT NULL DEFAULT '0',
  `attr_value` text NOT NULL,
  `attr_price` varchar(255) NOT NULL DEFAULT '',
  PRIMARY KEY (`goods_attr_id`),
  KEY `goods_id` (`goods_id`),
  KEY `attr_id` (`attr_id`)
) ENGINE=InnoDB AUTO_INCREMENT=548 DEFAULT CHARSET=utf8 ROW_FORMAT=DYNAMIC;

insert into `ecs_goods_attr`(`goods_attr_id`,`goods_id`,`attr_id`,`attr_value`,`attr_price`) values
('442','212','248','德卫（Divinol）5W-40 SN/CF 全合成机油 德国原装进口润滑油 4L+2*1L（共6升）','0'),
('443','212','249','4.0kg','0'),
('444','212','250','5W-40','0'),
('445','212','251','欧洲','0'),
('446','212','252','SN','0'),
('447','212','255','全合成机油','0'),
('448','212','256','4L','0'),
('449','213','248','德卫（Divinol）5W-40 SN/CF 全合成机油 德国原装进口润滑油 4L+3*1L（共7升）','0'),
('450','213','249','4.0kg','0'),
('451','213','250','5W-40','0'),
('452','213','251','欧洲','0'),
('453','213','252','SN','0'),
('454','213','254','汽机油','0'),
('455','213','255','全合成机油','0'),
('456','213','256','4L','0'),
('457','214','248','德卫（Divinol）15W-40 SG/CF 全合成机油 德国原装进口润滑油 大量采购请致电13530318582','0'),
('458','214','249','20.0kg','0'),
('459','214','250','15W-40','0'),
('460','214','251','欧洲','0'),
('461','214','252','SN','0'),
('462','214','255','全合成机油','0'),
('463','214','256','5L','0'),
('464','215','248','德卫（Divinol）15W-40 SG/CF 全合成机油 德国原装进口润滑油 5L','0'),
('465','215','249','20.0kg','0'),
('466','215','250','15W-40','0'),
('467','215','251','欧洲','0'),
('468','215','252','SN','0'),
('469','215','254','汽机油','0'),
('470','215','255','全合成机油','0'),
('471','215','256','5L','0'),
('472','216','248','德卫（Divinol）15W-40 SG/CF 全合成机油 德国原装进口润滑油 20L','0'),
('473','216','249','20.0kg','0'),
('474','216','250','15W-40','0'),
('475','216','251','欧洲','0'),
('476','216','252','SN','0'),
('477','216','254','汽机油','0'),
('478','216','255','全合成机油','0'),
('479','216','256','5L','0'),
('480','217','248','德卫（Divinol）20W-50 SJ/CF 全合成机油 德国原装进口润滑油 20L','0'),
('481','217','249','50.0kg','0'),
('482','217','250','其他','0'),
('483','217','251','欧洲','0'),
('484','217','252','SN','0'),
('485','217','254','汽机油','0'),
('486','217','255','全合成机油','0'),
('487','217','256','5L','0'),
('488','218','248','德卫（Divinol）20W-50 SJ/CF 全合成机油 德国原装进口润滑油 5L','0'),
('489','218','249','50.0kg','0'),
('490','218','250','其他','0'),
('491','218','251','欧洲','0'),
('492','218','252','SN','0'),
('493','218','254','汽机油','0'),
('494','218','255','全合成机油','0'),
('495','218','256','5L','0'),
('496','219','248','德卫（Divinol）10W-40 CI-4/LNG 全合成机油 德国原装进口润滑油 5L','0'),
('497','219','249','50.0kg','0'),
('498','219','250','10W-40','0'),
('499','219','251','欧洲','0'),
('500','219','252','SN','0'),
('501','219','254','汽机油','0'),
('502','219','255','全合成机油','0'),
('503','219','256','5L','0'),
('504','220','248','德卫（Divinol）10W-40 CI-4/LNG 全合成机油 德国原装进口润滑油 20L','0'),
('505','220','249','50.0kg','0'),
('506','220','250','10W-40','0'),
('507','220','251','欧洲','0'),
('508','220','252','SN','0'),
('509','220','254','汽机油','0'),
('510','220','255','全合成机油','0'),
('511','220','256','5L','0'),
('512','221','248','德卫 机油10w40柴油机油全合成货车机油CI-4大车机油 20L（可跑10万公里）','0'),
('513','221','249','50.0kg','0'),
('514','221','250','10W-40','0'),
('515','221','251','欧洲','0'),
('516','221','252','其他','0'),
('517','221','253','德国','0'),
('518','221','254','汽机油','0'),
('519','221','255','全合成机油','0'),
('520','221','256','5L','0'),
('521','222','248','德卫 机油10w40柴油机油全合成货车机油CI-4大车机油 大量采购请致电13530318582','0'),
('522','222','249','50.0kg','0'),
('523','222','250','10W-40','0'),
('524','222','251','欧洲','0'),
('525','222','252','其他','0'),
('526','222','253','德国','0'),
('527','222','254','汽机油','0'),
('528','222','255','全合成机油','0'),
('529','222','256','5L','0'),
('530','223','248','德卫（Divinol）20W-50 SJ/CF 全合成机油 德国原装进口润滑油 大量采购请致电13530318582','0'),
('531','223','249','50.0kg','0'),
('532','223','250','其他','0'),
('533','223','251','欧洲','0'),
('534','223','252','SN','0'),
('535','223','254','汽机油','0'),
('536','223','255','全合成机油','0'),
('537','223','256','5L','0'),
('538','224','248','德卫（Divinol）5W-40 SN/CF 全合成机油 德国原装进口润滑油 大量采购请致电13530318582','0'),
('539','224','249','4.0kg','0'),
('540','224','250','5W-40','0'),
('541','224','251','欧洲','0'),
('542','224','252','SN','0'),
('543','224','254','汽机油','0'),
('544','224','255','全合成机油','0'),
('545','224','256','4L','0'),
('546','223','247','5L','100'),
('547','223','247','10L','200');
DROP TABLE IF EXISTS  `ecs_goods_cat`;
CREATE TABLE `ecs_goods_cat` (
  `goods_id` mediumint(8) unsigned NOT NULL DEFAULT '0',
  `cat_id` smallint(5) unsigned NOT NULL DEFAULT '0',
  PRIMARY KEY (`goods_id`,`cat_id`)
) ENGINE=InnoDB DEFAULT CHARSET=utf8 ROW_FORMAT=DYNAMIC;

insert into `ecs_goods_cat`(`goods_id`,`cat_id`) values
('212','474'),
('212','482'),
('213','474'),
('213','482'),
('214','472'),
('214','480'),
('214','481'),
('214','483'),
('215','472'),
('215','480'),
('215','483'),
('216','472'),
('216','480'),
('216','483'),
('217','470'),
('217','478'),
('217','485'),
('218','470'),
('218','478'),
('218','485'),
('219','475'),
('219','479'),
('220','475'),
('220','479'),
('221','475'),
('221','479'),
('222','475'),
('222','479'),
('223','470'),
('223','478'),
('223','481'),
('223','485'),
('224','474');
DROP TABLE IF EXISTS  `ecs_goods_gallery`;
CREATE TABLE `ecs_goods_gallery` (
  `img_id` mediumint(8) unsigned NOT NULL AUTO_INCREMENT,
  `goods_id` mediumint(8) unsigned NOT NULL DEFAULT '0',
  `img_url` varchar(255) NOT NULL DEFAULT '',
  `img_desc` varchar(255) NOT NULL DEFAULT '',
  `thumb_url` varchar(255) NOT NULL DEFAULT '',
  `img_original` varchar(255) NOT NULL DEFAULT '',
  PRIMARY KEY (`img_id`),
  KEY `goods_id` (`goods_id`)
) ENGINE=InnoDB AUTO_INCREMENT=416 DEFAULT CHARSET=utf8 ROW_FORMAT=DYNAMIC;

insert into `ecs_goods_gallery`(`img_id`,`goods_id`,`img_url`,`img_desc`,`thumb_url`,`img_original`) values
('356','212','images/201707/goods_img/212_P_1501120643982.png','','images/201707/thumb_img/212_thumb_P_1501120643819.jpg','images/201707/source_img/212_P_1501120643063.png'),
('357','212','images/201707/goods_img/212_P_1501120717055.jpg','','images/201707/thumb_img/212_thumb_P_1501120717705.jpg','images/201707/source_img/212_P_1501120717665.jpg'),
('358','212','images/201707/goods_img/212_P_1501120717277.png','','images/201707/thumb_img/212_thumb_P_1501120717599.jpg','images/201707/source_img/212_P_1501120717527.png'),
('359','212','images/201707/goods_img/212_P_1501120717581.png','','images/201707/thumb_img/212_thumb_P_1501120717833.jpg','images/201707/source_img/212_P_1501120717864.png'),
('360','212','images/201707/goods_img/212_P_1501120753687.jpg','','images/201707/thumb_img/212_thumb_P_1501120753978.jpg','images/201707/source_img/212_P_1501120753450.jpg'),
('362','213','images/201707/goods_img/213_P_1501121083110.png','','images/201707/thumb_img/213_thumb_P_1501121083089.jpg','images/201707/source_img/213_P_1501121083575.png'),
('363','213','images/201707/goods_img/213_P_1501121124766.jpg','','images/201707/thumb_img/213_thumb_P_1501121124176.jpg','images/201707/source_img/213_P_1501121124156.jpg'),
('364','213','images/201707/goods_img/213_P_1501121124409.png','','images/201707/thumb_img/213_thumb_P_1501121124765.jpg','images/201707/source_img/213_P_1501121124852.png'),
('365','213','images/201707/goods_img/213_P_1501121124154.png','','images/201707/thumb_img/213_thumb_P_1501121124457.jpg','images/201707/source_img/213_P_1501121124945.png'),
('366','213','images/201707/goods_img/213_P_1501121124043.jpg','','images/201707/thumb_img/213_thumb_P_1501121124095.jpg','images/201707/source_img/213_P_1501121124403.jpg'),
('367','214','images/201707/goods_img/214_P_1501121145837.png','','images/201707/thumb_img/214_thumb_P_1501121145377.jpg','images/201707/source_img/214_P_1501121145111.png'),
('368','214','images/201707/goods_img/214_P_1501121166577.png','','images/201707/thumb_img/214_thumb_P_1501121166741.jpg','images/201707/source_img/214_P_1501121166148.png'),
('369','214','images/201707/goods_img/214_P_1501121166363.jpg','','images/201707/thumb_img/214_thumb_P_1501121166762.jpg','images/201707/source_img/214_P_1501121166790.jpg'),
('370','214','images/201707/goods_img/214_P_1501121166137.jpg','','images/201707/thumb_img/214_thumb_P_1501121166564.jpg','images/201707/source_img/214_P_1501121166371.jpg'),
('371','215','images/201707/goods_img/215_P_1501121186356.png','','images/201707/thumb_img/215_thumb_P_1501121186995.jpg','images/201707/source_img/215_P_1501121186801.png'),
('372','215','images/201707/goods_img/215_P_1501121211963.png','','images/201707/thumb_img/215_thumb_P_1501121211388.jpg','images/201707/source_img/215_P_1501121211071.png'),
('373','215','images/201707/goods_img/215_P_1501121211881.jpg','','images/201707/thumb_img/215_thumb_P_1501121211049.jpg','images/201707/source_img/215_P_1501121211747.jpg'),
('374','215','images/201707/goods_img/215_P_1501121211042.jpg','','images/201707/thumb_img/215_thumb_P_1501121211994.jpg','images/201707/source_img/215_P_1501121211405.jpg'),
('375','216','images/201707/goods_img/216_P_1501121232289.png','','images/201707/thumb_img/216_thumb_P_1501121232126.jpg','images/201707/source_img/216_P_1501121232840.png'),
('376','216','images/201707/goods_img/216_P_1501121258886.jpg','','images/201707/thumb_img/216_thumb_P_1501121258073.jpg','images/201707/source_img/216_P_1501121258706.jpg'),
('377','216','images/201707/goods_img/216_P_1501121258526.jpg','','images/201707/thumb_img/216_thumb_P_1501121258530.jpg','images/201707/source_img/216_P_1501121258756.jpg'),
('378','216','images/201707/goods_img/216_P_1501121258469.png','','images/201707/thumb_img/216_thumb_P_1501121258186.jpg','images/201707/source_img/216_P_1501121258514.png'),
('379','217','images/201707/goods_img/217_P_1501121282639.png','','images/201707/thumb_img/217_thumb_P_1501121282600.jpg','images/201707/source_img/217_P_1501121282010.png'),
('380','217','images/201707/goods_img/217_P_1501121306762.jpg','','images/201707/thumb_img/217_thumb_P_1501121306019.jpg','images/201707/source_img/217_P_1501121306824.jpg'),
('381','217','images/201707/goods_img/217_P_1501121306773.jpg','','images/201707/thumb_img/217_thumb_P_1501121306851.jpg','images/201707/source_img/217_P_1501121306392.jpg'),
('382','217','images/201707/goods_img/217_P_1501121306625.png','','images/201707/thumb_img/217_thumb_P_1501121306646.jpg','images/201707/source_img/217_P_1501121306732.png'),
('383','218','images/201707/goods_img/218_P_1501121336575.png','','images/201707/thumb_img/218_thumb_P_1501121336940.jpg','images/201707/source_img/218_P_1501121336634.png'),
('384','218','images/201707/goods_img/218_P_1501121374774.jpg','','images/201707/thumb_img/218_thumb_P_1501121374294.jpg','images/201707/source_img/218_P_1501121374764.jpg'),
('385','218','images/201707/goods_img/218_P_1501121374543.jpg','','images/201707/thumb_img/218_thumb_P_1501121374006.jpg','images/201707/source_img/218_P_1501121374843.jpg'),
('386','218','images/201707/goods_img/218_P_1501121374257.png','','images/201707/thumb_img/218_thumb_P_1501121374997.jpg','images/201707/source_img/218_P_1501121374017.png'),
('387','219','images/201707/goods_img/219_P_1501121403198.png','','images/201707/thumb_img/219_thumb_P_1501121403498.jpg','images/201707/source_img/219_P_1501121403960.png'),
('388','219','images/201707/goods_img/219_P_1501121430907.jpg','','images/201707/thumb_img/219_thumb_P_1501121430027.jpg','images/201707/source_img/219_P_1501121430439.jpg'),
('389','219','images/201707/goods_img/219_P_1501121430435.jpg','','images/201707/thumb_img/219_thumb_P_1501121430477.jpg','images/201707/source_img/219_P_1501121430084.jpg'),
('390','219','images/201707/goods_img/219_P_1501121430639.jpg','','images/201707/thumb_img/219_thumb_P_1501121430277.jpg','images/201707/source_img/219_P_1501121430049.jpg'),
('391','219','images/201707/goods_img/219_P_1501121431401.png','','images/201707/thumb_img/219_thumb_P_1501121431581.jpg','images/201707/source_img/219_P_1501121431579.png'),
('392','220','images/201707/goods_img/220_P_1501121457671.png','','images/201707/thumb_img/220_thumb_P_1501121457727.jpg','images/201707/source_img/220_P_1501121457093.png'),
('393','220','images/201707/goods_img/220_P_1501121477027.jpg','','images/201707/thumb_img/220_thumb_P_1501121477080.jpg','images/201707/source_img/220_P_1501121477100.jpg'),
('394','220','images/201707/goods_img/220_P_1501121477446.jpg','','images/201707/thumb_img/220_thumb_P_1501121477507.jpg','images/201707/source_img/220_P_1501121477567.jpg'),
('395','220','images/201707/goods_img/220_P_1501121477476.png','','images/201707/thumb_img/220_thumb_P_1501121477196.jpg','images/201707/source_img/220_P_1501121477685.png'),
('396','221','images/201707/goods_img/221_P_1501121501905.png','','images/201707/thumb_img/221_thumb_P_1501121501169.jpg','images/201707/source_img/221_P_1501121501602.png'),
('397','221','images/201707/goods_img/221_P_1501121522841.png','','images/201707/thumb_img/221_thumb_P_1501121522709.jpg','images/201707/source_img/221_P_1501121522408.png'),
('398','221','images/201707/goods_img/221_P_1501121523819.jpg','','images/201707/thumb_img/221_thumb_P_1501121523096.jpg','images/201707/source_img/221_P_1501121523135.jpg'),
('399','221','images/201707/goods_img/221_P_1501121523127.jpg','','images/201707/thumb_img/221_thumb_P_1501121523526.jpg','images/201707/source_img/221_P_1501121523738.jpg'),
('400','221','images/201707/goods_img/221_P_1501121523940.jpg','','images/201707/thumb_img/221_thumb_P_1501121523259.jpg','images/201707/source_img/221_P_1501121523088.jpg'),
('401','222','images/201707/goods_img/222_P_1501121542155.png','','images/201707/thumb_img/222_thumb_P_1501121542197.jpg','images/201707/source_img/222_P_1501121542629.png'),
('402','222','images/201707/goods_img/222_P_1501121566031.jpg','','images/201707/thumb_img/222_thumb_P_1501121566489.jpg','images/201707/source_img/222_P_1501121566341.jpg'),
('403','222','images/201707/goods_img/222_P_1501121566653.jpg','','images/201707/thumb_img/222_thumb_P_1501121566658.jpg','images/201707/source_img/222_P_1501121566167.jpg'),
('404','222','images/201707/goods_img/222_P_1501121566452.png','','images/201707/thumb_img/222_thumb_P_1501121566354.jpg','images/201707/source_img/222_P_1501121566325.png'),
('405','222','images/201707/goods_img/222_P_1501121566071.jpg','','images/201707/thumb_img/222_thumb_P_1501121566660.jpg','images/201707/source_img/222_P_1501121566560.jpg'),
('406','223','images/201707/goods_img/223_P_1501121584944.png','','images/201707/thumb_img/223_thumb_P_1501121584638.jpg','images/201707/source_img/223_P_1501121584934.png'),
('407','223','images/201707/goods_img/223_P_1501121606005.png','','images/201707/thumb_img/223_thumb_P_1501121606360.jpg','images/201707/source_img/223_P_1501121606529.png'),
('408','223','images/201707/goods_img/223_P_1501121606339.jpg','','images/201707/thumb_img/223_thumb_P_1501121606280.jpg','images/201707/source_img/223_P_1501121606326.jpg'),
('409','223','images/201707/goods_img/223_P_1501121606173.jpg','','images/201707/thumb_img/223_thumb_P_1501121606646.jpg','images/201707/source_img/223_P_1501121606073.jpg'),
('410','223','images/201707/goods_img/223_P_1501121606160.jpg','','images/201707/thumb_img/223_thumb_P_1501121606710.jpg','images/201707/source_img/223_P_1501121606891.jpg'),
('411','224','images/201707/goods_img/224_P_1501121620259.png','','images/201707/thumb_img/224_thumb_P_1501121620123.jpg','images/201707/source_img/224_P_1501121620678.png'),
('412','224','images/201707/goods_img/224_P_1501121645405.jpg','','images/201707/thumb_img/224_thumb_P_1501121645998.jpg','images/201707/source_img/224_P_1501121645436.jpg'),
('413','224','images/201707/goods_img/224_P_1501121645549.jpg','','images/201707/thumb_img/224_thumb_P_1501121645042.jpg','images/201707/source_img/224_P_1501121645724.jpg'),
('414','224','images/201707/goods_img/224_P_1501121645007.png','','images/201707/thumb_img/224_thumb_P_1501121645862.jpg','images/201707/source_img/224_P_1501121645503.png'),
('415','224','images/201707/goods_img/224_P_1501121645516.jpg','','images/201707/thumb_img/224_thumb_P_1501121645868.jpg','images/201707/source_img/224_P_1501121645761.jpg');
DROP TABLE IF EXISTS  `ecs_goods_type`;
CREATE TABLE `ecs_goods_type` (
  `cat_id` smallint(5) unsigned NOT NULL AUTO_INCREMENT,
  `cat_name` varchar(60) NOT NULL DEFAULT '',
  `enabled` tinyint(1) unsigned NOT NULL DEFAULT '1',
  `attr_group` varchar(255) NOT NULL,
  PRIMARY KEY (`cat_id`)
) ENGINE=InnoDB AUTO_INCREMENT=23 DEFAULT CHARSET=utf8 ROW_FORMAT=DYNAMIC;

insert into `ecs_goods_type`(`cat_id`,`cat_name`,`enabled`,`attr_group`) values
('22','汽车配件','1','');
DROP TABLE IF EXISTS  `ecs_group_goods`;
CREATE TABLE `ecs_group_goods` (
  `parent_id` mediumint(8) unsigned NOT NULL DEFAULT '0',
  `goods_id` mediumint(8) unsigned NOT NULL DEFAULT '0',
  `goods_price` decimal(10,2) unsigned NOT NULL DEFAULT '0.00',
  `admin_id` tinyint(3) unsigned NOT NULL DEFAULT '0',
  `group_id` tinyint(3) unsigned NOT NULL DEFAULT '0' COMMENT '配件分组',
  PRIMARY KEY (`parent_id`,`goods_id`,`admin_id`)
) ENGINE=InnoDB DEFAULT CHARSET=utf8 ROW_FORMAT=DYNAMIC;

insert into `ecs_group_goods`(`parent_id`,`goods_id`,`goods_price`,`admin_id`,`group_id`) values
('223','218',320.00,'1','0');
DROP TABLE IF EXISTS  `ecs_keywords`;
CREATE TABLE `ecs_keywords` (
  `date` date NOT NULL DEFAULT '0000-00-00',
  `searchengine` varchar(20) NOT NULL DEFAULT '',
  `keyword` varchar(90) NOT NULL DEFAULT '',
  `count` mediumint(8) unsigned NOT NULL DEFAULT '0',
  PRIMARY KEY (`date`,`searchengine`,`keyword`)
) ENGINE=InnoDB DEFAULT CHARSET=utf8 ROW_FORMAT=DYNAMIC;

insert into `ecs_keywords`(`date`,`searchengine`,`keyword`,`count`) values
('2009-04-21','ecshop','诺基亚','1'),
('2009-04-27','ecshop','智能手机','1'),
('2009-05-04','ecshop','斤','1'),
('2009-05-10','ecshop','诺基亚','1'),
('2009-05-11','ecshop','智能手机','1'),
('2009-05-11','ecshop','诺基亚','1'),
('2009-05-12','ecshop','p806','1'),
('2009-05-12','ecshop','三星','1'),
('2009-05-12','ecshop','夏新','1'),
('2009-05-12','ecshop','智能手机','1'),
('2009-05-12','ecshop','诺基亚','1'),
('2009-05-18','ecshop','52','2'),
('2009-05-22','ecshop','p','1'),
('2013-10-30','ecshop','11','1'),
('2013-12-02','ecshop','50ml','1'),
('2013-12-02','ecshop','迪奥红毒女士香水EDT','1'),
('2013-12-02','ecshop','雅诗兰黛即时修护眼部精华霜15ml','2'),
('2013-12-13','ecshop','雅诗兰黛','1'),
('2013-12-13','ecshop','雅诗兰黛鲜活营养红石榴眼霜15ml','1'),
('2013-12-16','ecshop','洁面','43'),
('2013-12-17','ecshop','1','3'),
('2013-12-20','ecshop','1','1'),
('2013-12-20','ecshop','5D','1'),
('2013-12-20','ecshop','KD876','1'),
('2013-12-20','ecshop','兰蔻超塑颜5D提拉日霜法国版50ml','3'),
('2013-12-20','ecshop','眼霜','1'),
('2013-12-20','ecshop','石榴','1'),
('2013-12-20','ecshop','索爱原装M2卡读卡器','1'),
('2013-12-20','ecshop','红石榴眼霜15ml','1'),
('2013-12-20','ecshop','雅诗兰黛红石榴鲜活晚霜50ml新','1'),
('2013-12-20','ecshop','雅诗兰黛鲜活营养红石榴眼霜15ml','7'),
('2013-12-20','ecshop','雅顿保湿调理露200ml','1'),
('2013-12-27','ecshop','雅诗兰黛鲜活营养红石榴眼霜15ml','1'),
('2014-01-06','ecshop','11','9'),
('2014-01-22','ecshop','11','3'),
('2014-01-22','ecshop','111','7'),
('2014-03-03','ecshop','dsadsa','1'),
('2014-03-03','ecshop','美体小铺','1'),
('2014-03-17','ecshop','水果','1'),
('2014-03-17','ecshop','美体小铺','2'),
('2014-03-17','ecshop','请输入产品名或编号','1'),
('2014-03-19','ecshop','11','1'),
('2014-03-19','ecshop','水','1'),
('2014-03-19','ecshop','水果','1'),
('2014-03-19','ecshop','请输入产品名或编号','11'),
('2014-03-21','ecshop','1','2'),
('2014-03-21','ecshop','水','3'),
('2014-03-21','ecshop','请输入产品名或编号','1'),
('2014-03-24','ecshop','奇异果','1'),
('2014-03-24','ecshop','猕猴桃','1'),
('2014-03-24','ecshop','芒果','2'),
('2014-03-26','ecshop','上等澳洲谷饲安格斯眼肉牛排','2'),
('2014-03-26','ecshop','新疆阿克苏冰糖心苹果整箱毛重4.3kg小果','1'),
('2014-03-26','ecshop','新鲜水果进口智利车厘子樱桃礼盒装1kg','1'),
('2014-05-08','ecshop','4999','1'),
('2014-05-13','ecshop','999','14'),
('2014-05-14','ecshop','4999','1'),
('2014-05-26','ecshop','800元','1'),
('2014-05-26','ecshop','原价328元','1'),
('2014-05-26','ecshop','唐韵','1'),
('2014-05-26','ecshop','嘉汇轩【紫晶】戒指','1'),
('2014-05-26','ecshop','女戒','1'),
('2014-05-26','ecshop','现价262元','1'),
('2014-05-28','ecshop','婚纱','3'),
('2014-06-10','ecshop','1','1'),
('2017-07-27','ecshop','10w','3'),
('2017-07-27','ecshop','123','1'),
('2017-07-27','ecshop','20w','3'),
('2017-07-27','ecshop','德卫','4');
DROP TABLE IF EXISTS  `ecs_link_goods`;
CREATE TABLE `ecs_link_goods` (
  `goods_id` mediumint(8) unsigned NOT NULL DEFAULT '0',
  `link_goods_id` mediumint(8) unsigned NOT NULL DEFAULT '0',
  `is_double` tinyint(1) unsigned NOT NULL DEFAULT '0',
  `admin_id` tinyint(3) unsigned NOT NULL DEFAULT '0',
  PRIMARY KEY (`goods_id`,`link_goods_id`,`admin_id`)
) ENGINE=InnoDB DEFAULT CHARSET=utf8 ROW_FORMAT=DYNAMIC;

DROP TABLE IF EXISTS  `ecs_mail_templates`;
CREATE TABLE `ecs_mail_templates` (
  `template_id` tinyint(1) unsigned NOT NULL AUTO_INCREMENT,
  `template_code` varchar(30) NOT NULL DEFAULT '',
  `is_html` tinyint(1) unsigned NOT NULL DEFAULT '0',
  `template_subject` varchar(200) NOT NULL DEFAULT '',
  `template_content` text NOT NULL,
  `last_modify` int(10) unsigned NOT NULL DEFAULT '0',
  `last_send` int(10) unsigned NOT NULL DEFAULT '0',
  `type` varchar(10) NOT NULL,
  PRIMARY KEY (`template_id`),
  UNIQUE KEY `template_code` (`template_code`),
  KEY `type` (`type`)
) ENGINE=InnoDB AUTO_INCREMENT=15 DEFAULT CHARSET=utf8 ROW_FORMAT=DYNAMIC;

insert into `ecs_mail_templates`(`template_id`,`template_code`,`is_html`,`template_subject`,`template_content`,`last_modify`,`last_send`,`type`) values
('1','send_password','1','密码找回','{$user_name}您好！<br>
<br>
您已经进行了密码重置的操作，请点击以下链接(或者复制到您的浏览器):<br>
<br>
<a href="{$reset_email}" target="_blank">{$reset_email}</a><br>
<br>
以确认您的新密码重置操作！<br>
<br>
{$shop_name}<br>
{$send_date}','1194824789','0','template'),
('2','order_confirm','0','订单确认通知','亲爱的{$order.consignee}，你好！ 

我们已经收到您于 {$order.formated_add_time} 提交的订单，该订单编号为：{$order.order_sn} 请记住这个编号以便日后的查询。

{$shop_name}
{$sent_date}


','1158226370','0','template'),
('3','deliver_notice','1','发货通知','亲爱的{$order.consignee}。你好！</br></br>

您的订单{$order.order_sn}已于{$send_time}按照您预定的配送方式给您发货了。</br>
</br>
{if $order.invoice_no}发货单号是{$order.invoice_no}。</br>{/if}
</br>
在您收到货物之后请点击下面的链接确认您已经收到货物：</br>
<a href="{$confirm_url}" target="_blank">{$confirm_url}</a></br></br>
如果您还没有收到货物可以点击以下链接给我们留言：</br></br>
<a href="{$send_msg_url}" target="_blank">{$send_msg_url}</a></br>
<br>
再次感谢您对我们的支持。欢迎您的再次光临。 <br>
<br>
{$shop_name} </br>
{$send_date}','1194823291','0','template'),
('4','order_cancel','0','订单取消','亲爱的{$order.consignee}，你好！ 

您的编号为：{$order.order_sn}的订单已取消。

{$shop_name}
{$send_date}','1156491130','0','template'),
('5','order_invalid','0','订单无效','亲爱的{$order.consignee}，你好！

您的编号为：{$order.order_sn}的订单无效。

{$shop_name}
{$send_date}','1156491164','0','template'),
('6','send_bonus','0','发红包','亲爱的{$user_name}您好！

恭喜您获得了{$count}个红包，金额{if $count > 1}分别{/if}为{$money}

{$shop_name}
{$send_date}
','1156491184','0','template'),
('7','group_buy','1','团购商品','亲爱的{$consignee}，您好！<br>
<br>
您于{$order_time}在本店参加团购商品活动，所购买的商品名称为：{$goods_name}，数量：{$goods_number}，订单号为：{$order_sn}，订单金额为：{$order_amount}<br>
<br>
此团购商品现在已到结束日期，并达到最低价格，您现在可以对该订单付款。<br>
<br>
请点击下面的链接：<br>
<a href="{$shop_url}" target="_blank">{$shop_url}</a><br>
<br>
请尽快登录到用户中心，查看您的订单详情信息。 <br>
<br>
{$shop_name} <br>
<br>
{$send_date}','1194824668','0','template'),
('8','register_validate','1','邮件验证','{$user_name}您好！<br><br>

这封邮件是 {$shop_name} 发送的。你收到这封邮件是为了验证你注册邮件地址是否有效。如果您已经通过验证了，请忽略这封邮件。<br>
请点击以下链接(或者复制到您的浏览器)来验证你的邮件地址:<br>
<a href="{$validate_email}" target="_blank">{$validate_email}</a><br><br>

{$shop_name}<br>
{$send_date}','1162201031','0','template'),
('9','virtual_card','0','虚拟卡片','亲爱的{$order.consignee}
你好！您的订单{$order.order_sn}中{$goods.goods_name} 商品的详细信息如下:
{foreach from=$virtual_card item=card}
{if $card.card_sn}卡号：{$card.card_sn}{/if}{if $card.card_password}卡片密码：{$card.card_password}{/if}{if $card.end_date}截至日期：{$card.end_date}{/if}
{/foreach}
再次感谢您对我们的支持。欢迎您的再次光临。

{$shop_name} 
{$send_date}','1162201031','0','template'),
('10','attention_list','0','关注商品','亲爱的{$user_name}您好~

您关注的商品 : {$goods_name} 最近已经更新,请您查看最新的商品信息

{$goods_url}

{$shop_name} 
{$send_date}','1183851073','0','template'),
('11','remind_of_new_order','0','新订单通知','亲爱的店长，您好：
   快来看看吧，又有新订单了。
    订单号:{$order.order_sn} 
 订单金额:{$order.order_amount}，
 用户购买商品:{foreach from=$goods_list item=goods_data}{$goods_data.goods_name}(货号:{$goods_data.goods_sn})    {/foreach} 

 收货人:{$order.consignee}， 
 收货人地址:{$order.address}，
 收货人电话:{$order.tel} {$order.mobile}, 
 配送方式:{$order.shipping_name}(费用:{$order.shipping_fee}), 
 付款方式:{$order.pay_name}(费用:{$order.pay_fee})。

               系统提醒
               {$send_date}','1196239170','0','template'),
('12','goods_booking','1','缺货回复','亲爱的{$user_name}。你好！</br></br>{$dispose_note}</br></br>您提交的缺货商品链接为</br></br><a href="{$goods_link}" target="_blank">{$goods_name}</a></br><br>{$shop_name} </br>{$send_date}','0','0','template'),
('13','user_message','1','留言回复','亲爱的{$user_name}。你好！</br></br>对您的留言：</br>{$message_content}</br></br>店主作了如下回复：</br>{$message_note}</br></br>您可以随时回到店中和店主继续沟通。</br>{$shop_name}</br>{$send_date}','0','0','template'),
('14','recomment','1','用户评论回复','亲爱的{$user_name}。你好！</br></br>对您的评论：</br>“{$comment}”</br></br>店主作了如下回复：</br>“{$recomment}”</br></br>您可以随时回到店中和店主继续沟通。</br>{$shop_name}</br>{$send_date}','0','0','template');
DROP TABLE IF EXISTS  `ecs_member_price`;
CREATE TABLE `ecs_member_price` (
  `price_id` mediumint(8) unsigned NOT NULL AUTO_INCREMENT,
  `goods_id` mediumint(8) unsigned NOT NULL DEFAULT '0',
  `user_rank` tinyint(3) NOT NULL DEFAULT '0',
  `user_price` decimal(10,2) NOT NULL DEFAULT '0.00',
  PRIMARY KEY (`price_id`),
  KEY `goods_id` (`goods_id`,`user_rank`)
) ENGINE=InnoDB DEFAULT CHARSET=utf8 ROW_FORMAT=DYNAMIC;

DROP TABLE IF EXISTS  `ecs_nav`;
CREATE TABLE `ecs_nav` (
  `id` mediumint(8) NOT NULL AUTO_INCREMENT,
  `ctype` varchar(10) DEFAULT NULL,
  `cid` smallint(5) unsigned DEFAULT NULL,
  `name` varchar(255) NOT NULL,
  `ifshow` tinyint(1) NOT NULL,
  `vieworder` tinyint(1) NOT NULL,
  `opennew` tinyint(1) NOT NULL,
  `url` varchar(255) NOT NULL,
  `type` varchar(10) NOT NULL,
  PRIMARY KEY (`id`),
  KEY `type` (`type`),
  KEY `ifshow` (`ifshow`)
) ENGINE=InnoDB AUTO_INCREMENT=73 DEFAULT CHARSET=utf8 ROW_FORMAT=DYNAMIC;

insert into `ecs_nav`(`id`,`ctype`,`cid`,`name`,`ifshow`,`vieworder`,`opennew`,`url`,`type`) values
('2','','0','选购中心','0','2','0','pick_out.php','top'),
('3','','0','查看购物车','0','0','0','flow.php','top'),
('6','','0','标签云','0','5','6','tag_cloud.php','top'),
('23','','0','报价单','0','6','0','quotation.php','top'),
('56','','0','正品保证','1','1','0','article.php?id=79','bottom'),
('57','','0','会员注册','1','2','0','article.php?id=85','bottom'),
('58','','0','收货样品','1','3','0','article.php?id=87','bottom'),
('59','','0','导购演示','1','4','0','article.php?id=83','bottom'),
('60','','0','账户管理','1','5','0','article.php?id=86','bottom'),
('61','','0','货到付款','1','6','0','article.php?id=90','bottom'),
('62','','0','退货政策','1','7','0','article.php?id=97','bottom'),
('63','','0','退货流程','1','8','0','article.php?id=98','bottom'),
('67','c','466','车型分类','1','3','0','category.php?id=466','middle'),
('68','c','481','汽油车油品','1','5','0','category.php?id=481','middle'),
('69','c','469','柴油车油品','1','7','0','category.php?id=469','middle'),
('70','c','476','天然汽车油品','1','9','0','category.php?id=476','middle'),
('71',null,null,'资格证书','1','10','0','qualification.php','middle'),
('72',null,null,'品牌介绍','1','11','0','introduction.php','middle');
DROP TABLE IF EXISTS  `ecs_order_action`;
CREATE TABLE `ecs_order_action` (
  `action_id` mediumint(8) unsigned NOT NULL AUTO_INCREMENT,
  `order_id` mediumint(8) unsigned NOT NULL DEFAULT '0',
  `action_user` varchar(30) NOT NULL DEFAULT '',
  `order_status` tinyint(1) unsigned NOT NULL DEFAULT '0',
  `shipping_status` tinyint(1) unsigned NOT NULL DEFAULT '0',
  `pay_status` tinyint(1) unsigned NOT NULL DEFAULT '0',
  `action_place` tinyint(1) unsigned NOT NULL DEFAULT '0',
  `action_note` varchar(255) NOT NULL DEFAULT '',
  `log_time` int(11) unsigned NOT NULL DEFAULT '0',
  PRIMARY KEY (`action_id`),
  KEY `order_id` (`order_id`)
) ENGINE=InnoDB AUTO_INCREMENT=92 DEFAULT CHARSET=utf8 ROW_FORMAT=DYNAMIC;

insert into `ecs_order_action`(`action_id`,`order_id`,`action_user`,`order_status`,`shipping_status`,`pay_status`,`action_place`,`action_note`,`log_time`) values
('1','1','admin','1','0','2','0','1','1387156893'),
('2','1','admin','5','5','2','0','','1387156897'),
('3','1','admin','1','1','2','1','','1387156904'),
('4','2','admin','1','0','2','0','1','1387157036'),
('5','2','admin','5','5','2','0','','1387157039'),
('6','2','admin','1','1','2','1','','1387157046'),
('7','4','admin','1','0','2','0','gvhdtjdtyj','1390267814'),
('8','4','admin','1','3','2','0','','1390267846'),
('9','4','admin','5','5','2','0','tyi76','1390267854'),
('10','4','admin','1','1','2','1','','1390267904'),
('11','6','admin','1','0','0','0','','1390413159'),
('12','6','admin','1','0','2','0','ityiu','1390413165'),
('13','6','admin','5','5','2','0','','1390413171'),
('14','6','admin','1','1','2','1','','1390413197'),
('15','7','admin','1','0','0','0','','1390413526'),
('16','7','admin','1','0','2','0','dftuftu','1390413531'),
('17','7','admin','5','5','2','0','','1390413539'),
('18','7','admin','1','1','2','1','','1390413545'),
('19','8','admin','1','0','0','0','','1390413603'),
('20','8','admin','1','0','2','0','r6ir','1390413608'),
('21','8','admin','5','5','2','0','e58u68','1390413615'),
('22','8','admin','1','1','2','1','','1390413621'),
('23','9','admin','1','0','0','0','','1390413724'),
('24','9','admin','1','0','2','0','e5r8uer568','1390413730'),
('25','9','admin','5','5','2','0','rt6','1390413735'),
('26','9','admin','1','1','2','1','','1390413742'),
('27','10','admin','1','0','0','0','','1390413805'),
('28','10','admin','1','0','2','0','e5r6ue4','1390413810'),
('29','10','admin','5','5','2','0','','1390413815'),
('30','10','admin','1','1','2','1','','1390413820'),
('31','27','admin','1','0','0','0','','1394491596'),
('32','27','admin','1','0','2','0','啊','1394491660'),
('33','32','buyer','2','0','0','0','用户取消','1394673850'),
('34','41','admin','1','0','0','0','','1395610623'),
('35','41','admin','1','0','2','0','1','1395610633'),
('36','42','admin','1','0','0','0','','1395615070'),
('37','42','admin','1','0','2','0','1','1395615075'),
('38','43','admin','1','0','0','0','','1399411570'),
('39','43','admin','1','0','2','0','1','1399411576'),
('40','43','admin','1','3','2','0','','1399411585'),
('41','43','admin','5','5','2','0','1','1399411590'),
('42','43','admin','1','1','2','1','','1399411603'),
('43','44','admin','1','0','2','0','1','1399419361'),
('44','45','admin','1','0','2','0','1','1399419987'),
('45','49','admin','1','0','2','0','1','1399419996'),
('46','48','admin','1','0','2','0','1','1399420001'),
('47','47','admin','1','0','2','0','1','1399420010'),
('48','46','admin','1','0','2','0','1','1399420016'),
('49','57','buyer','2','0','0','0','用户取消','1400104999'),
('50','65','admin','1','0','0','0','','1400540922'),
('51','65','admin','1','0','2','0','1','1400540927'),
('52','65','admin','5','5','2','0','','1400540935'),
('53','64','admin','1','0','0','0','','1400540980'),
('54','63','admin','1','0','0','0','','1400540980'),
('55','62','admin','1','0','0','0','','1400540980'),
('56','61','admin','1','0','0','0','','1400540980'),
('57','60','admin','1','0','0','0','','1400540980'),
('58','64','admin','1','0','2','0','1','1400541011'),
('59','64','admin','1','3','2','0','','1400541020'),
('60','64','admin','5','5','2','0','1','1400541025'),
('61','64','admin','1','1','2','1','','1400541034'),
('62','65','admin','1','1','2','1','','1400541047'),
('63','60','admin','1','0','2','0','1','1400541089'),
('64','60','admin','5','5','2','0','1','1400541098'),
('65','60','admin','1','1','2','1','','1400541109'),
('66','63','admin','1','0','2','0','1','1400541158'),
('67','63','admin','5','5','2','0','1','1400541162'),
('68','62','admin','1','0','2','0','1','1400541184'),
('69','62','admin','5','5','2','0','1','1400541189'),
('70','61','admin','1','0','2','0','1','1400541207'),
('71','61','admin','5','5','2','0','','1400541210'),
('72','63','admin','1','1','2','1','','1400541236'),
('73','62','admin','1','1','2','1','','1400541242'),
('74','61','admin','1','1','2','1','','1400541246'),
('75','68','admin','1','0','2','0','1','1400794473'),
('76','68','admin','5','5','2','0','1','1400794479'),
('77','68','admin','1','1','2','1','','1400794485'),
('78','69','admin','1','0','2','0','1','1400795956'),
('79','69','admin','5','5','2','0','','1400795959'),
('80','69','admin','1','1','2','1','','1400795966'),
('81','67','admin','1','0','2','0','1','1400796843'),
('82','67','admin','5','5','2','0','','1400796849'),
('83','70','admin','1','0','0','0','','1402340434'),
('84','70','admin','1','0','2','0','1','1402340440'),
('85','70','admin','1','3','2','0','','1402340444'),
('86','70','admin','5','5','2','0','','1402340450'),
('87','70','admin','1','1','2','1','','1402340457'),
('88','73','admin','1','0','2','0','1','1403204806'),
('89','73','admin','5','5','2','0','','1403204813'),
('90','73','admin','1','1','2','1','','1403204824'),
('91','81','买家','1','0','2','0','','1447208385');
DROP TABLE IF EXISTS  `ecs_order_goods`;
CREATE TABLE `ecs_order_goods` (
  `rec_id` mediumint(8) unsigned NOT NULL AUTO_INCREMENT,
  `order_id` mediumint(8) unsigned NOT NULL DEFAULT '0',
  `goods_id` mediumint(8) unsigned NOT NULL DEFAULT '0',
  `goods_name` varchar(120) NOT NULL DEFAULT '',
  `goods_sn` varchar(60) NOT NULL DEFAULT '',
  `product_id` mediumint(8) unsigned NOT NULL DEFAULT '0',
  `goods_number` smallint(5) unsigned NOT NULL DEFAULT '1',
  `market_price` decimal(10,2) NOT NULL DEFAULT '0.00',
  `goods_price` decimal(10,2) NOT NULL DEFAULT '0.00',
  `goods_attr` text NOT NULL,
  `send_number` smallint(5) unsigned NOT NULL DEFAULT '0',
  `is_real` tinyint(1) unsigned NOT NULL DEFAULT '0',
  `extension_code` varchar(30) NOT NULL DEFAULT '',
  `parent_id` mediumint(8) unsigned NOT NULL DEFAULT '0',
  `is_gift` smallint(5) unsigned NOT NULL DEFAULT '0',
  `goods_attr_id` varchar(255) NOT NULL DEFAULT '',
  PRIMARY KEY (`rec_id`),
  KEY `order_id` (`order_id`),
  KEY `goods_id` (`goods_id`)
) ENGINE=InnoDB AUTO_INCREMENT=174 DEFAULT CHARSET=utf8 ROW_FORMAT=DYNAMIC;

insert into `ecs_order_goods`(`rec_id`,`order_id`,`goods_id`,`goods_name`,`goods_sn`,`product_id`,`goods_number`,`market_price`,`goods_price`,`goods_attr`,`send_number`,`is_real`,`extension_code`,`parent_id`,`is_gift`,`goods_attr_id`) values
('1','1','1','希思黎轻柔护肤西柚柔肤水250ml','ECS000000','14','1',620.00,399.00,'颜色:灰色 
','1','1','','0','0','237'),
('2','2','1','希思黎轻柔护肤西柚柔肤水250ml','ECS000000','14','5',620.00,399.00,'颜色:灰色 
','5','1','','0','0','237'),
('3','3','123','迪奥红毒女士香水EDT 50ml','ECS000123','0','1',820.00,439.00,'外        观:红色 
','0','1','','0','0','297'),
('4','3','119','蓓丽柔和泡沫洁面膏125ml','ECS000119','0','1',630.00,320.00,'','0','1','','0','0',''),
('5','3','113',' 希思黎百合保湿洁面乳250ml','ECS000113','0','1',720.00,420.00,'','0','1','','0','0',''),
('6','4','123','迪奥红毒女士香水EDT 50ml','ECS000123','0','1',820.00,439.00,'外        观:红色 
','1','1','','0','0','297'),
('7','5','123','迪奥红毒女士香水EDT 50ml','ECS000123','0','2',820.00,439.00,'外        观:红色 
','0','1','','0','0','297'),
('8','6','57','凯文克莱BE中性香水200ml','ECS000057','0','1',570.00,259.00,'','1','1','','0','0',''),
('9','7','57','凯文克莱BE中性香水200ml','ECS000057','0','1',570.00,259.00,'','1','1','','0','0',''),
('10','8','123','迪奥红毒女士香水EDT 50ml','ECS000123','0','1',820.00,439.00,'外        观:红色 
','1','1','','0','0','297'),
('11','8','53',' 迪奥EDP真我女士香水50ml','ECS000053','0','1',940.00,679.00,'','1','1','','0','0',''),
('12','9','53',' 迪奥EDP真我女士香水50ml','ECS000053','0','3',940.00,679.00,'','3','1','','0','0',''),
('13','10','9','雅诗兰黛第六代特润精华露50ml','ECS000009','11','3',950.00,669.00,'颜色:白色 
','3','1','','0','0','227'),
('14','11','57','凯文克莱BE中性香水200ml','ECS000057','0','2',570.00,259.00,'','0','1','','0','0',''),
('15','12','1','希思黎轻柔护肤西柚柔肤水250ml','ECS000000','14','1',620.00,399.00,'颜色:灰色 
','0','1','','0','0','237'),
('16','13','56','范思哲绅情男士香水Q版5ml','ECS000056','0','1',120.00,45.00,'','0','1','','0','0',''),
('17','14','14','谜尚红色BB霜21#50ml','ECS000014','7','1',208.00,99.00,'颜色:黑色 
','0','1','','0','0','213'),
('18','15','120','曼秀雷敦洁清爽卸妆洁面泡200ml','ECS000120','0','1',120.00,45.00,'','0','1','','0','0',''),
('19','16','119','蓓丽柔和泡沫洁面膏125ml','ECS000119','0','1',630.00,320.00,'','0','1','','0','0',''),
('20','17','9','雅诗兰黛第六代特润精华露50ml','ECS000009','11','1',950.00,669.00,'颜色:白色 
','0','1','','0','0','227'),
('21','18','10','思亲肤90度卷长睫毛膏10g','ECS000010','9','1',78.00,49.90,'颜色:黑色 
','0','1','','0','0','239'),
('22','19','65','KOSE高丝美白深层滋润护手霜35g','ECS000065','0','1',49.00,25.00,'','0','1','','0','0',''),
('23','20','47','浮生若梦丝柔蜜粉08#（紫色)28g','ECS000047','0','1',345.00,229.00,'','0','1','','0','0',''),
('24','21','46','香奈儿斜纹软呢星彩腮红30#5.5g','ECS000046','0','1',449.00,339.00,'','0','1','','0','0',''),
('25','22','122','玫琳凯中性洗面乳绿2号','ECS000122','0','1',105.00,69.00,'','0','1','','0','0',''),
('26','23','9','雅诗兰黛第六代特润精华露50ml','ECS000009','11','1',950.00,669.00,'颜色:白色 
','0','1','','0','0','227'),
('27','24','17','娇韵诗超V型纤容紧致瘦脸面膜75ml','ECS000017','6','1',396.00,275.00,'颜色:黑色 
','0','1','','0','0','201'),
('28','25','119','蓓丽柔和泡沫洁面膏125ml','ECS000119','0','1',630.00,320.00,'','0','1','','0','0',''),
('29','26','123','迪奥红毒女士香水EDT 50ml','ECS000123','0','1',820.00,459.00,'外        观:红色 
','0','1','','0','0','297'),
('30','27','124','ZESPRI奇异果(普通金果)6个','ECS000124','0','1',0.00,0.00,'','0','1','','0','0',''),
('31','28','13','欧莱雅绝配无暇粉底液N1#象牙色','ECS000013','0','1',198.00,109.00,'','0','1','','124','0',''),
('32','28','115','DHC橄榄滋养皂90g','ECS000115','0','1',110.00,65.00,'','0','1','','0','0',''),
('33','28','113',' 希思黎百合保湿洁面乳250ml','ECS000113','0','1',720.00,407.55,'','0','1','','0','0',''),
('34','28','123','迪奥红毒女士香水EDT 50ml','ECS000123','0','9',820.00,400.00,'','0','1','','0','0',''),
('35','28','21','蜜丝佛陀纤柔眼线液1#0.75ml','ECS000021','0','1',98.00,71.25,'','0','1','','0','0',''),
('36','28','9','雅诗兰黛第六代特润精华露50ml','ECS000009','0','1',950.00,635.55,'','0','1','','0','0',''),
('37','28','124','ZESPRI奇异果(普通金果)6个','ECS000124','0','1',0.00,0.00,'','0','1','','0','0',''),
('38','28','24','贝玲妃留声机粉底霜9.5g','ECS000024','0','7',330.00,228.00,'','0','1','','0','0',''),
('39','28','33','兰蔻小黑瓶精华肌底液（新版）30ml','ECS000033','0','1',780.00,473.10,'','0','1','','0','0',''),
('40','29','13','欧莱雅绝配无暇粉底液N1#象牙色','ECS000013','0','1',198.00,109.00,'','0','1','','124','0',''),
('41','29','33','兰蔻小黑瓶精华肌底液（新版）30ml','ECS000033','0','1',780.00,473.10,'','0','1','','0','0',''),
('42','29','24','贝玲妃留声机粉底霜9.5g','ECS000024','0','7',330.00,228.00,'','0','1','','0','0',''),
('43','29','124','ZESPRI奇异果(普通金果)6个','ECS000124','0','1',0.00,0.00,'','0','1','','0','0',''),
('44','29','9','雅诗兰黛第六代特润精华露50ml','ECS000009','0','1',950.00,635.55,'','0','1','','0','0',''),
('45','29','115','DHC橄榄滋养皂90g','ECS000115','0','1',110.00,65.00,'','0','1','','0','0',''),
('46','29','21','蜜丝佛陀纤柔眼线液1#0.75ml','ECS000021','0','1',98.00,71.25,'','0','1','','0','0',''),
('47','29','113',' 希思黎百合保湿洁面乳250ml','ECS000113','0','1',720.00,407.55,'','0','1','','0','0',''),
('48','29','123','迪奥红毒女士香水EDT 50ml','ECS000123','0','9',820.00,400.00,'','0','1','','0','0',''),
('49','30','13','欧莱雅绝配无暇粉底液N1#象牙色','ECS000013','0','1',198.00,109.00,'','0','1','','124','0',''),
('50','30','123','迪奥红毒女士香水EDT 50ml','ECS000123','0','9',820.00,400.00,'','0','1','','0','0',''),
('51','30','113',' 希思黎百合保湿洁面乳250ml','ECS000113','0','1',720.00,407.55,'','0','1','','0','0',''),
('52','30','21','蜜丝佛陀纤柔眼线液1#0.75ml','ECS000021','0','1',98.00,71.25,'','0','1','','0','0',''),
('53','30','9','雅诗兰黛第六代特润精华露50ml','ECS000009','0','1',950.00,635.55,'','0','1','','0','0',''),
('54','30','115','DHC橄榄滋养皂90g','ECS000115','0','1',110.00,65.00,'','0','1','','0','0',''),
('55','30','33','兰蔻小黑瓶精华肌底液（新版）30ml','ECS000033','0','1',780.00,473.10,'','0','1','','0','0',''),
('56','30','24','贝玲妃留声机粉底霜9.5g','ECS000024','0','7',330.00,228.00,'','0','1','','0','0',''),
('57','30','124','ZESPRI奇异果(普通金果)6个','ECS000124','0','1',0.00,0.00,'','0','1','','0','0',''),
('58','31','13','欧莱雅绝配无暇粉底液N1#象牙色','ECS000013','0','1',198.00,109.00,'','0','1','','124','0',''),
('59','31','124','ZESPRI奇异果(普通金果)6个','ECS000124','0','1',0.00,0.00,'','0','1','','0','0',''),
('60','31','24','贝玲妃留声机粉底霜9.5g','ECS000024','0','7',330.00,228.00,'','0','1','','0','0',''),
('61','31','33','兰蔻小黑瓶精华肌底液（新版）30ml','ECS000033','0','1',780.00,473.10,'','0','1','','0','0',''),
('62','31','115','DHC橄榄滋养皂90g','ECS000115','0','1',110.00,65.00,'','0','1','','0','0',''),
('63','31','9','雅诗兰黛第六代特润精华露50ml','ECS000009','0','1',950.00,635.55,'','0','1','','0','0',''),
('64','31','21','蜜丝佛陀纤柔眼线液1#0.75ml','ECS000021','0','1',98.00,71.25,'','0','1','','0','0',''),
('65','31','113',' 希思黎百合保湿洁面乳250ml','ECS000113','0','1',720.00,407.55,'','0','1','','0','0',''),
('66','31','123','迪奥红毒女士香水EDT 50ml','ECS000123','0','9',820.00,400.00,'','0','1','','0','0',''),
('67','32','13','欧莱雅绝配无暇粉底液N1#象牙色','ECS000013','0','1',198.00,109.00,'','0','1','','124','0',''),
('68','32','123','迪奥红毒女士香水EDT 50ml','ECS000123','0','9',820.00,400.00,'','0','1','','0','0',''),
('69','32','113',' 希思黎百合保湿洁面乳250ml','ECS000113','0','1',720.00,407.55,'','0','1','','0','0',''),
('70','32','21','蜜丝佛陀纤柔眼线液1#0.75ml','ECS000021','0','1',98.00,71.25,'','0','1','','0','0',''),
('71','32','9','雅诗兰黛第六代特润精华露50ml','ECS000009','0','1',950.00,635.55,'','0','1','','0','0',''),
('72','32','115','DHC橄榄滋养皂90g','ECS000115','0','1',110.00,65.00,'','0','1','','0','0',''),
('73','32','33','兰蔻小黑瓶精华肌底液（新版）30ml','ECS000033','0','1',780.00,473.10,'','0','1','','0','0',''),
('74','32','24','贝玲妃留声机粉底霜9.5g','ECS000024','0','7',330.00,228.00,'','0','1','','0','0',''),
('75','32','124','ZESPRI奇异果(普通金果)6个','ECS000124','0','1',0.00,0.00,'','0','1','','0','0',''),
('76','33','124','ZESPRI奇异果(普通金果)6个','ECS000124','0','1',0.00,75.05,'','0','1','','0','0',''),
('77','34','124','ZESPRI奇异果(普通金果)6个','ECS000124','0','1',94.00,75.05,'','0','1','','0','0',''),
('78','35','124','ZESPRI奇异果(普通金果)6个','ECS000124','0','5',94.00,75.05,'','0','1','','0','0',''),
('79','36','124','ZESPRI奇异果(普通金果)6个','ECS000124','0','1',94.00,75.05,'','0','1','','0','0',''),
('80','37','124','ZESPRI奇异果(普通金果)6个','ECS000124','0','1',94.00,75.05,'','0','1','','0','0',''),
('81','38','47','浮生若梦丝柔蜜粉08#（紫色)28g','ECS000047','0','1',345.00,217.55,'','0','1','','0','0',''),
('82','38','124','ZESPRI奇异果(普通金果)6个','ECS000124','0','1',94.00,75.05,'','0','1','','0','0',''),
('83','39','124','ZESPRI奇异果(普通金果)6个','ECS000124','0','1',94.00,75.05,'','0','1','','0','0',''),
('84','40','1','希思黎轻柔护肤西柚柔肤水250ml','ECS000000','0','3',620.00,379.05,'','0','1','','0','0',''),
('85','40','9','雅诗兰黛第六代特润精华露50ml','ECS000009','0','1',950.00,635.55,'','0','1','','0','0',''),
('86','40','124','ZESPRI奇异果(普通金果)6个','ECS000124','0','2',94.00,74.41,'','0','1','','0','0',''),
('87','41','125','泰国南多美芒果（空运）6枚装','ECS000125','0','3',142.00,89.00,'','0','1','','0','0',''),
('88','42','131','江西赣南脐橙赣南橙10斤装','ECS000131','0','2',54.00,35.00,'','0','1','','0','0',''),
('89','42','120','曼秀雷敦洁清爽卸妆洁面泡200ml','ECS000120','0','1',120.00,0.00,'','0','1','','0','0',''),
('90','42','69','欧莱雅男士劲能醒肤四件套','ECS000069','0','1',350.00,0.00,'','0','1','','0','0',''),
('91','42','76','阿玛尼黑钥匙男士精华液75ml','ECS000076','0','1',1200.00,0.00,'','0','1','','0','0',''),
('92','43','153','洛可可婚纱摄影 南海深情：8999元套系 活动价：:4999元','ECS000153','0','1',5998.00,4749.05,'网上支付:全额支付 
拍摄地（市/景:2: 洛可圣殿7000平米十大主题纯实景360度恒温拍摄 
拍摄地（省/地:河南洛阳 
','1','1','','0','0','375,378,379'),
('93','44','153','洛可可婚纱摄影 南海深情：8999元套系 活动价：:4999元','ECS000153','0','2',5998.00,4749.05,'网上支付:全额支付 
拍摄地（市/景:1：情人岛庄园 隋唐城 恒大绿洲 任选其一 
拍摄地（省/地:河南洛阳 
','0','1','','0','0','375,377,379'),
('94','45','153','洛可可婚纱摄影 南海深情：8999元套系 活动价：:4999元','ECS000153','0','3',5998.00,4749.05,'网上支付:全额支付 
拍摄地（市/景:1：情人岛庄园 隋唐城 恒大绿洲 任选其一 
拍摄地（省/地:河南洛阳 
','0','1','','0','0','375,377,379'),
('95','46','153','洛可可婚纱摄影 南海深情：8999元套系 活动价：:4999元','ECS000153','0','1',5998.00,4749.05,'网上支付:全额支付 
拍摄地（市/景:1：情人岛庄园 隋唐城 恒大绿洲 任选其一 
拍摄地（省/地:河南洛阳 
','0','1','','0','0','375,377,379'),
('96','47','153','洛可可婚纱摄影 南海深情：8999元套系 活动价：:4999元','ECS000153','0','1',5998.00,4749.05,'网上支付:全额支付 
拍摄地（市/景:1：情人岛庄园 隋唐城 恒大绿洲 任选其一 
拍摄地（省/地:河南洛阳 
','0','1','','0','0','375,377,379'),
('97','48','153','洛可可婚纱摄影 南海深情：8999元套系 活动价：:4999元','ECS000153','0','5',5998.00,4749.05,'网上支付:全额支付 
拍摄地（市/景:1：情人岛庄园 隋唐城 恒大绿洲 任选其一 
拍摄地（省/地:河南洛阳 
','0','1','','0','0','375,377,379'),
('98','49','153','洛可可婚纱摄影 南海深情：8999元套系 活动价：:4999元','ECS000153','0','10',5998.00,4749.05,'网上支付:全额支付 
拍摄地（市/景:1：情人岛庄园 隋唐城 恒大绿洲 任选其一 
拍摄地（省/地:河南洛阳 
','0','1','','0','0','375,377,379'),
('99','50','153','洛可可婚纱摄影 南海深情：8999元套系 活动价：:4999元','ECS000153','0','1',5998.00,4749.05,'网上支付:预约￥1500 
拍摄地（市/景:2: 洛可圣殿7000平米十大主题纯实景360度恒温拍摄 
拍摄地（省/地:河南洛阳 
','0','1','','0','0','376,378,379'),
('100','50','153','洛可可婚纱摄影 南海深情：8999元套系 活动价：:4999元','ECS000153','0','1',5998.00,4749.05,'网上支付:预约￥1500 
拍摄地（市/景:1：情人岛庄园 隋唐城 恒大绿洲 任选其一 
拍摄地（省/地:河南洛阳 
','0','1','','0','0','376,377,379'),
('101','51','153','洛可可婚纱摄影 南海深情：8999元套系 活动价：:4999元','ECS000153','0','2',5998.00,4749.05,'网上支付:全额支付 
拍摄地（市/景:1：情人岛庄园 隋唐城 恒大绿洲 任选其一 
拍摄地（省/地:河南洛阳 
','0','1','','0','0','375,377,379'),
('102','52','153','洛可可婚纱摄影 南海深情：8999元套系 活动价：:4999元','ECS000153','0','1',5998.00,4749.05,'网上支付:全额支付 
拍摄地（市/景:1：情人岛庄园 隋唐城 恒大绿洲 任选其一 
拍摄地（省/地:河南洛阳 
','0','1','','0','0','375,377,379'),
('103','53','153','洛可可婚纱摄影 南海深情：8999元套系 活动价：:4999元','ECS000153','0','1',5998.00,4749.05,'网上支付:全额支付 
拍摄地（市/景:1：情人岛庄园 隋唐城 恒大绿洲 任选其一 
拍摄地（省/地:河南洛阳 
','0','1','','0','0','375,377,379'),
('104','54','153','洛可可婚纱摄影 南海深情：8999元套系 活动价：:4999元','ECS000153','0','1',5998.00,4749.05,'网上支付:全额支付 
拍摄地（市/景:1：情人岛庄园 隋唐城 恒大绿洲 任选其一 
拍摄地（省/地:河南洛阳 
','0','1','','0','0','375,377,379'),
('105','55','153','洛可可婚纱摄影 南海深情：8999元套系 活动价：:4999元','ECS000153','0','1',5998.00,4749.05,'网上支付:全额支付 
拍摄地（市/景:1：情人岛庄园 隋唐城 恒大绿洲 任选其一 
拍摄地（省/地:河南洛阳 
','0','1','','0','0','375,377,379'),
('106','56','153','洛可可婚纱摄影 南海深情：8999元套系 活动价：:4999元','ECS000153','0','1',5998.00,4749.05,'网上支付:全额支付 
拍摄地（市/景:1：情人岛庄园 隋唐城 恒大绿洲 任选其一 
拍摄地（省/地:河南洛阳 
','0','1','','0','0','375,377,379'),
('107','57','153','洛可可婚纱摄影 南海深情：8999元套系 活动价：:4999元','ECS000153','0','1',8999.00,4749.05,'拍摄地（市/景）:洛可圣殿7000平米十大主题纯实景360度恒温拍摄 
拍摄地（省/地）:河南洛阳 
','0','1','','0','0','384,386'),
('108','57','153','洛可可婚纱摄影 南海深情：8999元套系 活动价：:4999元','ECS000153','0','1',8999.00,4749.05,'拍摄地（市/景）:情人岛庄园 隋唐城 恒大绿洲 任选其一 
拍摄地（省/地）:河南洛阳 
','0','1','','0','0','383,386'),
('109','58','153','洛可可婚纱摄影 南海深情：8999元套系 活动价：:4999元','ECS000153','0','1',8999.00,4749.05,'拍摄地（市/景）:洛可圣殿7000平米十大主题纯实景360度恒温拍摄 
拍摄地（省/地）:河南洛阳 
','0','1','','0','0','384,386'),
('110','58','153','洛可可婚纱摄影 南海深情：8999元套系 活动价：:4999元','ECS000153','0','1',8999.00,4749.05,'拍摄地（市/景）:情人岛庄园 隋唐城 恒大绿洲 任选其一 
拍摄地（省/地）:河南洛阳 
','0','1','','0','0','383,386'),
('111','59','153','洛可可婚纱摄影 南海深情：8999元套系 活动价：:4999元','ECS000153','0','1',8999.00,0.00,'','0','1','','0','0',''),
('112','60','154','爱天使摄影【爱你一生一世】【新派婚纱照】【主题套餐拍摄】1314元','ECS000154','0','1',1576.00,1248.30,'拍摄地（市/景）:情人岛庄园 隋唐城 恒大绿洲 任选其一 
拍摄地（省/地）:河南洛阳 
','1','1','','0','0','394,396'),
('113','61','155','麦田摄影机构 【浪漫在微笑】 门店价格：3998元 商城价格：2688元','ECS000155','0','1',3225.00,2553.60,'拍摄地（市/景）:情人岛庄园 隋唐城 恒大绿洲 任选其一 
拍摄地（省/地）:河南洛阳 
','1','1','','0','0','402,403'),
('114','62','158','如果爱摄影工作室【爱你一生】婚纱照套系 仅售1312元','ECS000158','0','1',1574.00,1246.40,'','1','1','','0','0',''),
('115','63','161','仲夏印象 婚纱套餐1888元 市场价11999元','ECS000161','0','1',2265.00,1793.60,'','1','1','','0','0',''),
('116','64','167','啄木鸟plover男士纯色衬衫 热卖款 4色可选 标准款','ECS000167','0','1',126.00,99.75,'','1','1','','0','0',''),
('117','64','172','非凡婚纱 1980元 D区+A区婚纱+ B区礼服+C区礼服+伴娘服+饰品·配饰任意选+新娘妆','ECS000172','0','1',2376.00,1881.00,'','1','1','','0','0',''),
('118','64','170','米穗高级婚纱定制机构6200元【高级定制婚纱】','ECS000170','0','1',7440.00,5890.00,'','1','1','','0','0',''),
('119','64','168','plover啄木鸟100%桑蚕丝高档商务领带（窄版）-L011','ECS000168','0','1',69.00,55.10,'','1','1','','0','0',''),
('120','64','163','非凡婚纱688元即可享受A区婚纱+A区礼服+伴娘服+饰品·配饰','ECS000163','0','1',825.00,653.60,'','1','1','','0','0',''),
('121','65','182','天使名媛创意婚纱彩妆会所 妈妈妆 特惠价 50元 含造型','ECS000182','0','1',60.00,47.50,'','1','1','','0','0',''),
('122','65','179','梦依莎【新娘妆】原价800,现特价368元 ','ECS000179','0','1',441.00,349.60,'','1','1','','0','0',''),
('123','65','175','安娅彩妆礼服馆 仅1680元 享受价值2980『安娅造型』尊贵套餐','ECS000175','0','1',2016.00,1596.00,'','1','1','','0','0',''),
('124','65','173','第一印象【新娘跟妆】 888元','ECS000173','0','1',1065.00,843.60,'','1','1','','0','0',''),
('125','65','177','非摄丽影【全程跟妆】【新娘妆】688元','ECS000177','0','1',825.00,653.60,'','1','1','','0','0',''),
('126','65','188','嘉汇轩【蓝玉髓晶体】吊坠 120元','ECS000188','0','1',144.00,114.00,'','1','1','','0','0',''),
('127','65','185','嘉汇轩【彩银蓝玉髓】戒指 女戒 780元','ECS000185','0','1',936.00,741.00,'','1','1','','0','0',''),
('128','65','183','嘉汇轩【彩银粉玉髓】戒指 女戒 780元','ECS000183','0','1',936.00,741.00,'','1','1','','0','0',''),
('129','65','184','嘉汇轩【彩银玉髓】戒指 女戒 780元','ECS000184','0','1',936.00,741.00,'','1','1','','0','0',''),
('130','65','186','嘉汇轩【紫晶】戒指 女戒 800元','ECS000186','0','1',960.00,760.00,'','1','1','','0','0',''),
('131','66','153','洛可可婚纱摄影 南海深情：8999元套系 活动价：:4999元','ECS000153','0','8',5998.00,3999.00,'拍摄地（市/景）:情人岛庄园 隋唐城 恒大绿洲 任选其一 
拍摄地（省/地）:河南洛阳 
','0','1','','0','0','383,386'),
('132','67','153','洛可可婚纱摄影 南海深情：8999元套系 活动价：:4999元','ECS000153','0','5',5998.00,3999.00,'拍摄地（市/景）:情人岛庄园 隋唐城 恒大绿洲 任选其一 
拍摄地（省/地）:河南洛阳 
','5','1','','0','0','383,386'),
('133','68','153','洛可可婚纱摄影 南海深情：8999元套系 活动价：:4999元','ECS000153','0','1',5998.00,3999.00,'拍摄地（市/景）:洛可圣殿7000平米十大主题纯实景360度恒温拍摄 
拍摄地（省/地）:河南洛阳 
','1','1','','0','0','384,386'),
('134','69','153','洛可可婚纱摄影 南海深情：8999元套系 活动价：:4999元','ECS000153','0','1',5998.00,3999.00,'拍摄地（市/景）:情人岛庄园 隋唐城 恒大绿洲 任选其一 
拍摄地（省/地）:河南洛阳 
','1','1','','0','0','383,386'),
('135','70','153','洛可可婚纱摄影 南海深情：8999元套系 活动价：:4999元','ECS000153','0','2',5998.00,3999.00,'拍摄地（市/景）:情人岛庄园 隋唐城 恒大绿洲 任选其一 
拍摄地（省/地）:河南洛阳 
','2','1','','0','0','383,386'),
('136','70','153','洛可可婚纱摄影 南海深情：8999元套系 活动价：:4999元','ECS000153','0','1',5998.00,3999.00,'拍摄地（市/景）:洛可圣殿7000平米十大主题纯实景360度恒温拍摄 
拍摄地（省/地）:河南洛阳 
','1','1','','0','0','384,386'),
('137','70','162','简爱婚纱摄影【3599元婚纱照】折后尊享特惠价：2599元','ECS000162','0','1',3118.00,2469.05,'','1','1','','0','0',''),
('138','71','153','洛可可婚纱摄影 南海深情：8999元套系 活动价：:4999元','ECS000153','0','1',5998.00,3999.00,'拍摄地（市/景）:情人岛庄园 隋唐城 恒大绿洲 任选其一 
拍摄地（省/地）:河南洛阳 
','0','1','','0','0','383,386'),
('139','71','153','洛可可婚纱摄影 南海深情：8999元套系 活动价：:4999元','ECS000153','0','3',5998.00,3999.00,'拍摄地（市/景）:洛可圣殿7000平米十大主题纯实景360度恒温拍摄 
拍摄地（省/地）:河南洛阳 
','0','1','','0','0','384,386'),
('140','72','153','洛可可婚纱摄影 南海深情：8999元套系 活动价：:4999元','ECS000153','0','7',6198.00,4199.00,'拍摄地（市/景）:洛可圣殿7000平米十大主题纯实景360度恒温拍摄[200] 
拍摄地（省/地）:河南洛阳 
','0','1','','0','0','386,384'),
('141','73','195','圣荷stherb LoveBank[TangerineDream]佛罗蒙女用香水30ml','ECS000000','0','2',318.00,251.75,'','2','1','','0','0',''),
('142','73','196','VEECCI唯资 超完美持久水眉笔104#灰色 1.5g','ECS000196','0','1',89.00,39.00,'','1','1','','0','0',''),
('143','73','197','ARTOS雅涂 602沙滩城堡+608酒红色 13ml','ECS000197','0','1',213.00,45.00,'','1','1','','0','0',''),
('144','73','198','ZLIME致美 超柔净透洁肤仪（粉紫） 1pc','ECS000198','0','1',597.00,138.00,'','1','1','','0','0',''),
('145','73','199','卡玛Kar&Ma 指甲油组合(气质女王) 18ml*2--176+002','ECS000199','0','1',190.00,78.00,'','1','1','','0','0',''),
('146','73','200','萌黛儿 顶级黑水牛角梳防静电加大加厚款','ECS000200','0','1',180.00,99.00,'','1','1','','0','0',''),
('147','73','201','膜法世家·1908 绿豆清肌去黑头T区护理套装3件套','ECS000201','0','1',202.00,89.00,'','1','1','','0','0',''),
('148','73','202','诗妃 玫瑰嫩白润手霜 60g','ECS000202','0','1',202.00,89.00,'','1','1','','0','0',''),
('149','73','203','小迷糊 美白嫩肤补水蚕丝面膜套装','ECS000203','0','1',201.00,89.00,'','1','1','','0','0',''),
('150','73','204','meier美尔 全身水密码 240ml','ECS000204','0','1',201.00,89.00,'','1','1','','0','0',''),
('151','73','205','candy moyo cm637珐琅红（草莓香味）8ml','ECS000205','0','1',201.00,89.00,'','1','1','','0','0',''),
('152','73','206','珍养裸妆BB霜裸妆 40ml','ECS000206','0','1',201.00,89.00,'','1','1','','0','0',''),
('153','73','207','三草两木 自然肌本水动力保湿乳 120ml','ECS000207','0','1',201.00,89.00,'','1','1','','0','0',''),
('154','73','208','诗妃 莱菲丝竹炭袪黑头鼻贴 10P','ECS000208','0','1',201.00,89.00,'','1','1','','0','0',''),
('155','73','209','韩后 植物能量亮肤洁颜膏 100ml','ECS000209','0','1',201.00,89.00,'','1','1','','0','0',''),
('156','74','208','诗妃 莱菲丝竹炭袪黑头鼻贴 10P','ECS000208','0','1',201.00,89.00,'','0','1','','0','0',''),
('157','74','209','韩后 植物能量亮肤洁颜膏 100ml','ECS000209','0','1',201.00,89.00,'','0','1','','0','0',''),
('158','75','208','诗妃 莱菲丝竹炭袪黑头鼻贴 10P','ECS000208','0','1',201.00,89.00,'','0','1','','0','0',''),
('159','75','209','韩后 植物能量亮肤洁颜膏 100ml','ECS000209','0','1',201.00,89.00,'','0','1','','0','0',''),
('160','76','200','萌黛儿 顶级黑水牛角梳防静电加大加厚款','ECS000200','0','1',180.00,99.00,'','0','1','','0','0',''),
('161','76','201','膜法世家·1908 绿豆清肌去黑头T区护理套装3件套','ECS000201','0','1',202.00,89.00,'','0','1','','0','0',''),
('162','77','209','韩后 植物能量亮肤洁颜膏 100ml','ECS000209','0','1',201.00,89.00,'','0','1','','0','0',''),
('163','77','208','诗妃 莱菲丝竹炭袪黑头鼻贴 10P','ECS000208','0','1',201.00,89.00,'','0','1','','0','0',''),
('164','78','199','卡玛Kar&Ma 指甲油组合(气质女王) 18ml*2--176+002','ECS000199','0','1',200.00,88.00,'颜色:红色[10] 
重量:5g 
','0','1','','0','0','414,412'),
('165','78','208','诗妃 莱菲丝竹炭袪黑头鼻贴 10P','ECS000208','0','1',134.00,69.00,'','0','1','','0','0',''),
('166','78','195','圣荷stherb LoveBank[TangerineDream]佛罗蒙女用香水30ml','ECS000000','0','1',318.00,251.75,'颜色:绿色 
重量:5g 
','0','1','','0','0','423,425'),
('167','78','195','圣荷stherb LoveBank[TangerineDream]佛罗蒙女用香水30ml','ECS000000','0','2',318.00,251.75,'重量:15g 
颜色:咖啡色 
','0','1','','0','0','433,427'),
('168','79','210','一生的期盼 喜欢你是淡淡的爱','ECS000210','0','4',226.00,162.00,'','0','1','','0','0',''),
('169','80','198','ZLIME致美 超柔净透洁肤仪（粉紫） 1pc','ECS000198','0','1',597.00,138.00,'','0','1','','0','0',''),
('170','81','198','ZLIME致美 超柔净透洁肤仪（粉紫） 1pc','ECS000198','0','1',597.00,138.00,'','0','1','','0','0',''),
('171','82','212','德卫（Divinol）5W-40 SN/CF 全合成机油 德国原装进口润滑油 4L+2*1L（共6升）','ECS000212','0','1',907.19,756.00,'','0','1','','0','0',''),
('172','83','224','德卫（Divinol）5W-40 SN/CF 全合成机油 德国原装进口润滑油 大量采购请致电13530318582','ECS000224','0','2',1198.80,999.00,'','0','1','','0','0',''),
('173','84','223','德卫（Divinol）20W-50 SJ/CF 全合成机油 德国原装进口润滑油 大量采购请致电13530318582','ECS000223','0','1',1298.80,188.00,'选择粘度:5L[100] 
','0','1','','0','0','546');
DROP TABLE IF EXISTS  `ecs_order_info`;
CREATE TABLE `ecs_order_info` (
  `order_id` mediumint(8) unsigned NOT NULL AUTO_INCREMENT,
  `order_sn` varchar(20) NOT NULL DEFAULT '',
  `user_id` mediumint(8) unsigned NOT NULL DEFAULT '0',
  `order_status` tinyint(1) unsigned NOT NULL DEFAULT '0',
  `shipping_status` tinyint(1) unsigned NOT NULL DEFAULT '0',
  `pay_status` tinyint(1) unsigned NOT NULL DEFAULT '0',
  `consignee` varchar(60) NOT NULL DEFAULT '',
  `country` smallint(5) unsigned NOT NULL DEFAULT '0',
  `province` smallint(5) unsigned NOT NULL DEFAULT '0',
  `city` smallint(5) unsigned NOT NULL DEFAULT '0',
  `district` smallint(5) unsigned NOT NULL DEFAULT '0',
  `address` varchar(255) NOT NULL DEFAULT '',
  `zipcode` varchar(60) NOT NULL DEFAULT '',
  `tel` varchar(60) NOT NULL DEFAULT '',
  `mobile` varchar(60) NOT NULL DEFAULT '',
  `email` varchar(60) NOT NULL DEFAULT '',
  `best_time` varchar(120) NOT NULL DEFAULT '',
  `sign_building` varchar(120) NOT NULL DEFAULT '',
  `postscript` varchar(255) NOT NULL DEFAULT '',
  `shipping_id` tinyint(3) NOT NULL DEFAULT '0',
  `shipping_name` varchar(120) NOT NULL DEFAULT '',
  `pay_id` tinyint(3) NOT NULL DEFAULT '0',
  `pay_name` varchar(120) NOT NULL DEFAULT '',
  `how_oos` varchar(120) NOT NULL DEFAULT '',
  `how_surplus` varchar(120) NOT NULL DEFAULT '',
  `pack_name` varchar(120) NOT NULL DEFAULT '',
  `card_name` varchar(120) NOT NULL DEFAULT '',
  `card_message` varchar(255) NOT NULL DEFAULT '',
  `inv_payee` varchar(120) NOT NULL DEFAULT '',
  `inv_content` varchar(120) NOT NULL DEFAULT '',
  `goods_amount` decimal(10,2) NOT NULL DEFAULT '0.00',
  `shipping_fee` decimal(10,2) NOT NULL DEFAULT '0.00',
  `insure_fee` decimal(10,2) NOT NULL DEFAULT '0.00',
  `pay_fee` decimal(10,2) NOT NULL DEFAULT '0.00',
  `pack_fee` decimal(10,2) NOT NULL DEFAULT '0.00',
  `card_fee` decimal(10,2) NOT NULL DEFAULT '0.00',
  `money_paid` decimal(10,2) NOT NULL DEFAULT '0.00',
  `surplus` decimal(10,2) NOT NULL DEFAULT '0.00',
  `integral` int(10) unsigned NOT NULL DEFAULT '0',
  `integral_money` decimal(10,2) NOT NULL DEFAULT '0.00',
  `bonus` decimal(10,2) NOT NULL DEFAULT '0.00',
  `order_amount` decimal(10,2) NOT NULL DEFAULT '0.00',
  `from_ad` smallint(5) NOT NULL DEFAULT '0',
  `referer` varchar(255) NOT NULL DEFAULT '',
  `add_time` int(10) unsigned NOT NULL DEFAULT '0',
  `confirm_time` int(10) unsigned NOT NULL DEFAULT '0',
  `pay_time` int(10) unsigned NOT NULL DEFAULT '0',
  `shipping_time` int(10) unsigned NOT NULL DEFAULT '0',
  `pack_id` tinyint(3) unsigned NOT NULL DEFAULT '0',
  `card_id` tinyint(3) unsigned NOT NULL DEFAULT '0',
  `bonus_id` mediumint(8) unsigned NOT NULL DEFAULT '0',
  `invoice_no` varchar(255) NOT NULL DEFAULT '',
  `extension_code` varchar(30) NOT NULL DEFAULT '',
  `extension_id` mediumint(8) unsigned NOT NULL DEFAULT '0',
  `to_buyer` varchar(255) NOT NULL DEFAULT '',
  `pay_note` varchar(255) NOT NULL DEFAULT '',
  `agency_id` smallint(5) unsigned NOT NULL,
  `inv_type` varchar(60) NOT NULL,
  `tax` decimal(10,2) NOT NULL,
  `is_separate` tinyint(1) NOT NULL DEFAULT '0',
  `parent_id` mediumint(8) unsigned NOT NULL DEFAULT '0',
  `discount` decimal(10,2) NOT NULL,
  PRIMARY KEY (`order_id`),
  UNIQUE KEY `order_sn` (`order_sn`),
  KEY `user_id` (`user_id`),
  KEY `order_status` (`order_status`),
  KEY `shipping_status` (`shipping_status`),
  KEY `pay_status` (`pay_status`),
  KEY `shipping_id` (`shipping_id`),
  KEY `pay_id` (`pay_id`),
  KEY `extension_code` (`extension_code`,`extension_id`),
  KEY `agency_id` (`agency_id`)
) ENGINE=InnoDB AUTO_INCREMENT=85 DEFAULT CHARSET=utf8 ROW_FORMAT=DYNAMIC;

insert into `ecs_order_info`(`order_id`,`order_sn`,`user_id`,`order_status`,`shipping_status`,`pay_status`,`consignee`,`country`,`province`,`city`,`district`,`address`,`zipcode`,`tel`,`mobile`,`email`,`best_time`,`sign_building`,`postscript`,`shipping_id`,`shipping_name`,`pay_id`,`pay_name`,`how_oos`,`how_surplus`,`pack_name`,`card_name`,`card_message`,`inv_payee`,`inv_content`,`goods_amount`,`shipping_fee`,`insure_fee`,`pay_fee`,`pack_fee`,`card_fee`,`money_paid`,`surplus`,`integral`,`integral_money`,`bonus`,`order_amount`,`from_ad`,`referer`,`add_time`,`confirm_time`,`pay_time`,`shipping_time`,`pack_id`,`card_id`,`bonus_id`,`invoice_no`,`extension_code`,`extension_id`,`to_buyer`,`pay_note`,`agency_id`,`inv_type`,`tax`,`is_separate`,`parent_id`,`discount`) values
('1','2013121684882','0','5','1','2','111','1','4','55','541','111','111','111','11','222@qq.com','','','','5','申通快递','2','银行汇款/转帐','等待所有商品备齐后再发','','','','','','',399.00,15.00,0.00,0.00,0.00,0.00,414.00,0.00,'0',0.00,0.00,0.00,'0','本站','1387156881','1387156893','1387156893','1387156904','0','0','0','','','0','','','0','',0.00,'0','0',0.00),
('2','2013121628773','0','5','1','2','111','1','7','101','902','333','444','5655','','222@qq.com','','','','5','申通快递','2','银行汇款/转帐','等待所有商品备齐后再发','','','','','','',1995.00,15.00,0.00,0.00,0.00,0.00,2010.00,0.00,'0',0.00,0.00,0.00,'0','本站','1387157023','1387157036','1387157036','1387157046','0','0','0','','','0','','','0','',0.00,'0','0',0.00),
('3','2014010686810','0','0','0','0','111111','1','4','55','539','111111111','111111','15000679021','','111111@qq.com','','','','5','申通快递','2','银行汇款/转帐','等待所有商品备齐后再发','','','','','','',1179.00,15.00,0.00,0.00,0.00,0.00,0.00,0.00,'0',0.00,0.00,1194.00,'0','本站','1388955903','0','0','0','0','0','0','','','0','','','0','',0.00,'0','0',0.00),
('4','2014012127768','8','5','1','2','dagaf','1','3','37','410','hgahahahahr','','12345678993','','123@qq.com','','','','5','申通快递','2','银行汇款/转帐','等待所有商品备齐后再发','','','','','','',439.00,15.00,0.00,0.00,0.00,0.00,454.00,0.00,'0',0.00,0.00,0.00,'0','本站','1390267776','1390267814','1390267814','1390267904','0','0','0','','','0','','','0','',0.00,'0','0',0.00),
('5','2014012262262','0','0','0','0','fshshs','1','5','64','618','dagdsagarhga','235462','12354689522','','123@qq.com','','','','5','申通快递','2','银行汇款/转帐','等待所有商品备齐后再发','','','','','','',878.00,15.00,0.00,0.00,0.00,0.00,0.00,0.00,'0',0.00,0.00,893.00,'0','本站','1390341748','0','0','0','0','0','0','','','0','','','0','',0.00,'0','0',0.00),
('6','2014012383197','0','5','1','2','111111','1','5','65','626','agagqarygsae','235645','12345678944','','123456@qq.com','','','','5','申通快递','2','银行汇款/转帐','等待所有商品备齐后再发','','','','','','',259.00,15.00,0.00,0.00,0.00,0.00,274.00,0.00,'0',0.00,0.00,0.00,'0','本站','1390413144','1390413159','1390413165','1390413197','0','0','0','','','0','','','0','',0.00,'0','0',0.00),
('7','2014012386380','8','5','1','2','dagaf','1','3','37','410','hgahahahahr','','12345678993','','123@qq.com','','','','5','申通快递','2','银行汇款/转帐','等待所有商品备齐后再发','','','','','','',259.00,15.00,0.00,0.00,0.00,0.00,274.00,0.00,'0',0.00,0.00,0.00,'0','本站','1390413515','1390413526','1390413531','1390413545','0','0','0','','','0','','','0','',0.00,'0','0',0.00),
('8','2014012362771','8','5','1','2','dagaf','1','3','37','410','hgahahahahr','','12345678993','','123@qq.com','','','','5','申通快递','2','银行汇款/转帐','等待所有商品备齐后再发','','','','','','',1118.00,15.00,0.00,0.00,0.00,0.00,1133.00,0.00,'0',0.00,0.00,0.00,'0','本站','1390413591','1390413603','1390413608','1390413621','0','0','0','','','0','','','0','',0.00,'0','0',0.00),
('9','2014012338692','8','5','1','2','dagaf','1','3','37','410','hgahahahahr','','12345678993','','123@qq.com','','','','5','申通快递','2','银行汇款/转帐','等待所有商品备齐后再发','','','','','','',2037.00,15.00,0.00,0.00,0.00,0.00,2052.00,0.00,'0',0.00,0.00,0.00,'0','本站','1390413714','1390413724','1390413730','1390413742','0','0','0','','','0','','','0','',0.00,'0','0',0.00),
('10','2014012367996','8','5','1','2','dagaf','1','3','37','410','hgahahahahr','','12345678993','','123@qq.com','','','','5','申通快递','2','银行汇款/转帐','等待所有商品备齐后再发','','','','','','',2007.00,15.00,0.00,0.00,0.00,0.00,2022.00,0.00,'0',0.00,0.00,0.00,'0','本站','1390413797','1390413805','1390413810','1390413820','0','0','0','','','0','','','0','',0.00,'0','0',0.00),
('11','2014012300489','8','0','0','0','dagaf','1','3','37','410','hgahahahahr','','12345678993','','123@qq.com','','','','5','申通快递','2','银行汇款/转帐','等待所有商品备齐后再发','','','','','','',518.00,15.00,0.00,0.00,0.00,0.00,0.00,0.00,'0',0.00,0.00,533.00,'0','本站','1390415987','0','0','0','0','0','0','','','0','','','0','',0.00,'0','0',0.00),
('12','2014012354050','8','0','0','0','dagaf','1','3','37','410','hgahahahahr','','12345678993','','123@qq.com','','','','5','申通快递','2','银行汇款/转帐','等待所有商品备齐后再发','','','','','','',399.00,15.00,0.00,0.00,0.00,0.00,0.00,0.00,'0',0.00,0.00,414.00,'0','本站','1390416008','0','0','0','0','0','0','','','0','','','0','',0.00,'0','0',0.00),
('13','2014012311339','8','0','0','0','dagaf','1','3','37','410','hgahahahahr','','12345678993','','123@qq.com','','','','5','申通快递','2','银行汇款/转帐','等待所有商品备齐后再发','','','','','','',45.00,15.00,0.00,0.00,0.00,0.00,0.00,0.00,'0',0.00,0.00,60.00,'0','本站','1390416045','0','0','0','0','0','0','','','0','','','0','',0.00,'0','0',0.00),
('14','2014012385138','8','0','0','0','dagaf','1','3','37','410','hgahahahahr','','12345678993','','123@qq.com','','','','5','申通快递','2','银行汇款/转帐','等待所有商品备齐后再发','','','','','','',99.00,15.00,0.00,0.00,0.00,0.00,0.00,0.00,'0',0.00,0.00,114.00,'0','本站','1390416071','0','0','0','0','0','0','','','0','','','0','',0.00,'0','0',0.00),
('15','2014012377587','8','0','0','0','dagaf','1','3','37','410','hgahahahahr','','12345678993','','123@qq.com','','','','5','申通快递','2','银行汇款/转帐','等待所有商品备齐后再发','','','','','','',45.00,15.00,0.00,0.00,0.00,0.00,0.00,0.00,'0',0.00,0.00,60.00,'0','本站','1390416648','0','0','0','0','0','0','','','0','','','0','',0.00,'0','0',0.00),
('16','2014012311449','8','0','0','0','dagaf','1','3','37','410','hgahahahahr','','12345678993','','123@qq.com','','','','5','申通快递','2','银行汇款/转帐','等待所有商品备齐后再发','','','','','','',320.00,15.00,0.00,0.00,0.00,0.00,0.00,0.00,'0',0.00,0.00,335.00,'0','本站','1390416675','0','0','0','0','0','0','','','0','','','0','',0.00,'0','0',0.00),
('17','2014012333005','8','0','0','0','dagaf','1','3','37','410','hgahahahahr','','12345678993','','123@qq.com','','','','5','申通快递','2','银行汇款/转帐','等待所有商品备齐后再发','','','','','','',669.00,15.00,0.00,0.00,0.00,0.00,0.00,0.00,'0',0.00,0.00,684.00,'0','本站','1390416704','0','0','0','0','0','0','','','0','','','0','',0.00,'0','0',0.00),
('18','2014012301466','8','0','0','0','dagaf','1','3','37','410','hgahahahahr','','12345678993','','123@qq.com','','','','5','申通快递','2','银行汇款/转帐','等待所有商品备齐后再发','','','','','','',49.90,15.00,0.00,0.00,0.00,0.00,0.00,0.00,'0',0.00,0.00,64.90,'0','本站','1390416978','0','0','0','0','0','0','','','0','','','0','',0.00,'0','0',0.00),
('19','2014012370841','8','0','0','0','dagaf','1','3','37','410','hgahahahahr','','12345678993','','123@qq.com','','','','5','申通快递','2','银行汇款/转帐','等待所有商品备齐后再发','','','','','','',25.00,15.00,0.00,0.00,0.00,0.00,0.00,0.00,'0',0.00,0.00,40.00,'0','本站','1390417017','0','0','0','0','0','0','','','0','','','0','',0.00,'0','0',0.00),
('20','2014012345144','8','0','0','0','dagaf','1','3','37','410','hgahahahahr','','12345678993','','123@qq.com','','','','5','申通快递','2','银行汇款/转帐','等待所有商品备齐后再发','','','','','','',229.00,15.00,0.00,0.00,0.00,0.00,0.00,0.00,'0',0.00,0.00,244.00,'0','本站','1390417059','0','0','0','0','0','0','','','0','','','0','',0.00,'0','0',0.00),
('21','2014012349039','8','0','0','0','dagaf','1','3','37','410','hgahahahahr','','12345678993','','123@qq.com','','','','5','申通快递','2','银行汇款/转帐','等待所有商品备齐后再发','','','','','','',339.00,15.00,0.00,0.00,0.00,0.00,0.00,0.00,'0',0.00,0.00,354.00,'0','本站','1390417080','0','0','0','0','0','0','','','0','','','0','',0.00,'0','0',0.00),
('22','2014012342687','0','0','0','0','aetaega','1','6','78','713','adshaga','256988','12365898744','','125@qq.com','','','','5','申通快递','2','银行汇款/转帐','等待所有商品备齐后再发','','','','','','',69.00,15.00,0.00,0.00,0.00,0.00,0.00,0.00,'0',0.00,0.00,84.00,'0','本站','1390417496','0','0','0','0','0','0','','','0','','','0','',0.00,'0','0',0.00),
('23','2014012389175','0','0','0','0','sdgadega','1','4','55','539','asdgagdag','123456','12345678963','','123456@qq.com','','','','5','申通快递','2','银行汇款/转帐','等待所有商品备齐后再发','','','','','','',669.00,15.00,0.00,0.00,0.00,0.00,0.00,0.00,'0',0.00,0.00,684.00,'0','','1390417659','0','0','0','0','0','0','','','0','','','0','',0.00,'0','0',0.00),
('24','2014012351658','0','0','0','0','ertur6ue','1','5','62','605','srthsfsjdm','234200','15896587421','','1225@qq.com','','','','5','申通快递','2','银行汇款/转帐','等待所有商品备齐后再发','','','','','','',275.00,15.00,0.00,0.00,0.00,0.00,0.00,0.00,'0',0.00,0.00,290.00,'0','','1390418109','0','0','0','0','0','0','','','0','','','0','',0.00,'0','0',0.00),
('25','2014012383507','0','0','0','0','sdhshsdj','1','4','56','548','sdhsdfhrs','234566','15896542131','','123@qq.com','','','','5','申通快递','2','银行汇款/转帐','等待所有商品备齐后再发','','','','','','',320.00,15.00,0.00,0.00,0.00,0.00,0.00,0.00,'0',0.00,0.00,335.00,'0','','1390418164','0','0','0','0','0','0','','','0','','','0','',0.00,'0','0',0.00),
('26','2014012314897','0','0','0','0','sdhsrhdrhs','1','4','54','532','dhasrdgrahah','123456','154896222333','','123252@qq.com','','','','5','申通快递','2','银行汇款/转帐','等待所有商品备齐后再发','','','','','','',459.00,15.00,0.00,0.00,0.00,0.00,0.00,0.00,'0',0.00,0.00,474.00,'0','本站','1390420686','0','0','0','0','0','0','','','0','','','0','',0.00,'0','0',0.00),
('27','2014031116498','11','1','0','2','范波','1','25','321','2709','中山北路2911号中关村科技大厦2402室','200333','15221019887','','260436487@qq.com','','','','5','申通快递','4','支付宝','等待所有商品备齐后再发','','','','','','',0.00,15.00,0.00,0.00,0.00,0.00,15.00,0.00,'0',0.00,0.00,0.00,'0','本站','1394491510','1394491596','1394491660','0','0','0','0','','','0','','','0','',0.00,'0','0',0.00),
('28','2014031332969','11','1','0','2','范波','1','25','321','2709','中山北路2911号中关村科技大厦2402室','200333','15221019887','','260436487@qq.com','','','','3','城际快递','4','支付宝','等待所有商品备齐后再发','','','','','','',6957.45,10.00,0.00,0.00,0.00,0.00,0.00,6967.45,'0',0.00,0.00,0.00,'0','','1394670050','1394670050','1394670050','0','0','0','0','','','0','','','0','',0.00,'0','0',0.00),
('29','2014031390168','11','0','0','0','范波','1','25','321','2709','中山北路2911号中关村科技大厦2402室','200333','15221019887','','260436487@qq.com','','','','3','城际快递','4','支付宝','等待所有商品备齐后再发','','','','','','',6957.45,10.00,0.00,0.00,0.00,0.00,0.00,0.00,'0',0.00,0.00,6967.45,'0','','1394670488','0','0','0','0','0','0','','','0','','','0','',0.00,'0','0',0.00),
('30','2014031396484','11','0','0','0','范波','1','25','321','2709','中山北路2911号中关村科技大厦2402室','200333','15221019887','','260436487@qq.com','','','','3','城际快递','4','支付宝','等待所有商品备齐后再发','','','','','','',6957.45,10.00,0.00,0.00,0.00,0.00,0.00,0.00,'0',0.00,0.00,6967.45,'0','','1394673370','0','0','0','0','0','0','','','0','','','0','',0.00,'0','0',0.00),
('31','2014031313132','11','0','0','0','范波','1','25','321','2709','中山北路2911号中关村科技大厦2402室','200333','15221019887','','260436487@qq.com','','','','3','城际快递','4','支付宝','等待所有商品备齐后再发','','','','','','',6957.45,10.00,0.00,0.00,0.00,0.00,0.00,0.00,'0',0.00,0.00,6967.45,'0','','1394673522','0','0','0','0','0','0','','','0','','','0','',0.00,'0','0',0.00),
('32','2014031368297','11','2','0','0','范波','1','25','321','2709','中山北路2911号中关村科技大厦2402室','200333','15221019887','','260436487@qq.com','','','','3','城际快递','4','支付宝','等待所有商品备齐后再发','','','','','','',6957.45,10.00,0.00,0.00,0.00,0.00,0.00,0.00,'0',0.00,0.00,6967.45,'0','','1394673832','0','0','0','0','0','0','','','0','','','0','',0.00,'0','0',0.00),
('33','2014031435377','11','0','0','0','范波','1','25','321','2709','中山北路2911号中关村科技大厦2402室','200333','15221019887','','260436487@qq.com','','','','3','城际快递','3','货到付款','等待所有商品备齐后再发','','','','','','',75.05,10.00,0.00,5.00,0.00,0.00,0.00,0.00,'0',0.00,0.00,90.05,'0','本站','1394745552','0','0','0','0','0','0','','','0','','','0','',0.00,'0','0',0.00),
('34','2014031425991','11','0','0','0','范波','1','25','321','2709','中山北路2911号中关村科技大厦2402室','200333','15221019887','','260436487@qq.com','','','','3','城际快递','3','货到付款','等待所有商品备齐后再发','','','','','','',75.05,10.00,0.00,5.00,0.00,0.00,0.00,10.00,'0',0.00,0.00,80.05,'0','本站','1394745597','0','0','0','0','0','0','','','0','','','0','',0.00,'0','0',0.00),
('35','2014031449334','11','0','0','0','范波','1','25','321','2709','中山北路2911号中关村科技大厦2402室','200333','15221019887','','260436487@qq.com','','','','3','城际快递','3','货到付款','等待所有商品备齐后再发','','','','','','',375.25,10.00,0.00,5.00,0.00,0.00,0.00,0.00,'0',0.00,0.00,390.25,'0','','1394756363','0','0','0','0','0','0','','','0','','','0','',0.00,'0','0',0.00),
('36','2014031499213','11','0','0','0','范波','1','25','321','2709','中山北路2911号中关村科技大厦2402室','200333','15221019887','','260436487@qq.com','','','','3','城际快递','3','货到付款','等待所有商品备齐后再发','','','','','','',75.05,10.00,0.00,5.00,0.00,0.00,0.00,0.00,'0',0.00,0.00,90.05,'0','','1394756504','0','0','0','0','0','0','','','0','','','0','',0.00,'0','0',0.00),
('37','2014031429696','11','0','0','0','范波','1','25','321','2709','中山北路2911号中关村科技大厦2402室','200333','15221019887','','260436487@qq.com','','','','3','城际快递','3','货到付款','等待所有商品备齐后再发','','','','','','',75.05,10.00,0.00,5.00,0.00,0.00,0.00,0.00,'0',0.00,0.00,90.05,'0','','1394756558','0','0','0','0','0','0','','','0','','','0','',0.00,'0','0',0.00),
('38','2014031759505','11','0','0','0','范波','1','25','321','2709','中山北路2911号中关村科技大厦2402室','200333','15221019887','','260436487@qq.com','','','','5','申通快递','4','支付宝','等待所有商品备齐后再发','','','','','','',292.60,15.00,0.00,0.00,0.00,0.00,0.00,0.00,'0',0.00,0.00,307.60,'0','本站','1394991516','0','0','0','0','0','0','','','0','','','0','',0.00,'0','0',0.00),
('39','2014031748562','11','0','0','0','范波','1','25','321','2709','中山北路2911号中关村科技大厦2402室','200333','15221019887','','260436487@qq.com','','','','5','申通快递','4','支付宝','等待所有商品备齐后再发','','','','','','',75.05,15.00,0.00,0.00,0.00,0.00,0.00,0.00,'0',0.00,0.00,90.05,'0','本站','1394998212','0','0','0','0','0','0','','','0','','','0','',0.00,'0','0',0.00),
('40','2014032175539','11','0','0','0','范波','1','25','321','2709','中山北路2911号中关村科技大厦2402室','200333','15221019887','','260436487@qq.com','','','','5','申通快递','4','支付宝','等待所有商品备齐后再发','','','','','','',1921.52,15.00,0.00,0.00,0.00,0.00,0.00,0.00,'0',0.00,0.00,1936.52,'0','','1395354716','0','0','0','0','0','0','','','0','','','0','',0.00,'0','0',0.00),
('41','2014032417263','14','1','0','2','ecmoban','1','25','321','2709','111111111111111111111','111111','11111111','','1234567@ecmoban.com','','','','5','申通快递','4','支付宝','等待所有商品备齐后再发','','','','','','',267.00,15.00,0.00,0.00,0.00,0.00,282.00,0.00,'0',0.00,0.00,0.00,'59','本站','1395600441','1395610623','1395610633','0','0','0','0','','','0','','','0','',0.00,'0','0',0.00),
('42','2014032415600','7','1','0','2','1111111111111111111','1','4','54','532','11111111111111111','111111111111','111111111111111','1111111111111','123456@qq.com','11111111111','1111111111','','3','城际快递','2','银行汇款/转帐','等待所有商品备齐后再发','','','','','','',70.00,10.00,0.00,0.00,0.00,0.00,80.00,0.00,'0',0.00,0.00,0.00,'0','本站','1395614884','1395615070','1395615075','0','0','0','0','','','0','','','0','',0.00,'0','0',0.00),
('43','2014050772019','11','5','1','2','范波','1','25','321','2709','中山北路2911号中关村科技大厦2402室','200333','15221019887','','260436487@qq.com','','','','5','申通快递','4','支付宝','等待所有商品备齐后再发','','','','','','',4749.05,15.00,0.00,0.00,0.00,0.00,4764.05,0.00,'0',0.00,0.00,0.00,'0','本站','1399411551','1399411570','1399411576','1399411603','0','0','0','','','0','','','0','',0.00,'0','0',0.00),
('44','2014050728692','11','1','0','2','范波','1','25','321','2709','中山北路2911号中关村科技大厦2402室','200333','15221019887','','260436487@qq.com','','','','5','申通快递','4','支付宝','等待所有商品备齐后再发','','','','','','',9498.10,15.00,0.00,0.00,0.00,0.00,9513.10,0.00,'0',0.00,0.00,0.00,'0','本站','1399419347','1399419361','1399419361','0','0','0','0','','','0','','','0','',0.00,'0','0',0.00),
('45','2014050749186','11','1','0','2','范波','1','25','321','2709','中山北路2911号中关村科技大厦2402室','200333','15221019887','','260436487@qq.com','','','','5','申通快递','4','支付宝','等待所有商品备齐后再发','','','','','','',14247.15,15.00,0.00,0.00,0.00,0.00,14262.15,0.00,'0',0.00,0.00,0.00,'0','本站','1399419906','1399419987','1399419987','0','0','0','0','','','0','','','0','',0.00,'0','0',0.00),
('46','2014050745966','11','1','0','2','范波','1','25','321','2709','中山北路2911号中关村科技大厦2402室','200333','15221019887','','260436487@qq.com','','','','5','申通快递','4','支付宝','等待所有商品备齐后再发','','','','','','',4749.05,15.00,0.00,0.00,0.00,0.00,4764.05,0.00,'0',0.00,0.00,0.00,'0','本站','1399419925','1399420016','1399420016','0','0','0','0','','','0','','','0','',0.00,'0','0',0.00),
('47','2014050751822','11','1','0','2','范波','1','25','321','2709','中山北路2911号中关村科技大厦2402室','200333','15221019887','','260436487@qq.com','','','','5','申通快递','4','支付宝','等待所有商品备齐后再发','','','','','','',4749.05,15.00,0.00,0.00,0.00,0.00,4764.05,0.00,'0',0.00,0.00,0.00,'0','本站','1399419942','1399420010','1399420010','0','0','0','0','','','0','','','0','',0.00,'0','0',0.00),
('48','2014050739076','11','1','0','2','范波','1','25','321','2709','中山北路2911号中关村科技大厦2402室','200333','15221019887','','260436487@qq.com','','','','5','申通快递','4','支付宝','等待所有商品备齐后再发','','','','','','',23745.25,15.00,0.00,0.00,0.00,0.00,23760.25,0.00,'0',0.00,0.00,0.00,'0','本站','1399419952','1399420001','1399420001','0','0','0','0','','','0','','','0','',0.00,'0','0',0.00),
('49','2014050757315','11','1','0','2','范波','1','25','321','2709','中山北路2911号中关村科技大厦2402室','200333','15221019887','','260436487@qq.com','','','','5','申通快递','4','支付宝','等待所有商品备齐后再发','','','','','','',47490.50,15.00,0.00,0.00,0.00,0.00,47505.50,0.00,'0',0.00,0.00,0.00,'0','本站','1399419975','1399419996','1399419996','0','0','0','0','','','0','','','0','',0.00,'0','0',0.00),
('50','2014051224210','11','0','0','0','范波','1','25','321','2709','中山北路2911号中关村科技大厦2402室','200333','15221019887','','260436487@qq.com','','','','5','申通快递','4','支付宝','等待所有商品备齐后再发','','','','','','',9498.10,15.00,0.00,0.00,0.00,0.00,0.00,0.00,'0',0.00,0.00,9513.10,'0','本站','1399831046','0','0','0','0','0','0','','','0','','','0','',0.00,'0','0',0.00),
('51','2014051239779','11','0','0','0','范波','1','25','321','2709','中山北路2911号中关村科技大厦2402室','200333','15221019887','','260436487@qq.com','','','','5','申通快递','4','支付宝','等待所有商品备齐后再发','','','','','','',9498.10,15.00,0.00,0.00,0.00,0.00,0.00,0.00,'0',0.00,0.00,9513.10,'0','本站','1399831181','0','0','0','0','0','0','','','0','','','0','',0.00,'0','0',0.00),
('52','2014051222911','11','0','0','0','范波','1','25','321','2709','中山北路2911号中关村科技大厦2402室','200333','15221019887','','260436487@qq.com','','','','5','申通快递','4','支付宝','等待所有商品备齐后再发','','','','','','',4749.05,15.00,0.00,0.00,0.00,0.00,0.00,0.00,'0',0.00,0.00,4764.05,'0','本站','1399831201','0','0','0','0','0','0','','','0','','','0','',0.00,'0','0',0.00),
('53','2014051293772','11','0','0','0','范波','1','25','321','2709','中山北路2911号中关村科技大厦2402室','200333','15221019887','','260436487@qq.com','','','','5','申通快递','4','支付宝','等待所有商品备齐后再发','','','','','','',4749.05,15.00,0.00,0.00,0.00,0.00,0.00,0.00,'0',0.00,0.00,4764.05,'0','本站','1399831303','0','0','0','0','0','0','','','0','','','0','',0.00,'0','0',0.00),
('54','2014051221705','11','0','0','0','范波','1','25','321','2709','中山北路2911号中关村科技大厦2402室','200333','15221019887','','260436487@qq.com','','','选填：对本次交易的补充说明（建议填写已经和卖家达成一致的说明）','5','申通快递','4','支付宝','等待所有商品备齐后再发','','','','','','',4749.05,15.00,0.00,0.00,0.00,0.00,0.00,0.00,'0',0.00,0.00,4764.05,'0','本站','1399834189','0','0','0','0','0','0','','','0','','','0','',0.00,'0','0',0.00),
('55','2014051208512','11','0','0','0','范波','1','25','321','2709','中山北路2911号中关村科技大厦2402室','200333','15221019887','','260436487@qq.com','','','选填：对本次交易的补充说明（建议填写已经和卖家达成一致的说明）','5','申通快递','4','支付宝','等待所有商品备齐后再发','','','','','','',4749.05,15.00,0.00,0.00,0.00,0.00,0.00,0.00,'0',0.00,0.00,4764.05,'0','本站','1399834251','0','0','0','0','0','0','','','0','','','0','',0.00,'0','0',0.00),
('56','2014051216140','11','0','0','0','范波','1','25','321','2709','中山北路2911号中关村科技大厦2402室','200333','15221019887','','260436487@qq.com','','','选填：对本次交易的补充说明（建议填写已经和卖家达成一致的说明）','5','申通快递','4','支付宝','等待所有商品备齐后再发','','','','','','',4749.05,15.00,0.00,0.00,0.00,0.00,0.00,0.00,'0',0.00,0.00,4764.05,'0','本站','1399834711','0','0','0','0','0','0','','','0','','','0','',0.00,'0','0',0.00),
('57','2014051471037','11','2','0','0','范波','1','25','321','2709','中山北路2911号中关村科技大厦2402室','200333','15221019887','','260436487@qq.com','','','选填：对本次交易的补充说明（建议填写已经和卖家达成一致的说明）','5','申通快递','4','支付宝','等待所有商品备齐后再发','','','','','','',9498.10,15.00,0.00,0.00,0.00,0.00,0.00,0.00,'0',0.00,0.00,9513.10,'0','本站','1400031277','0','0','0','0','0','0','','','0','','','0','',0.00,'0','0',0.00),
('58','2014051531127','11','0','0','0','范波','1','25','321','2709','中山北路2911号中关村科技大厦2402室','200333','15221019887','','260436487@qq.com','','','选填：对本次交易的补充说明（建议填写已经和卖家达成一致的说明）','5','申通快递','4','支付宝','等待所有商品备齐后再发','','','','','','',9498.10,15.00,0.00,0.00,0.00,0.00,0.00,0.00,'0',0.00,0.00,9513.10,'0','本站','1400114623','0','0','0','0','0','0','','','0','','','0','',0.00,'0','0',0.00),
('59','2014051590543','11','0','0','0','范波','1','25','321','2709','中山北路2911号中关村科技大厦2402室','200333','15221019887','','260436487@qq.com','','','选填：对本次交易的补充说明（建议填写已经和卖家达成一致的说明）','5','申通快递','4','支付宝','等待所有商品备齐后再发','','','','','','',0.00,15.00,0.00,0.00,0.00,0.00,0.00,0.00,'5000',0.00,0.00,15.00,'0','本站','1400115083','0','0','0','0','0','0','','exchange_goods','153','','','0','',0.00,'0','0',0.00),
('60','2014052026120','11','5','1','2','范波','1','25','321','2709','中山北路2911号中关村科技大厦2402室','200333','15221019887','','260436487@qq.com','','','选填：对本次交易的补充说明（建议填写已经和卖家达成一致的说明）','5','申通快递','4','支付宝','等待所有商品备齐后再发','','','','','','',1248.30,15.00,0.00,0.00,0.00,0.00,1263.30,0.00,'0',0.00,0.00,0.00,'0','本站','1400540782','1400540980','1400541089','1400541109','0','0','0','','','0','','','0','',0.00,'0','0',0.00),
('61','2014052040140','11','5','1','2','范波','1','25','321','2709','中山北路2911号中关村科技大厦2402室','200333','15221019887','','260436487@qq.com','','','选填：对本次交易的补充说明（建议填写已经和卖家达成一致的说明）','5','申通快递','4','支付宝','等待所有商品备齐后再发','','','','','','',2553.60,15.00,0.00,0.00,0.00,0.00,2568.60,0.00,'0',0.00,0.00,0.00,'0','本站','1400540798','1400540980','1400541207','1400541246','0','0','0','','','0','','','0','',0.00,'0','0',0.00),
('62','2014052019031','11','5','1','2','范波','1','25','321','2709','中山北路2911号中关村科技大厦2402室','200333','15221019887','','260436487@qq.com','','','选填：对本次交易的补充说明（建议填写已经和卖家达成一致的说明）','5','申通快递','4','支付宝','等待所有商品备齐后再发','','','','','','',1246.40,15.00,0.00,0.00,0.00,0.00,1261.40,0.00,'0',0.00,0.00,0.00,'0','本站','1400540812','1400540980','1400541184','1400541242','0','0','0','','','0','','','0','',0.00,'0','0',0.00),
('63','2014052020831','11','5','1','2','范波','1','25','321','2709','中山北路2911号中关村科技大厦2402室','200333','15221019887','','260436487@qq.com','','','选填：对本次交易的补充说明（建议填写已经和卖家达成一致的说明）','5','申通快递','4','支付宝','等待所有商品备齐后再发','','','','','','',1793.60,15.00,0.00,0.00,0.00,0.00,1808.60,0.00,'0',0.00,0.00,0.00,'0','本站','1400540823','1400540980','1400541158','1400541236','0','0','0','','','0','','','0','',0.00,'0','0',0.00),
('64','2014052039945','11','5','1','2','范波','1','25','321','2709','中山北路2911号中关村科技大厦2402室','200333','15221019887','','260436487@qq.com','','','选填：对本次交易的补充说明（建议填写已经和卖家达成一致的说明）','5','申通快递','4','支付宝','等待所有商品备齐后再发','','','','','','',8579.45,15.00,0.00,0.00,0.00,0.00,8594.45,0.00,'0',0.00,0.00,0.00,'0','本站','1400540852','1400540980','1400541011','1400541034','0','0','0','','','0','','','0','',0.00,'0','0',0.00),
('65','2014052053993','11','5','1','2','范波','1','25','321','2709','中山北路2911号中关村科技大厦2402室','200333','15221019887','','260436487@qq.com','','','选填：对本次交易的补充说明（建议填写已经和卖家达成一致的说明）','5','申通快递','4','支付宝','等待所有商品备齐后再发','','','','','','',6587.30,15.00,0.00,0.00,0.00,0.00,6602.30,0.00,'0',0.00,0.00,0.00,'0','本站','1400540910','1400540922','1400540927','1400541047','0','0','0','','','0','','','0','',0.00,'0','0',0.00),
('66','2014052190153','11','0','0','0','范波','1','25','321','2709','中山北路2911号中关村科技大厦2402室','200333','15221019887','','260436487@qq.com','','','选填：对本次交易的补充说明（建议填写已经和卖家达成一致的说明）','5','申通快递','4','支付宝','等待所有商品备齐后再发','','','','','','',31992.00,15.00,0.00,0.00,0.00,0.00,0.00,0.00,'0',0.00,0.00,32007.00,'0','本站','1400614748','0','0','0','0','0','0','','','0','','','0','',0.00,'0','0',0.00),
('67','2014052176210','11','5','5','2','范波','1','25','321','2709','中山北路2911号中关村科技大厦2402室','200333','15221019887','','260436487@qq.com','','','选填：对本次交易的补充说明（建议填写已经和卖家达成一致的说明）','5','申通快递','4','支付宝','等待所有商品备齐后再发','','','','','','',19995.00,15.00,0.00,0.00,0.00,0.00,20010.00,0.00,'0',0.00,0.00,0.00,'0','本站','1400623235','1400796843','1400796843','0','0','0','0','','','0','','','0','',0.00,'0','0',0.00),
('68','2014052328317','11','5','1','2','范波','1','25','321','2709','中山北路2911号中关村科技大厦2402室','200333','15221019887','','260436487@qq.com','','','111111111111','5','申通快递','4','支付宝','等待所有商品备齐后再发','','','','','','',3999.00,15.00,0.00,0.00,0.00,0.00,4014.00,0.00,'0',0.00,0.00,0.00,'0','本站','1400794223','1400794473','1400794473','1400794485','0','0','0','','','0','','','0','',0.00,'0','0',0.00),
('69','2014052397095','11','5','1','2','范波','1','25','321','2709','中山北路2911号中关村科技大厦2402室','200333','15221019887','','260436487@qq.com','','','选填：对本次交易的补充说明（建议填写已经和卖家达成一致的说明）','5','申通快递','2','银行汇款/转帐','等待所有商品备齐后再发','','','','','','',3999.00,15.00,0.00,0.00,0.00,0.00,4014.00,0.00,'0',0.00,0.00,0.00,'0','本站','1400795947','1400795956','1400795956','1400795966','0','0','0','','','0','','','0','',0.00,'0','0',0.00),
('70','2014052793358','11','5','1','2','范波','1','25','321','2709','中山北路2911号中关村科技大厦2402室','200333','15221019887','','260436487@qq.com','','','选填：对本次交易的补充说明（建议填写已经和卖家达成一致的说明）','5','申通快递','2','银行汇款/转帐','等待所有商品备齐后再发','','','','','','',14466.05,15.00,0.00,0.00,0.00,0.00,14481.05,0.00,'0',0.00,0.00,0.00,'0','本站','1401132550','1402340434','1402340440','1402340457','0','0','0','','','0','','','0','',0.00,'0','0',0.00),
('71','2014052809046','11','0','0','0','范波','1','25','321','2709','中山北路2911号中关村科技大厦2402室','200333','15221019887','','260436487@qq.com','','','选填：对本次交易的补充说明（建议填写已经和卖家达成一致的说明）','5','申通快递','2','银行汇款/转帐','等待所有商品备齐后再发','','','','','','',15996.00,15.00,0.00,0.00,0.00,0.00,0.00,0.00,'0',0.00,0.00,16011.00,'0','本站','1401229338','0','0','0','0','0','0','','','0','','','0','',0.00,'0','0',0.00),
('72','2014061005253','11','0','0','0','范波','1','25','321','2709','中山北路2911号中关村科技大厦2402室','200333','15221019887','','260436487@qq.com','','','123456789','5','申通快递','2','银行汇款/转帐','等待所有商品备齐后再发','','','','','','',29393.00,15.00,0.00,0.00,0.00,0.00,0.00,0.00,'0',0.00,0.00,29408.00,'0','本站','1402340378','0','0','0','0','0','0','','','0','','','0','',0.00,'0','0',0.00),
('73','2014062024769','11','5','1','2','范波','1','25','321','2709','中山北路2911号中关村科技大厦2402室','200333','15221019887','','260436487@qq.com','','','123132132','5','申通快递','2','银行汇款/转帐','等待所有商品备齐后再发','','','','','','',1703.50,15.00,0.00,0.00,0.00,0.00,1718.50,0.00,'0',0.00,0.00,0.00,'0','本站','1403204721','1403204806','1403204806','1403204824','0','0','0','','','0','','','0','',0.00,'0','0',0.00),
('74','2014062407369','11','1','0','2','范波','1','25','321','2709','中山北路2911号中关村科技大厦2402室','200333','15221019887','','260436487@qq.com','','','','5','申通快递','1','余额支付','等待所有商品备齐后再发','','','','','','',178.00,15.00,0.00,0.00,0.00,0.00,0.00,193.00,'0',0.00,0.00,0.00,'0','本站','1403569332','1403569332','1403569332','0','0','0','0','','','0','','','0','',0.00,'0','0',0.00),
('75','2014062499582','11','1','0','2','范波','1','25','321','2709','中山北路2911号中关村科技大厦2402室','200333','15221019887','','260436487@qq.com','','','','5','申通快递','1','余额支付','等待所有商品备齐后再发','','','','','','',178.00,15.00,0.00,0.00,0.00,0.00,0.00,193.00,'0',0.00,0.00,0.00,'0','本站','1403569401','1403569401','1403569401','0','0','0','0','','','0','','','0','',0.00,'0','0',0.00),
('76','2014062433901','11','1','0','2','范波','1','25','321','2709','中山北路2911号中关村科技大厦2402室','200333','15221019887','','260436487@qq.com','','','','3','城际快递','1','余额支付','等待所有商品备齐后再发','','','','','','',188.00,10.00,0.00,0.00,0.00,0.00,0.00,198.00,'0',0.00,0.00,0.00,'0','本站','1403569538','1403569538','1403569538','0','0','0','0','','','0','','','0','',0.00,'0','0',0.00),
('77','2014062499398','11','1','0','2','范波','1','25','321','2709','中山北路2911号中关村科技大厦2402室','200333','15221019887','','260436487@qq.com','','','','3','城际快递','1','余额支付','等待所有商品备齐后再发','','','','','','',178.00,10.00,0.00,0.00,0.00,0.00,0.00,188.00,'0',0.00,0.00,0.00,'0','本站','1403569917','1403569917','1403569917','0','0','0','0','','','0','','','0','',0.00,'0','0',0.00),
('78','2014070972598','11','1','0','2','范波','1','25','321','2709','中山北路2911号中关村科技大厦2402室','200333','15221019887','','260436487@qq.com','','','','3','城际快递','1','余额支付','等待所有商品备齐后再发','','','','','','',912.25,10.00,0.00,0.00,0.00,0.00,0.00,922.25,'0',0.00,0.00,0.00,'0','本站','1404864096','1404864096','1404864096','0','0','0','0','','','0','','','0','',0.00,'0','0',0.00),
('79','2014081221320','16','0','0','0','胡辉','1','32','394','3341','何家榜318号','409000','13355892255','13355892255','2232783008@qq.com','','肯德基','','5','申通快递','4','支付宝','等待所有商品备齐后再发','','','','','','',648.00,15.00,0.00,0.00,0.00,0.00,0.00,0.00,'0',0.00,0.00,339.00,'0','本站','1407813668','0','0','0','0','0','0','','','0','','','0','',0.00,'0','0',324.00),
('80','2015111199966','19','0','0','0','青蜂网络','1','6','79','715','光明路','','','15916852053','','','','','7','运费到付','4','支付宝（手机版）','等待所有商品备齐后再发','','','','','','',138.00,0.00,0.00,0.00,0.00,0.00,0.00,0.00,'0',0.00,0.00,138.00,'0','','1447206154','0','0','0','0','0','0','','','0','','','0','',0.00,'0','0',0.00),
('81','2015111149696','19','1','0','2','青蜂网络','1','6','79','715','光明路','','','15916852053','','','','','7','运费到付','4','支付宝（手机版）','等待所有商品备齐后再发','','','','','','',138.00,0.00,0.00,0.00,0.00,0.00,0.01,0.00,'0',0.00,0.00,0.00,'0','','1447207699','1447208385','1447208385','0','0','0','0','','','0','','','0','',0.00,'0','0',137.99),
('82','2017072717384','20','0','0','0','234123','1','2','52','500','123','','','13838389438','','','','','6','邮局平邮','4','支付宝（手机版）','等待所有商品备齐后再发','','','','','','',756.00,3.50,0.00,0.00,0.00,0.00,0.00,0.00,'0',0.00,0.00,759.50,'0','','1501115368','0','0','0','0','0','0','','','0','','','0','',0.00,'0','0',0.00),
('83','2017072801508','20','0','0','0','123','1','2','52','504','123132','','1383839438','','demo@demo.com','','','','6','邮局平邮','4','支付宝','等待所有商品备齐后再发','','','','','','',1998.00,3.50,0.00,0.00,0.00,0.00,0.00,0.00,'0',0.00,0.00,2001.50,'0','本站','1501215691','0','0','0','0','0','0','','','0','','','0','',0.00,'0','0',0.00),
('84','2017072819635','20','0','0','0','123','1','2','52','504','123132','','1383839438','','demo@demo.com','','','','6','邮局平邮','4','支付宝','等待所有商品备齐后再发','','','','','','',188.00,0.00,0.00,0.00,0.00,0.00,0.00,0.00,'0',0.00,0.00,188.00,'0','本站','1501220224','0','0','0','0','0','0','','','0','','','0','',0.00,'0','0',0.00);
DROP TABLE IF EXISTS  `ecs_pack`;
CREATE TABLE `ecs_pack` (
  `pack_id` tinyint(3) unsigned NOT NULL AUTO_INCREMENT,
  `pack_name` varchar(120) NOT NULL DEFAULT '',
  `pack_img` varchar(255) NOT NULL DEFAULT '',
  `pack_fee` decimal(6,2) unsigned NOT NULL DEFAULT '0.00',
  `free_money` smallint(5) unsigned NOT NULL DEFAULT '0',
  `pack_desc` varchar(255) NOT NULL DEFAULT '',
  PRIMARY KEY (`pack_id`)
) ENGINE=InnoDB DEFAULT CHARSET=utf8 ROW_FORMAT=DYNAMIC;

DROP TABLE IF EXISTS  `ecs_package_goods`;
CREATE TABLE `ecs_package_goods` (
  `package_id` mediumint(8) unsigned NOT NULL DEFAULT '0',
  `goods_id` mediumint(8) unsigned NOT NULL DEFAULT '0',
  `product_id` mediumint(8) unsigned NOT NULL DEFAULT '0',
  `goods_number` smallint(5) unsigned NOT NULL DEFAULT '1',
  `admin_id` tinyint(3) unsigned NOT NULL DEFAULT '0',
  PRIMARY KEY (`package_id`,`goods_id`,`admin_id`,`product_id`)
) ENGINE=InnoDB DEFAULT CHARSET=utf8 ROW_FORMAT=DYNAMIC;

insert into `ecs_package_goods`(`package_id`,`goods_id`,`product_id`,`goods_number`,`admin_id`) values
('5','5','0','1','1'),
('5','6','0','1','1'),
('5','31','0','1','1'),
('6','4','0','1','1'),
('6','7','0','1','1'),
('6','32','0','1','1');
DROP TABLE IF EXISTS  `ecs_pay_log`;
CREATE TABLE `ecs_pay_log` (
  `log_id` int(10) unsigned NOT NULL AUTO_INCREMENT,
  `order_id` mediumint(8) unsigned NOT NULL DEFAULT '0',
  `order_amount` decimal(10,2) unsigned NOT NULL,
  `order_type` tinyint(1) unsigned NOT NULL DEFAULT '0',
  `is_paid` tinyint(1) unsigned NOT NULL DEFAULT '0',
  PRIMARY KEY (`log_id`)
) ENGINE=InnoDB AUTO_INCREMENT=123 DEFAULT CHARSET=utf8 ROW_FORMAT=DYNAMIC;

insert into `ecs_pay_log`(`log_id`,`order_id`,`order_amount`,`order_type`,`is_paid`) values
('1','1',0.00,'0','0'),
('2','2',0.00,'0','0'),
('3','3',0.00,'0','0'),
('4','4',0.00,'0','0'),
('5','5',0.00,'0','0'),
('6','6',35.00,'0','0'),
('7','7',2198.10,'0','0'),
('8','8',638.00,'0','0'),
('9','9',2015.00,'0','0'),
('10','10',0.00,'0','0'),
('11','11',3810.00,'0','0'),
('12','12',253.00,'0','0'),
('13','13',975.00,'0','0'),
('14','14',0.00,'0','0'),
('15','15',17054.00,'0','0'),
('16','16',0.00,'0','0'),
('17','17',0.00,'0','0'),
('18','18',0.00,'0','0'),
('19','20',474.00,'0','0'),
('20','21',3687.00,'0','0'),
('21','22',464.00,'0','0'),
('22','23',229.00,'0','0'),
('23','24',244.00,'0','0'),
('24','25',893.00,'0','0'),
('25','26',893.00,'0','0'),
('26','27',454.00,'0','0'),
('27','28',454.00,'0','0'),
('28','29',414.00,'0','0'),
('29','30',684.00,'0','0'),
('30','31',414.00,'0','0'),
('31','32',454.00,'0','0'),
('32','33',454.00,'0','0'),
('33','34',454.00,'0','0'),
('34','35',1332.00,'0','0'),
('35','36',3706.90,'0','0'),
('36','37',1551.00,'0','0'),
('37','38',444.00,'0','0'),
('38','39',64.90,'0','0'),
('39','1',414.00,'0','0'),
('40','2',2010.00,'0','0'),
('41','3',1194.00,'0','0'),
('42','4',454.00,'0','0'),
('43','5',893.00,'0','0'),
('44','6',274.00,'0','0'),
('45','7',274.00,'0','0'),
('46','8',1133.00,'0','0'),
('47','9',2052.00,'0','0'),
('48','10',2022.00,'0','0'),
('49','11',533.00,'0','0'),
('50','12',414.00,'0','0'),
('51','13',60.00,'0','0'),
('52','14',114.00,'0','0'),
('53','15',60.00,'0','0'),
('54','16',335.00,'0','0'),
('55','17',684.00,'0','0'),
('56','18',64.90,'0','0'),
('57','19',40.00,'0','0'),
('58','20',244.00,'0','0'),
('59','21',354.00,'0','0'),
('60','22',84.00,'0','0'),
('61','23',684.00,'0','0'),
('62','24',290.00,'0','0'),
('63','25',335.00,'0','0'),
('64','26',474.00,'0','0'),
('65','27',15.00,'0','0'),
('66','28',0.00,'0','0'),
('67','29',6967.45,'0','0'),
('68','30',6967.45,'0','0'),
('69','31',6967.45,'0','0'),
('70','32',6967.45,'0','0'),
('71','33',90.05,'0','0'),
('72','34',80.05,'0','0'),
('73','35',390.25,'0','0'),
('74','36',90.05,'0','0'),
('75','37',90.05,'0','0'),
('76','38',307.60,'0','0'),
('77','39',90.05,'0','0'),
('78','40',1936.52,'0','0'),
('79','41',282.00,'0','0'),
('80','42',80.00,'0','0'),
('81','43',4764.05,'0','0'),
('82','44',9513.10,'0','0'),
('83','45',14262.15,'0','0'),
('84','46',4764.05,'0','0'),
('85','47',4764.05,'0','0'),
('86','48',23760.25,'0','0'),
('87','49',47505.50,'0','0'),
('88','50',9513.10,'0','0'),
('89','51',9513.10,'0','0'),
('90','52',4764.05,'0','0'),
('91','53',4764.05,'0','0'),
('92','54',4764.05,'0','0'),
('93','55',4764.05,'0','0'),
('94','56',4764.05,'0','0'),
('95','57',9513.10,'0','0'),
('96','58',9513.10,'0','0'),
('97','59',15.00,'0','0'),
('98','60',1263.30,'0','0'),
('99','61',2568.60,'0','0'),
('100','62',1261.40,'0','0'),
('101','63',1808.60,'0','0'),
('102','64',8594.45,'0','0'),
('103','65',6602.30,'0','0'),
('104','66',32007.00,'0','0'),
('105','67',20010.00,'0','0'),
('106','68',4014.00,'0','0'),
('107','69',4014.00,'0','0'),
('108','70',14481.05,'0','0'),
('109','71',16011.00,'0','0'),
('110','72',29408.00,'0','0'),
('111','73',1718.50,'0','0'),
('112','74',0.00,'0','0'),
('113','75',0.00,'0','0'),
('114','76',0.00,'0','0'),
('115','77',0.00,'0','0'),
('116','78',0.00,'0','0'),
('117','79',339.00,'0','0'),
('118','80',138.00,'0','0'),
('119','81',0.01,'0','1'),
('120','82',759.50,'0','0'),
('121','83',2001.50,'0','0'),
('122','84',188.00,'0','0');
DROP TABLE IF EXISTS  `ecs_payment`;
CREATE TABLE `ecs_payment` (
  `pay_id` tinyint(3) unsigned NOT NULL AUTO_INCREMENT,
  `pay_code` varchar(20) NOT NULL DEFAULT '',
  `pay_name` varchar(120) NOT NULL DEFAULT '',
  `pay_fee` varchar(10) NOT NULL DEFAULT '0',
  `pay_desc` text NOT NULL,
  `pay_order` tinyint(3) unsigned NOT NULL DEFAULT '0',
  `pay_config` text NOT NULL,
  `enabled` tinyint(1) unsigned NOT NULL DEFAULT '0',
  `is_cod` tinyint(1) unsigned NOT NULL DEFAULT '0',
  `is_online` tinyint(1) unsigned NOT NULL DEFAULT '0',
  PRIMARY KEY (`pay_id`),
  UNIQUE KEY `pay_code` (`pay_code`)
) ENGINE=InnoDB AUTO_INCREMENT=5 DEFAULT CHARSET=utf8 ROW_FORMAT=DYNAMIC;

insert into `ecs_payment`(`pay_id`,`pay_code`,`pay_name`,`pay_fee`,`pay_desc`,`pay_order`,`pay_config`,`enabled`,`is_cod`,`is_online`) values
('1','balance','余额支付','0','使用帐户余额支付。只有会员才能使用，通过设置信用额度，可以透支。','0','a:0:{}','1','0','1'),
('2','bank','银行汇款/转帐','0','银行名称
收款人信息：全称 ××× ；帐号或地址 ××× ；开户行 ×××。
注意事项：办理电汇时，请在电汇单“汇款用途”一栏处注明您的订单号。','0','a:0:{}','1','0','0'),
('3','cod','货到付款','0','开通城市：×××
货到付款区域：×××','0','a:0:{}','1','1','0'),
('4','alipay','支付宝','0','支付宝网站(www.alipay.com) 是国内先进的网上支付平台。<br/>支付宝收款接口：在线即可开通，<font color="red"><b>零预付，免年费</b></font>，单笔阶梯费率，无流量限制。<br/><a href="http://cloud.ecshop.com/payment_apply.php?mod=alipay" target="_blank"><font color="red">立即在线申请</font></a>','0','a:4:{i:0;a:3:{s:4:"name";s:14:"alipay_account";s:4:"type";s:4:"text";s:5:"value";s:16:"264944615@qq.com";}i:1;a:3:{s:4:"name";s:10:"alipay_key";s:4:"type";s:4:"text";s:5:"value";s:0:"";}i:2;a:3:{s:4:"name";s:14:"alipay_partner";s:4:"type";s:4:"text";s:5:"value";s:0:"";}i:3;a:3:{s:4:"name";s:17:"alipay_pay_method";s:4:"type";s:6:"select";s:5:"value";s:1:"0";}}','1','0','1');
DROP TABLE IF EXISTS  `ecs_plugins`;
CREATE TABLE `ecs_plugins` (
  `code` varchar(30) NOT NULL DEFAULT '',
  `version` varchar(10) NOT NULL DEFAULT '',
  `library` varchar(255) NOT NULL DEFAULT '',
  `assign` tinyint(1) unsigned NOT NULL DEFAULT '0',
  `install_date` int(10) unsigned NOT NULL DEFAULT '0',
  PRIMARY KEY (`code`)
) ENGINE=InnoDB DEFAULT CHARSET=utf8 ROW_FORMAT=DYNAMIC;

DROP TABLE IF EXISTS  `ecs_products`;
CREATE TABLE `ecs_products` (
  `product_id` mediumint(8) unsigned NOT NULL AUTO_INCREMENT,
  `goods_id` mediumint(8) unsigned NOT NULL DEFAULT '0',
  `goods_attr` varchar(50) DEFAULT NULL,
  `product_sn` varchar(60) DEFAULT NULL,
  `product_number` smallint(5) unsigned DEFAULT '0',
  PRIMARY KEY (`product_id`)
) ENGINE=InnoDB AUTO_INCREMENT=24 DEFAULT CHARSET=utf8 ROW_FORMAT=DYNAMIC;

DROP TABLE IF EXISTS  `ecs_reg_extend_info`;
CREATE TABLE `ecs_reg_extend_info` (
  `Id` int(10) unsigned NOT NULL AUTO_INCREMENT,
  `user_id` mediumint(8) unsigned NOT NULL,
  `reg_field_id` int(10) unsigned NOT NULL,
  `content` text NOT NULL,
  PRIMARY KEY (`Id`)
) ENGINE=InnoDB DEFAULT CHARSET=utf8 ROW_FORMAT=DYNAMIC;

DROP TABLE IF EXISTS  `ecs_reg_fields`;
CREATE TABLE `ecs_reg_fields` (
  `id` tinyint(3) unsigned NOT NULL AUTO_INCREMENT,
  `reg_field_name` varchar(60) NOT NULL,
  `dis_order` tinyint(3) unsigned NOT NULL DEFAULT '100',
  `display` tinyint(1) unsigned NOT NULL DEFAULT '1',
  `type` tinyint(1) unsigned NOT NULL DEFAULT '0',
  `is_need` tinyint(1) unsigned NOT NULL DEFAULT '1',
  PRIMARY KEY (`id`)
) ENGINE=InnoDB AUTO_INCREMENT=7 DEFAULT CHARSET=utf8 ROW_FORMAT=DYNAMIC;

insert into `ecs_reg_fields`(`id`,`reg_field_name`,`dis_order`,`display`,`type`,`is_need`) values
('1','MSN','0','0','1','0'),
('2','QQ','0','0','1','0'),
('3','办公电话','0','0','1','0'),
('4','家庭电话','0','0','1','0'),
('5','手机','0','0','1','0'),
('6','密码找回问题','0','0','1','0');
DROP TABLE IF EXISTS  `ecs_region`;
CREATE TABLE `ecs_region` (
  `region_id` smallint(5) unsigned NOT NULL AUTO_INCREMENT,
  `parent_id` smallint(5) unsigned NOT NULL DEFAULT '0',
  `region_name` varchar(120) NOT NULL DEFAULT '',
  `region_type` tinyint(1) NOT NULL DEFAULT '2',
  `agency_id` smallint(5) unsigned NOT NULL DEFAULT '0',
  PRIMARY KEY (`region_id`),
  KEY `parent_id` (`parent_id`),
  KEY `region_type` (`region_type`),
  KEY `agency_id` (`agency_id`)
) ENGINE=InnoDB AUTO_INCREMENT=3409 DEFAULT CHARSET=utf8 ROW_FORMAT=DYNAMIC;

insert into `ecs_region`(`region_id`,`parent_id`,`region_name`,`region_type`,`agency_id`) values
('1','0','中国','0','0'),
('2','1','北京','1','0'),
('3','1','安徽','1','0'),
('4','1','福建','1','0'),
('5','1','甘肃','1','0'),
('6','1','广东','1','0'),
('7','1','广西','1','0'),
('8','1','贵州','1','0'),
('9','1','海南','1','0'),
('10','1','河北','1','0'),
('11','1','河南','1','0'),
('12','1','黑龙江','1','0'),
('13','1','湖北','1','0'),
('14','1','湖南','1','0'),
('15','1','吉林','1','0'),
('16','1','江苏','1','0'),
('17','1','江西','1','0'),
('18','1','辽宁','1','0'),
('19','1','内蒙古','1','0'),
('20','1','宁夏','1','0'),
('21','1','青海','1','0'),
('22','1','山东','1','0'),
('23','1','山西','1','0'),
('24','1','陕西','1','0'),
('25','1','上海','1','0'),
('26','1','四川','1','0'),
('27','1','天津','1','0'),
('28','1','西藏','1','0'),
('29','1','新疆','1','0'),
('30','1','云南','1','0'),
('31','1','浙江','1','0'),
('32','1','重庆','1','0'),
('33','1','香港','1','0'),
('34','1','澳门','1','0'),
('35','1','台湾','1','0'),
('36','3','安庆','2','0'),
('37','3','蚌埠','2','0'),
('38','3','巢湖','2','0'),
('39','3','池州','2','0'),
('40','3','滁州','2','0'),
('41','3','阜阳','2','0'),
('42','3','淮北','2','0'),
('43','3','淮南','2','0'),
('44','3','黄山','2','0'),
('45','3','六安','2','0'),
('46','3','马鞍山','2','0'),
('47','3','宿州','2','0'),
('48','3','铜陵','2','0'),
('49','3','芜湖','2','0'),
('50','3','宣城','2','0'),
('51','3','亳州','2','0'),
('52','2','北京','2','0'),
('53','4','福州','2','0'),
('54','4','龙岩','2','0'),
('55','4','南平','2','0'),
('56','4','宁德','2','0'),
('57','4','莆田','2','0'),
('58','4','泉州','2','0'),
('59','4','三明','2','0'),
('60','4','厦门','2','0'),
('61','4','漳州','2','0'),
('62','5','兰州','2','0'),
('63','5','白银','2','0'),
('64','5','定西','2','0'),
('65','5','甘南','2','0'),
('66','5','嘉峪关','2','0'),
('67','5','金昌','2','0'),
('68','5','酒泉','2','0'),
('69','5','临夏','2','0'),
('70','5','陇南','2','0'),
('71','5','平凉','2','0'),
('72','5','庆阳','2','0'),
('73','5','天水','2','0'),
('74','5','武威','2','0'),
('75','5','张掖','2','0'),
('76','6','广州','2','0'),
('77','6','深圳','2','0'),
('78','6','潮州','2','0'),
('79','6','东莞','2','0'),
('80','6','佛山','2','0'),
('81','6','河源','2','0'),
('82','6','惠州','2','0'),
('83','6','江门','2','0'),
('84','6','揭阳','2','0'),
('85','6','茂名','2','0'),
('86','6','梅州','2','0'),
('87','6','清远','2','0'),
('88','6','汕头','2','0'),
('89','6','汕尾','2','0'),
('90','6','韶关','2','0'),
('91','6','阳江','2','0'),
('92','6','云浮','2','0'),
('93','6','湛江','2','0'),
('94','6','肇庆','2','0'),
('95','6','中山','2','0'),
('96','6','珠海','2','0'),
('97','7','南宁','2','0'),
('98','7','桂林','2','0'),
('99','7','百色','2','0'),
('100','7','北海','2','0'),
('101','7','崇左','2','0'),
('102','7','防城港','2','0'),
('103','7','贵港','2','0'),
('104','7','河池','2','0'),
('105','7','贺州','2','0'),
('106','7','来宾','2','0'),
('107','7','柳州','2','0'),
('108','7','钦州','2','0'),
('109','7','梧州','2','0'),
('110','7','玉林','2','0'),
('111','8','贵阳','2','0'),
('112','8','安顺','2','0'),
('113','8','毕节','2','0'),
('114','8','六盘水','2','0'),
('115','8','黔东南','2','0'),
('116','8','黔南','2','0'),
('117','8','黔西南','2','0'),
('118','8','铜仁','2','0'),
('119','8','遵义','2','0'),
('120','9','海口','2','0'),
('121','9','三亚','2','0'),
('122','9','白沙','2','0'),
('123','9','保亭','2','0'),
('124','9','昌江','2','0'),
('125','9','澄迈县','2','0'),
('126','9','定安县','2','0'),
('127','9','东方','2','0'),
('128','9','乐东','2','0'),
('129','9','临高县','2','0'),
('130','9','陵水','2','0'),
('131','9','琼海','2','0'),
('132','9','琼中','2','0'),
('133','9','屯昌县','2','0'),
('134','9','万宁','2','0'),
('135','9','文昌','2','0'),
('136','9','五指山','2','0'),
('137','9','儋州','2','0'),
('138','10','石家庄','2','0'),
('139','10','保定','2','0'),
('140','10','沧州','2','0'),
('141','10','承德','2','0'),
('142','10','邯郸','2','0'),
('143','10','衡水','2','0'),
('144','10','廊坊','2','0'),
('145','10','秦皇岛','2','0'),
('146','10','唐山','2','0'),
('147','10','邢台','2','0'),
('148','10','张家口','2','0'),
('149','11','郑州','2','0'),
('150','11','洛阳','2','0'),
('151','11','开封','2','0'),
('152','11','安阳','2','0'),
('153','11','鹤壁','2','0'),
('154','11','济源','2','0'),
('155','11','焦作','2','0'),
('156','11','南阳','2','0'),
('157','11','平顶山','2','0'),
('158','11','三门峡','2','0'),
('159','11','商丘','2','0'),
('160','11','新乡','2','0'),
('161','11','信阳','2','0'),
('162','11','许昌','2','0'),
('163','11','周口','2','0'),
('164','11','驻马店','2','0'),
('165','11','漯河','2','0'),
('166','11','濮阳','2','0'),
('167','12','哈尔滨','2','0'),
('168','12','大庆','2','0'),
('169','12','大兴安岭','2','0'),
('170','12','鹤岗','2','0'),
('171','12','黑河','2','0'),
('172','12','鸡西','2','0'),
('173','12','佳木斯','2','0'),
('174','12','牡丹江','2','0'),
('175','12','七台河','2','0'),
('176','12','齐齐哈尔','2','0'),
('177','12','双鸭山','2','0'),
('178','12','绥化','2','0'),
('179','12','伊春','2','0'),
('180','13','武汉','2','0'),
('181','13','仙桃','2','0'),
('182','13','鄂州','2','0'),
('183','13','黄冈','2','0'),
('184','13','黄石','2','0'),
('185','13','荆门','2','0'),
('186','13','荆州','2','0'),
('187','13','潜江','2','0'),
('188','13','神农架林区','2','0'),
('189','13','十堰','2','0'),
('190','13','随州','2','0'),
('191','13','天门','2','0'),
('192','13','咸宁','2','0'),
('193','13','襄樊','2','0'),
('194','13','孝感','2','0'),
('195','13','宜昌','2','0'),
('196','13','恩施','2','0'),
('197','14','长沙','2','0'),
('198','14','张家界','2','0'),
('199','14','常德','2','0'),
('200','14','郴州','2','0'),
('201','14','衡阳','2','0'),
('202','14','怀化','2','0'),
('203','14','娄底','2','0'),
('204','14','邵阳','2','0'),
('205','14','湘潭','2','0'),
('206','14','湘西','2','0'),
('207','14','益阳','2','0'),
('208','14','永州','2','0'),
('209','14','岳阳','2','0'),
('210','14','株洲','2','0'),
('211','15','长春','2','0'),
('212','15','吉林','2','0'),
('213','15','白城','2','0'),
('214','15','白山','2','0'),
('215','15','辽源','2','0'),
('216','15','四平','2','0'),
('217','15','松原','2','0'),
('218','15','通化','2','0'),
('219','15','延边','2','0'),
('220','16','南京','2','0'),
('221','16','苏州','2','0'),
('222','16','无锡','2','0'),
('223','16','常州','2','0'),
('224','16','淮安','2','0'),
('225','16','连云港','2','0'),
('226','16','南通','2','0'),
('227','16','宿迁','2','0'),
('228','16','泰州','2','0'),
('229','16','徐州','2','0'),
('230','16','盐城','2','0'),
('231','16','扬州','2','0'),
('232','16','镇江','2','0'),
('233','17','南昌','2','0'),
('234','17','抚州','2','0'),
('235','17','赣州','2','0'),
('236','17','吉安','2','0'),
('237','17','景德镇','2','0'),
('238','17','九江','2','0'),
('239','17','萍乡','2','0'),
('240','17','上饶','2','0'),
('241','17','新余','2','0'),
('242','17','宜春','2','0'),
('243','17','鹰潭','2','0'),
('244','18','沈阳','2','0'),
('245','18','大连','2','0'),
('246','18','鞍山','2','0'),
('247','18','本溪','2','0'),
('248','18','朝阳','2','0'),
('249','18','丹东','2','0'),
('250','18','抚顺','2','0'),
('251','18','阜新','2','0'),
('252','18','葫芦岛','2','0'),
('253','18','锦州','2','0'),
('254','18','辽阳','2','0'),
('255','18','盘锦','2','0'),
('256','18','铁岭','2','0'),
('257','18','营口','2','0'),
('258','19','呼和浩特','2','0'),
('259','19','阿拉善盟','2','0'),
('260','19','巴彦淖尔盟','2','0'),
('261','19','包头','2','0'),
('262','19','赤峰','2','0'),
('263','19','鄂尔多斯','2','0'),
('264','19','呼伦贝尔','2','0'),
('265','19','通辽','2','0'),
('266','19','乌海','2','0'),
('267','19','乌兰察布市','2','0'),
('268','19','锡林郭勒盟','2','0'),
('269','19','兴安盟','2','0'),
('270','20','银川','2','0'),
('271','20','固原','2','0'),
('272','20','石嘴山','2','0'),
('273','20','吴忠','2','0'),
('274','20','中卫','2','0'),
('275','21','西宁','2','0'),
('276','21','果洛','2','0'),
('277','21','海北','2','0'),
('278','21','海东','2','0'),
('279','21','海南','2','0'),
('280','21','海西','2','0'),
('281','21','黄南','2','0'),
('282','21','玉树','2','0'),
('283','22','济南','2','0'),
('284','22','青岛','2','0'),
('285','22','滨州','2','0'),
('286','22','德州','2','0'),
('287','22','东营','2','0'),
('288','22','菏泽','2','0'),
('289','22','济宁','2','0'),
('290','22','莱芜','2','0'),
('291','22','聊城','2','0'),
('292','22','临沂','2','0'),
('293','22','日照','2','0'),
('294','22','泰安','2','0'),
('295','22','威海','2','0'),
('296','22','潍坊','2','0'),
('297','22','烟台','2','0'),
('298','22','枣庄','2','0'),
('299','22','淄博','2','0'),
('300','23','太原','2','0'),
('301','23','长治','2','0'),
('302','23','大同','2','0'),
('303','23','晋城','2','0'),
('304','23','晋中','2','0'),
('305','23','临汾','2','0'),
('306','23','吕梁','2','0'),
('307','23','朔州','2','0'),
('308','23','忻州','2','0'),
('309','23','阳泉','2','0'),
('310','23','运城','2','0'),
('311','24','西安','2','0'),
('312','24','安康','2','0'),
('313','24','宝鸡','2','0'),
('314','24','汉中','2','0'),
('315','24','商洛','2','0'),
('316','24','铜川','2','0'),
('317','24','渭南','2','0'),
('318','24','咸阳','2','0'),
('319','24','延安','2','0'),
('320','24','榆林','2','0'),
('321','25','上海','2','0'),
('322','26','成都','2','0'),
('323','26','绵阳','2','0'),
('324','26','阿坝','2','0'),
('325','26','巴中','2','0'),
('326','26','达州','2','0'),
('327','26','德阳','2','0'),
('328','26','甘孜','2','0'),
('329','26','广安','2','0'),
('330','26','广元','2','0'),
('331','26','乐山','2','0'),
('332','26','凉山','2','0'),
('333','26','眉山','2','0'),
('334','26','南充','2','0'),
('335','26','内江','2','0'),
('336','26','攀枝花','2','0'),
('337','26','遂宁','2','0'),
('338','26','雅安','2','0'),
('339','26','宜宾','2','0'),
('340','26','资阳','2','0'),
('341','26','自贡','2','0'),
('342','26','泸州','2','0'),
('343','27','天津','2','0'),
('344','28','拉萨','2','0'),
('345','28','阿里','2','0'),
('346','28','昌都','2','0'),
('347','28','林芝','2','0'),
('348','28','那曲','2','0'),
('349','28','日喀则','2','0'),
('350','28','山南','2','0'),
('351','29','乌鲁木齐','2','0'),
('352','29','阿克苏','2','0'),
('353','29','阿拉尔','2','0'),
('354','29','巴音郭楞','2','0'),
('355','29','博尔塔拉','2','0'),
('356','29','昌吉','2','0'),
('357','29','哈密','2','0'),
('358','29','和田','2','0'),
('359','29','喀什','2','0'),
('360','29','克拉玛依','2','0'),
('361','29','克孜勒苏','2','0'),
('362','29','石河子','2','0'),
('363','29','图木舒克','2','0'),
('364','29','吐鲁番','2','0'),
('365','29','五家渠','2','0'),
('366','29','伊犁','2','0'),
('367','30','昆明','2','0'),
('368','30','怒江','2','0'),
('369','30','普洱','2','0'),
('370','30','丽江','2','0'),
('371','30','保山','2','0'),
('372','30','楚雄','2','0'),
('373','30','大理','2','0'),
('374','30','德宏','2','0'),
('375','30','迪庆','2','0'),
('376','30','红河','2','0'),
('377','30','临沧','2','0'),
('378','30','曲靖','2','0'),
('379','30','文山','2','0'),
('380','30','西双版纳','2','0'),
('381','30','玉溪','2','0'),
('382','30','昭通','2','0'),
('383','31','杭州','2','0'),
('384','31','湖州','2','0'),
('385','31','嘉兴','2','0'),
('386','31','金华','2','0'),
('387','31','丽水','2','0'),
('388','31','宁波','2','0'),
('389','31','绍兴','2','0'),
('390','31','台州','2','0'),
('391','31','温州','2','0'),
('392','31','舟山','2','0'),
('393','31','衢州','2','0'),
('394','32','重庆','2','0'),
('395','33','香港','2','0'),
('396','34','澳门','2','0'),
('397','35','台湾','2','0'),
('398','36','迎江区','3','0'),
('399','36','大观区','3','0'),
('400','36','宜秀区','3','0'),
('401','36','桐城市','3','0'),
('402','36','怀宁县','3','0'),
('403','36','枞阳县','3','0'),
('404','36','潜山县','3','0'),
('405','36','太湖县','3','0'),
('406','36','宿松县','3','0'),
('407','36','望江县','3','0'),
('408','36','岳西县','3','0'),
('409','37','中市区','3','0'),
('410','37','东市区','3','0'),
('411','37','西市区','3','0'),
('412','37','郊区','3','0'),
('413','37','怀远县','3','0'),
('414','37','五河县','3','0'),
('415','37','固镇县','3','0'),
('416','38','居巢区','3','0'),
('417','38','庐江县','3','0'),
('418','38','无为县','3','0'),
('419','38','含山县','3','0'),
('420','38','和县','3','0'),
('421','39','贵池区','3','0'),
('422','39','东至县','3','0'),
('423','39','石台县','3','0'),
('424','39','青阳县','3','0'),
('425','40','琅琊区','3','0'),
('426','40','南谯区','3','0'),
('427','40','天长市','3','0'),
('428','40','明光市','3','0'),
('429','40','来安县','3','0'),
('430','40','全椒县','3','0'),
('431','40','定远县','3','0'),
('432','40','凤阳县','3','0'),
('433','41','蚌山区','3','0'),
('434','41','龙子湖区','3','0'),
('435','41','禹会区','3','0'),
('436','41','淮上区','3','0'),
('437','41','颍州区','3','0'),
('438','41','颍东区','3','0'),
('439','41','颍泉区','3','0'),
('440','41','界首市','3','0'),
('441','41','临泉县','3','0'),
('442','41','太和县','3','0'),
('443','41','阜南县','3','0'),
('444','41','颖上县','3','0'),
('445','42','相山区','3','0'),
('446','42','杜集区','3','0'),
('447','42','烈山区','3','0'),
('448','42','濉溪县','3','0'),
('449','43','田家庵区','3','0'),
('450','43','大通区','3','0'),
('451','43','谢家集区','3','0'),
('452','43','八公山区','3','0'),
('453','43','潘集区','3','0'),
('454','43','凤台县','3','0'),
('455','44','屯溪区','3','0'),
('456','44','黄山区','3','0'),
('457','44','徽州区','3','0'),
('458','44','歙县','3','0'),
('459','44','休宁县','3','0'),
('460','44','黟县','3','0'),
('461','44','祁门县','3','0'),
('462','45','金安区','3','0'),
('463','45','裕安区','3','0'),
('464','45','寿县','3','0'),
('465','45','霍邱县','3','0'),
('466','45','舒城县','3','0'),
('467','45','金寨县','3','0'),
('468','45','霍山县','3','0'),
('469','46','雨山区','3','0'),
('470','46','花山区','3','0'),
('471','46','金家庄区','3','0'),
('472','46','当涂县','3','0'),
('473','47','埇桥区','3','0'),
('474','47','砀山县','3','0'),
('475','47','萧县','3','0'),
('476','47','灵璧县','3','0'),
('477','47','泗县','3','0'),
('478','48','铜官山区','3','0'),
('479','48','狮子山区','3','0'),
('480','48','郊区','3','0'),
('481','48','铜陵县','3','0'),
('482','49','镜湖区','3','0'),
('483','49','弋江区','3','0'),
('484','49','鸠江区','3','0'),
('485','49','三山区','3','0'),
('486','49','芜湖县','3','0'),
('487','49','繁昌县','3','0'),
('488','49','南陵县','3','0'),
('489','50','宣州区','3','0'),
('490','50','宁国市','3','0'),
('491','50','郎溪县','3','0'),
('492','50','广德县','3','0'),
('493','50','泾县','3','0'),
('494','50','绩溪县','3','0'),
('495','50','旌德县','3','0'),
('496','51','涡阳县','3','0'),
('497','51','蒙城县','3','0'),
('498','51','利辛县','3','0'),
('499','51','谯城区','3','0'),
('500','52','东城区','3','0'),
('501','52','西城区','3','0'),
('502','52','海淀区','3','0'),
('503','52','朝阳区','3','0'),
('504','52','崇文区','3','0'),
('505','52','宣武区','3','0'),
('506','52','丰台区','3','0'),
('507','52','石景山区','3','0'),
('508','52','房山区','3','0'),
('509','52','门头沟区','3','0'),
('510','52','通州区','3','0'),
('511','52','顺义区','3','0'),
('512','52','昌平区','3','0'),
('513','52','怀柔区','3','0'),
('514','52','平谷区','3','0'),
('515','52','大兴区','3','0'),
('516','52','密云县','3','0'),
('517','52','延庆县','3','0'),
('518','53','鼓楼区','3','0'),
('519','53','台江区','3','0'),
('520','53','仓山区','3','0'),
('521','53','马尾区','3','0'),
('522','53','晋安区','3','0'),
('523','53','福清市','3','0'),
('524','53','长乐市','3','0'),
('525','53','闽侯县','3','0'),
('526','53','连江县','3','0'),
('527','53','罗源县','3','0'),
('528','53','闽清县','3','0'),
('529','53','永泰县','3','0'),
('530','53','平潭县','3','0'),
('531','54','新罗区','3','0'),
('532','54','漳平市','3','0'),
('533','54','长汀县','3','0'),
('534','54','永定县','3','0'),
('535','54','上杭县','3','0'),
('536','54','武平县','3','0'),
('537','54','连城县','3','0'),
('538','55','延平区','3','0'),
('539','55','邵武市','3','0'),
('540','55','武夷山市','3','0'),
('541','55','建瓯市','3','0'),
('542','55','建阳市','3','0'),
('543','55','顺昌县','3','0'),
('544','55','浦城县','3','0'),
('545','55','光泽县','3','0'),
('546','55','松溪县','3','0'),
('547','55','政和县','3','0'),
('548','56','蕉城区','3','0'),
('549','56','福安市','3','0'),
('550','56','福鼎市','3','0'),
('551','56','霞浦县','3','0'),
('552','56','古田县','3','0'),
('553','56','屏南县','3','0'),
('554','56','寿宁县','3','0'),
('555','56','周宁县','3','0'),
('556','56','柘荣县','3','0'),
('557','57','城厢区','3','0'),
('558','57','涵江区','3','0'),
('559','57','荔城区','3','0'),
('560','57','秀屿区','3','0'),
('561','57','仙游县','3','0'),
('562','58','鲤城区','3','0'),
('563','58','丰泽区','3','0'),
('564','58','洛江区','3','0'),
('565','58','清濛开发区','3','0'),
('566','58','泉港区','3','0'),
('567','58','石狮市','3','0'),
('568','58','晋江市','3','0'),
('569','58','南安市','3','0'),
('570','58','惠安县','3','0'),
('571','58','安溪县','3','0'),
('572','58','永春县','3','0'),
('573','58','德化县','3','0'),
('574','58','金门县','3','0'),
('575','59','梅列区','3','0'),
('576','59','三元区','3','0'),
('577','59','永安市','3','0'),
('578','59','明溪县','3','0'),
('579','59','清流县','3','0'),
('580','59','宁化县','3','0'),
('581','59','大田县','3','0'),
('582','59','尤溪县','3','0'),
('583','59','沙县','3','0'),
('584','59','将乐县','3','0'),
('585','59','泰宁县','3','0'),
('586','59','建宁县','3','0'),
('587','60','思明区','3','0'),
('588','60','海沧区','3','0'),
('589','60','湖里区','3','0'),
('590','60','集美区','3','0'),
('591','60','同安区','3','0'),
('592','60','翔安区','3','0'),
('593','61','芗城区','3','0'),
('594','61','龙文区','3','0'),
('595','61','龙海市','3','0'),
('596','61','云霄县','3','0'),
('597','61','漳浦县','3','0'),
('598','61','诏安县','3','0'),
('599','61','长泰县','3','0'),
('600','61','东山县','3','0'),
('601','61','南靖县','3','0'),
('602','61','平和县','3','0'),
('603','61','华安县','3','0'),
('604','62','皋兰县','3','0'),
('605','62','城关区','3','0'),
('606','62','七里河区','3','0'),
('607','62','西固区','3','0'),
('608','62','安宁区','3','0'),
('609','62','红古区','3','0'),
('610','62','永登县','3','0'),
('611','62','榆中县','3','0'),
('612','63','白银区','3','0'),
('613','63','平川区','3','0'),
('614','63','会宁县','3','0'),
('615','63','景泰县','3','0'),
('616','63','靖远县','3','0'),
('617','64','临洮县','3','0'),
('618','64','陇西县','3','0'),
('619','64','通渭县','3','0'),
('620','64','渭源县','3','0'),
('621','64','漳县','3','0'),
('622','64','岷县','3','0'),
('623','64','安定区','3','0'),
('624','64','安定区','3','0'),
('625','65','合作市','3','0'),
('626','65','临潭县','3','0'),
('627','65','卓尼县','3','0'),
('628','65','舟曲县','3','0'),
('629','65','迭部县','3','0'),
('630','65','玛曲县','3','0'),
('631','65','碌曲县','3','0'),
('632','65','夏河县','3','0'),
('633','66','嘉峪关市','3','0'),
('634','67','金川区','3','0'),
('635','67','永昌县','3','0'),
('636','68','肃州区','3','0'),
('637','68','玉门市','3','0'),
('638','68','敦煌市','3','0'),
('639','68','金塔县','3','0'),
('640','68','瓜州县','3','0'),
('641','68','肃北','3','0'),
('642','68','阿克塞','3','0'),
('643','69','临夏市','3','0'),
('644','69','临夏县','3','0'),
('645','69','康乐县','3','0'),
('646','69','永靖县','3','0'),
('647','69','广河县','3','0'),
('648','69','和政县','3','0'),
('649','69','东乡族自治县','3','0'),
('650','69','积石山','3','0'),
('651','70','成县','3','0'),
('652','70','徽县','3','0'),
('653','70','康县','3','0'),
('654','70','礼县','3','0'),
('655','70','两当县','3','0'),
('656','70','文县','3','0'),
('657','70','西和县','3','0'),
('658','70','宕昌县','3','0'),
('659','70','武都区','3','0'),
('660','71','崇信县','3','0'),
('661','71','华亭县','3','0'),
('662','71','静宁县','3','0'),
('663','71','灵台县','3','0'),
('664','71','崆峒区','3','0'),
('665','71','庄浪县','3','0'),
('666','71','泾川县','3','0'),
('667','72','合水县','3','0'),
('668','72','华池县','3','0'),
('669','72','环县','3','0'),
('670','72','宁县','3','0'),
('671','72','庆城县','3','0'),
('672','72','西峰区','3','0'),
('673','72','镇原县','3','0'),
('674','72','正宁县','3','0'),
('675','73','甘谷县','3','0'),
('676','73','秦安县','3','0'),
('677','73','清水县','3','0'),
('678','73','秦州区','3','0'),
('679','73','麦积区','3','0'),
('680','73','武山县','3','0'),
('681','73','张家川','3','0'),
('682','74','古浪县','3','0'),
('683','74','民勤县','3','0'),
('684','74','天祝','3','0'),
('685','74','凉州区','3','0'),
('686','75','高台县','3','0'),
('687','75','临泽县','3','0'),
('688','75','民乐县','3','0'),
('689','75','山丹县','3','0'),
('690','75','肃南','3','0'),
('691','75','甘州区','3','0'),
('692','76','从化市','3','0'),
('693','76','天河区','3','0'),
('694','76','东山区','3','0'),
('695','76','白云区','3','0'),
('696','76','海珠区','3','0'),
('697','76','荔湾区','3','0'),
('698','76','越秀区','3','0'),
('699','76','黄埔区','3','0'),
('700','76','番禺区','3','0'),
('701','76','花都区','3','0'),
('702','76','增城区','3','0'),
('703','76','从化区','3','0'),
('704','76','市郊','3','0'),
('705','77','福田区','3','0'),
('706','77','罗湖区','3','0'),
('707','77','南山区','3','0'),
('708','77','宝安区','3','0'),
('709','77','龙岗区','3','0'),
('710','77','盐田区','3','0'),
('711','78','湘桥区','3','0'),
('712','78','潮安县','3','0'),
('713','78','饶平县','3','0'),
('714','79','南城区','3','0'),
('715','79','东城区','3','0'),
('716','79','万江区','3','0'),
('717','79','莞城区','3','0'),
('718','79','石龙镇','3','0'),
('719','79','虎门镇','3','0'),
('720','79','麻涌镇','3','0'),
('721','79','道滘镇','3','0'),
('722','79','石碣镇','3','0'),
('723','79','沙田镇','3','0'),
('724','79','望牛墩镇','3','0'),
('725','79','洪梅镇','3','0'),
('726','79','茶山镇','3','0'),
('727','79','寮步镇','3','0'),
('728','79','大岭山镇','3','0'),
('729','79','大朗镇','3','0'),
('730','79','黄江镇','3','0'),
('731','79','樟木头','3','0'),
('732','79','凤岗镇','3','0'),
('733','79','塘厦镇','3','0'),
('734','79','谢岗镇','3','0'),
('735','79','厚街镇','3','0'),
('736','79','清溪镇','3','0'),
('737','79','常平镇','3','0'),
('738','79','桥头镇','3','0'),
('739','79','横沥镇','3','0'),
('740','79','东坑镇','3','0'),
('741','79','企石镇','3','0'),
('742','79','石排镇','3','0'),
('743','79','长安镇','3','0'),
('744','79','中堂镇','3','0'),
('745','79','高埗镇','3','0'),
('746','80','禅城区','3','0'),
('747','80','南海区','3','0'),
('748','80','顺德区','3','0'),
('749','80','三水区','3','0'),
('750','80','高明区','3','0'),
('751','81','东源县','3','0'),
('752','81','和平县','3','0'),
('753','81','源城区','3','0'),
('754','81','连平县','3','0'),
('755','81','龙川县','3','0'),
('756','81','紫金县','3','0'),
('757','82','惠阳区','3','0'),
('758','82','惠城区','3','0'),
('759','82','大亚湾','3','0'),
('760','82','博罗县','3','0'),
('761','82','惠东县','3','0'),
('762','82','龙门县','3','0'),
('763','83','江海区','3','0'),
('764','83','蓬江区','3','0'),
('765','83','新会区','3','0'),
('766','83','台山市','3','0'),
('767','83','开平市','3','0'),
('768','83','鹤山市','3','0'),
('769','83','恩平市','3','0'),
('770','84','榕城区','3','0'),
('771','84','普宁市','3','0'),
('772','84','揭东县','3','0'),
('773','84','揭西县','3','0'),
('774','84','惠来县','3','0'),
('775','85','茂南区','3','0'),
('776','85','茂港区','3','0'),
('777','85','高州市','3','0'),
('778','85','化州市','3','0'),
('779','85','信宜市','3','0'),
('780','85','电白县','3','0'),
('781','86','梅县','3','0'),
('782','86','梅江区','3','0'),
('783','86','兴宁市','3','0'),
('784','86','大埔县','3','0'),
('785','86','丰顺县','3','0'),
('786','86','五华县','3','0'),
('787','86','平远县','3','0'),
('788','86','蕉岭县','3','0'),
('789','87','清城区','3','0'),
('790','87','英德市','3','0'),
('791','87','连州市','3','0'),
('792','87','佛冈县','3','0'),
('793','87','阳山县','3','0'),
('794','87','清新县','3','0'),
('795','87','连山','3','0'),
('796','87','连南','3','0'),
('797','88','南澳县','3','0'),
('798','88','潮阳区','3','0'),
('799','88','澄海区','3','0'),
('800','88','龙湖区','3','0'),
('801','88','金平区','3','0'),
('802','88','濠江区','3','0'),
('803','88','潮南区','3','0'),
('804','89','城区','3','0'),
('805','89','陆丰市','3','0'),
('806','89','海丰县','3','0'),
('807','89','陆河县','3','0'),
('808','90','曲江县','3','0'),
('809','90','浈江区','3','0'),
('810','90','武江区','3','0'),
('811','90','曲江区','3','0'),
('812','90','乐昌市','3','0'),
('813','90','南雄市','3','0'),
('814','90','始兴县','3','0'),
('815','90','仁化县','3','0'),
('816','90','翁源县','3','0'),
('817','90','新丰县','3','0'),
('818','90','乳源','3','0'),
('819','91','江城区','3','0'),
('820','91','阳春市','3','0'),
('821','91','阳西县','3','0'),
('822','91','阳东县','3','0'),
('823','92','云城区','3','0'),
('824','92','罗定市','3','0'),
('825','92','新兴县','3','0'),
('826','92','郁南县','3','0'),
('827','92','云安县','3','0'),
('828','93','赤坎区','3','0'),
('829','93','霞山区','3','0'),
('830','93','坡头区','3','0'),
('831','93','麻章区','3','0'),
('832','93','廉江市','3','0'),
('833','93','雷州市','3','0'),
('834','93','吴川市','3','0'),
('835','93','遂溪县','3','0'),
('836','93','徐闻县','3','0'),
('837','94','肇庆市','3','0'),
('838','94','高要市','3','0'),
('839','94','四会市','3','0'),
('840','94','广宁县','3','0'),
('841','94','怀集县','3','0'),
('842','94','封开县','3','0'),
('843','94','德庆县','3','0'),
('844','95','石岐街道','3','0'),
('845','95','东区街道','3','0'),
('846','95','西区街道','3','0'),
('847','95','环城街道','3','0'),
('848','95','中山港街道','3','0'),
('849','95','五桂山街道','3','0'),
('850','96','香洲区','3','0'),
('851','96','斗门区','3','0'),
('852','96','金湾区','3','0'),
('853','97','邕宁区','3','0'),
('854','97','青秀区','3','0'),
('855','97','兴宁区','3','0'),
('856','97','良庆区','3','0'),
('857','97','西乡塘区','3','0'),
('858','97','江南区','3','0'),
('859','97','武鸣县','3','0'),
('860','97','隆安县','3','0'),
('861','97','马山县','3','0'),
('862','97','上林县','3','0'),
('863','97','宾阳县','3','0'),
('864','97','横县','3','0'),
('865','98','秀峰区','3','0'),
('866','98','叠彩区','3','0'),
('867','98','象山区','3','0'),
('868','98','七星区','3','0'),
('869','98','雁山区','3','0'),
('870','98','阳朔县','3','0'),
('871','98','临桂县','3','0'),
('872','98','灵川县','3','0'),
('873','98','全州县','3','0'),
('874','98','平乐县','3','0'),
('875','98','兴安县','3','0'),
('876','98','灌阳县','3','0'),
('877','98','荔浦县','3','0'),
('878','98','资源县','3','0'),
('879','98','永福县','3','0'),
('880','98','龙胜','3','0'),
('881','98','恭城','3','0'),
('882','99','右江区','3','0'),
('883','99','凌云县','3','0'),
('884','99','平果县','3','0'),
('885','99','西林县','3','0'),
('886','99','乐业县','3','0'),
('887','99','德保县','3','0'),
('888','99','田林县','3','0'),
('889','99','田阳县','3','0'),
('890','99','靖西县','3','0'),
('891','99','田东县','3','0'),
('892','99','那坡县','3','0'),
('893','99','隆林','3','0'),
('894','100','海城区','3','0'),
('895','100','银海区','3','0'),
('896','100','铁山港区','3','0'),
('897','100','合浦县','3','0'),
('898','101','江州区','3','0'),
('899','101','凭祥市','3','0'),
('900','101','宁明县','3','0'),
('901','101','扶绥县','3','0'),
('902','101','龙州县','3','0'),
('903','101','大新县','3','0'),
('904','101','天等县','3','0'),
('905','102','港口区','3','0'),
('906','102','防城区','3','0'),
('907','102','东兴市','3','0'),
('908','102','上思县','3','0'),
('909','103','港北区','3','0'),
('910','103','港南区','3','0'),
('911','103','覃塘区','3','0'),
('912','103','桂平市','3','0'),
('913','103','平南县','3','0'),
('914','104','金城江区','3','0'),
('915','104','宜州市','3','0'),
('916','104','天峨县','3','0'),
('917','104','凤山县','3','0'),
('918','104','南丹县','3','0'),
('919','104','东兰县','3','0'),
('920','104','都安','3','0'),
('921','104','罗城','3','0'),
('922','104','巴马','3','0'),
('923','104','环江','3','0'),
('924','104','大化','3','0'),
('925','105','八步区','3','0'),
('926','105','钟山县','3','0'),
('927','105','昭平县','3','0'),
('928','105','富川','3','0'),
('929','106','兴宾区','3','0'),
('930','106','合山市','3','0'),
('931','106','象州县','3','0'),
('932','106','武宣县','3','0'),
('933','106','忻城县','3','0'),
('934','106','金秀','3','0'),
('935','107','城中区','3','0'),
('936','107','鱼峰区','3','0'),
('937','107','柳北区','3','0'),
('938','107','柳南区','3','0'),
('939','107','柳江县','3','0'),
('940','107','柳城县','3','0'),
('941','107','鹿寨县','3','0'),
('942','107','融安县','3','0'),
('943','107','融水','3','0'),
('944','107','三江','3','0'),
('945','108','钦南区','3','0'),
('946','108','钦北区','3','0'),
('947','108','灵山县','3','0'),
('948','108','浦北县','3','0'),
('949','109','万秀区','3','0'),
('950','109','蝶山区','3','0'),
('951','109','长洲区','3','0'),
('952','109','岑溪市','3','0'),
('953','109','苍梧县','3','0'),
('954','109','藤县','3','0'),
('955','109','蒙山县','3','0'),
('956','110','玉州区','3','0'),
('957','110','北流市','3','0'),
('958','110','容县','3','0'),
('959','110','陆川县','3','0'),
('960','110','博白县','3','0'),
('961','110','兴业县','3','0'),
('962','111','南明区','3','0'),
('963','111','云岩区','3','0'),
('964','111','花溪区','3','0'),
('965','111','乌当区','3','0'),
('966','111','白云区','3','0'),
('967','111','小河区','3','0'),
('968','111','金阳新区','3','0'),
('969','111','新天园区','3','0'),
('970','111','清镇市','3','0'),
('971','111','开阳县','3','0'),
('972','111','修文县','3','0'),
('973','111','息烽县','3','0'),
('974','112','西秀区','3','0'),
('975','112','关岭','3','0'),
('976','112','镇宁','3','0'),
('977','112','紫云','3','0'),
('978','112','平坝县','3','0'),
('979','112','普定县','3','0'),
('980','113','毕节市','3','0'),
('981','113','大方县','3','0'),
('982','113','黔西县','3','0'),
('983','113','金沙县','3','0'),
('984','113','织金县','3','0'),
('985','113','纳雍县','3','0'),
('986','113','赫章县','3','0'),
('987','113','威宁','3','0'),
('988','114','钟山区','3','0'),
('989','114','六枝特区','3','0'),
('990','114','水城县','3','0'),
('991','114','盘县','3','0'),
('992','115','凯里市','3','0'),
('993','115','黄平县','3','0'),
('994','115','施秉县','3','0'),
('995','115','三穗县','3','0'),
('996','115','镇远县','3','0'),
('997','115','岑巩县','3','0'),
('998','115','天柱县','3','0'),
('999','115','锦屏县','3','0'),
('1000','115','剑河县','3','0'),
('1001','115','台江县','3','0'),
('1002','115','黎平县','3','0'),
('1003','115','榕江县','3','0'),
('1004','115','从江县','3','0'),
('1005','115','雷山县','3','0'),
('1006','115','麻江县','3','0'),
('1007','115','丹寨县','3','0'),
('1008','116','都匀市','3','0'),
('1009','116','福泉市','3','0'),
('1010','116','荔波县','3','0'),
('1011','116','贵定县','3','0'),
('1012','116','瓮安县','3','0'),
('1013','116','独山县','3','0'),
('1014','116','平塘县','3','0'),
('1015','116','罗甸县','3','0'),
('1016','116','长顺县','3','0'),
('1017','116','龙里县','3','0'),
('1018','116','惠水县','3','0'),
('1019','116','三都','3','0'),
('1020','117','兴义市','3','0'),
('1021','117','兴仁县','3','0'),
('1022','117','普安县','3','0'),
('1023','117','晴隆县','3','0'),
('1024','117','贞丰县','3','0'),
('1025','117','望谟县','3','0'),
('1026','117','册亨县','3','0'),
('1027','117','安龙县','3','0'),
('1028','118','铜仁市','3','0'),
('1029','118','江口县','3','0'),
('1030','118','石阡县','3','0'),
('1031','118','思南县','3','0'),
('1032','118','德江县','3','0'),
('1033','118','玉屏','3','0'),
('1034','118','印江','3','0'),
('1035','118','沿河','3','0'),
('1036','118','松桃','3','0'),
('1037','118','万山特区','3','0'),
('1038','119','红花岗区','3','0'),
('1039','119','务川县','3','0'),
('1040','119','道真县','3','0'),
('1041','119','汇川区','3','0'),
('1042','119','赤水市','3','0'),
('1043','119','仁怀市','3','0'),
('1044','119','遵义县','3','0'),
('1045','119','桐梓县','3','0'),
('1046','119','绥阳县','3','0'),
('1047','119','正安县','3','0'),
('1048','119','凤冈县','3','0'),
('1049','119','湄潭县','3','0'),
('1050','119','余庆县','3','0'),
('1051','119','习水县','3','0'),
('1052','119','道真','3','0'),
('1053','119','务川','3','0'),
('1054','120','秀英区','3','0'),
('1055','120','龙华区','3','0'),
('1056','120','琼山区','3','0'),
('1057','120','美兰区','3','0'),
('1058','137','市区','3','0'),
('1059','137','洋浦开发区','3','0'),
('1060','137','那大镇','3','0'),
('1061','137','王五镇','3','0'),
('1062','137','雅星镇','3','0'),
('1063','137','大成镇','3','0'),
('1064','137','中和镇','3','0'),
('1065','137','峨蔓镇','3','0'),
('1066','137','南丰镇','3','0'),
('1067','137','白马井镇','3','0'),
('1068','137','兰洋镇','3','0'),
('1069','137','和庆镇','3','0'),
('1070','137','海头镇','3','0'),
('1071','137','排浦镇','3','0'),
('1072','137','东成镇','3','0'),
('1073','137','光村镇','3','0'),
('1074','137','木棠镇','3','0'),
('1075','137','新州镇','3','0'),
('1076','137','三都镇','3','0'),
('1077','137','其他','3','0'),
('1078','138','长安区','3','0'),
('1079','138','桥东区','3','0'),
('1080','138','桥西区','3','0'),
('1081','138','新华区','3','0'),
('1082','138','裕华区','3','0'),
('1083','138','井陉矿区','3','0'),
('1084','138','高新区','3','0'),
('1085','138','辛集市','3','0'),
('1086','138','藁城市','3','0'),
('1087','138','晋州市','3','0'),
('1088','138','新乐市','3','0'),
('1089','138','鹿泉市','3','0'),
('1090','138','井陉县','3','0'),
('1091','138','正定县','3','0'),
('1092','138','栾城县','3','0'),
('1093','138','行唐县','3','0'),
('1094','138','灵寿县','3','0'),
('1095','138','高邑县','3','0'),
('1096','138','深泽县','3','0'),
('1097','138','赞皇县','3','0'),
('1098','138','无极县','3','0'),
('1099','138','平山县','3','0'),
('1100','138','元氏县','3','0'),
('1101','138','赵县','3','0'),
('1102','139','新市区','3','0'),
('1103','139','南市区','3','0'),
('1104','139','北市区','3','0'),
('1105','139','涿州市','3','0'),
('1106','139','定州市','3','0'),
('1107','139','安国市','3','0'),
('1108','139','高碑店市','3','0'),
('1109','139','满城县','3','0'),
('1110','139','清苑县','3','0'),
('1111','139','涞水县','3','0'),
('1112','139','阜平县','3','0'),
('1113','139','徐水县','3','0'),
('1114','139','定兴县','3','0'),
('1115','139','唐县','3','0'),
('1116','139','高阳县','3','0'),
('1117','139','容城县','3','0'),
('1118','139','涞源县','3','0'),
('1119','139','望都县','3','0'),
('1120','139','安新县','3','0'),
('1121','139','易县','3','0'),
('1122','139','曲阳县','3','0'),
('1123','139','蠡县','3','0'),
('1124','139','顺平县','3','0'),
('1125','139','博野县','3','0'),
('1126','139','雄县','3','0'),
('1127','140','运河区','3','0'),
('1128','140','新华区','3','0'),
('1129','140','泊头市','3','0'),
('1130','140','任丘市','3','0'),
('1131','140','黄骅市','3','0'),
('1132','140','河间市','3','0'),
('1133','140','沧县','3','0'),
('1134','140','青县','3','0'),
('1135','140','东光县','3','0'),
('1136','140','海兴县','3','0'),
('1137','140','盐山县','3','0'),
('1138','140','肃宁县','3','0'),
('1139','140','南皮县','3','0'),
('1140','140','吴桥县','3','0'),
('1141','140','献县','3','0'),
('1142','140','孟村','3','0'),
('1143','141','双桥区','3','0'),
('1144','141','双滦区','3','0'),
('1145','141','鹰手营子矿区','3','0'),
('1146','141','承德县','3','0'),
('1147','141','兴隆县','3','0'),
('1148','141','平泉县','3','0'),
('1149','141','滦平县','3','0'),
('1150','141','隆化县','3','0'),
('1151','141','丰宁','3','0'),
('1152','141','宽城','3','0'),
('1153','141','围场','3','0'),
('1154','142','从台区','3','0'),
('1155','142','复兴区','3','0'),
('1156','142','邯山区','3','0'),
('1157','142','峰峰矿区','3','0'),
('1158','142','武安市','3','0'),
('1159','142','邯郸县','3','0'),
('1160','142','临漳县','3','0'),
('1161','142','成安县','3','0'),
('1162','142','大名县','3','0'),
('1163','142','涉县','3','0'),
('1164','142','磁县','3','0'),
('1165','142','肥乡县','3','0'),
('1166','142','永年县','3','0'),
('1167','142','邱县','3','0'),
('1168','142','鸡泽县','3','0'),
('1169','142','广平县','3','0'),
('1170','142','馆陶县','3','0'),
('1171','142','魏县','3','0'),
('1172','142','曲周县','3','0'),
('1173','143','桃城区','3','0'),
('1174','143','冀州市','3','0'),
('1175','143','深州市','3','0'),
('1176','143','枣强县','3','0'),
('1177','143','武邑县','3','0'),
('1178','143','武强县','3','0'),
('1179','143','饶阳县','3','0'),
('1180','143','安平县','3','0'),
('1181','143','故城县','3','0'),
('1182','143','景县','3','0'),
('1183','143','阜城县','3','0'),
('1184','144','安次区','3','0'),
('1185','144','广阳区','3','0'),
('1186','144','霸州市','3','0'),
('1187','144','三河市','3','0'),
('1188','144','固安县','3','0'),
('1189','144','永清县','3','0'),
('1190','144','香河县','3','0'),
('1191','144','大城县','3','0'),
('1192','144','文安县','3','0'),
('1193','144','大厂','3','0'),
('1194','145','海港区','3','0'),
('1195','145','山海关区','3','0'),
('1196','145','北戴河区','3','0'),
('1197','145','昌黎县','3','0'),
('1198','145','抚宁县','3','0'),
('1199','145','卢龙县','3','0'),
('1200','145','青龙','3','0'),
('1201','146','路北区','3','0'),
('1202','146','路南区','3','0'),
('1203','146','古冶区','3','0'),
('1204','146','开平区','3','0'),
('1205','146','丰南区','3','0'),
('1206','146','丰润区','3','0'),
('1207','146','遵化市','3','0'),
('1208','146','迁安市','3','0'),
('1209','146','滦县','3','0'),
('1210','146','滦南县','3','0'),
('1211','146','乐亭县','3','0'),
('1212','146','迁西县','3','0'),
('1213','146','玉田县','3','0'),
('1214','146','唐海县','3','0'),
('1215','147','桥东区','3','0'),
('1216','147','桥西区','3','0'),
('1217','147','南宫市','3','0'),
('1218','147','沙河市','3','0'),
('1219','147','邢台县','3','0'),
('1220','147','临城县','3','0'),
('1221','147','内丘县','3','0'),
('1222','147','柏乡县','3','0'),
('1223','147','隆尧县','3','0'),
('1224','147','任县','3','0'),
('1225','147','南和县','3','0'),
('1226','147','宁晋县','3','0'),
('1227','147','巨鹿县','3','0'),
('1228','147','新河县','3','0'),
('1229','147','广宗县','3','0'),
('1230','147','平乡县','3','0'),
('1231','147','威县','3','0'),
('1232','147','清河县','3','0'),
('1233','147','临西县','3','0'),
('1234','148','桥西区','3','0'),
('1235','148','桥东区','3','0'),
('1236','148','宣化区','3','0'),
('1237','148','下花园区','3','0'),
('1238','148','宣化县','3','0'),
('1239','148','张北县','3','0'),
('1240','148','康保县','3','0'),
('1241','148','沽源县','3','0'),
('1242','148','尚义县','3','0'),
('1243','148','蔚县','3','0'),
('1244','148','阳原县','3','0'),
('1245','148','怀安县','3','0'),
('1246','148','万全县','3','0'),
('1247','148','怀来县','3','0'),
('1248','148','涿鹿县','3','0'),
('1249','148','赤城县','3','0'),
('1250','148','崇礼县','3','0'),
('1251','149','金水区','3','0'),
('1252','149','邙山区','3','0'),
('1253','149','二七区','3','0'),
('1254','149','管城区','3','0'),
('1255','149','中原区','3','0'),
('1256','149','上街区','3','0'),
('1257','149','惠济区','3','0'),
('1258','149','郑东新区','3','0'),
('1259','149','经济技术开发区','3','0'),
('1260','149','高新开发区','3','0'),
('1261','149','出口加工区','3','0'),
('1262','149','巩义市','3','0'),
('1263','149','荥阳市','3','0'),
('1264','149','新密市','3','0'),
('1265','149','新郑市','3','0'),
('1266','149','登封市','3','0'),
('1267','149','中牟县','3','0'),
('1268','150','西工区','3','0'),
('1269','150','老城区','3','0'),
('1270','150','涧西区','3','0'),
('1271','150','瀍河回族区','3','0'),
('1272','150','洛龙区','3','0'),
('1273','150','吉利区','3','0'),
('1274','150','偃师市','3','0'),
('1275','150','孟津县','3','0'),
('1276','150','新安县','3','0'),
('1277','150','栾川县','3','0'),
('1278','150','嵩县','3','0'),
('1279','150','汝阳县','3','0'),
('1280','150','宜阳县','3','0'),
('1281','150','洛宁县','3','0'),
('1282','150','伊川县','3','0'),
('1283','151','鼓楼区','3','0'),
('1284','151','龙亭区','3','0'),
('1285','151','顺河回族区','3','0'),
('1286','151','金明区','3','0'),
('1287','151','禹王台区','3','0'),
('1288','151','杞县','3','0'),
('1289','151','通许县','3','0'),
('1290','151','尉氏县','3','0'),
('1291','151','开封县','3','0'),
('1292','151','兰考县','3','0'),
('1293','152','北关区','3','0'),
('1294','152','文峰区','3','0'),
('1295','152','殷都区','3','0'),
('1296','152','龙安区','3','0'),
('1297','152','林州市','3','0'),
('1298','152','安阳县','3','0'),
('1299','152','汤阴县','3','0'),
('1300','152','滑县','3','0'),
('1301','152','内黄县','3','0'),
('1302','153','淇滨区','3','0'),
('1303','153','山城区','3','0'),
('1304','153','鹤山区','3','0'),
('1305','153','浚县','3','0'),
('1306','153','淇县','3','0'),
('1307','154','济源市','3','0'),
('1308','155','解放区','3','0'),
('1309','155','中站区','3','0'),
('1310','155','马村区','3','0'),
('1311','155','山阳区','3','0'),
('1312','155','沁阳市','3','0'),
('1313','155','孟州市','3','0'),
('1314','155','修武县','3','0'),
('1315','155','博爱县','3','0'),
('1316','155','武陟县','3','0'),
('1317','155','温县','3','0'),
('1318','156','卧龙区','3','0'),
('1319','156','宛城区','3','0'),
('1320','156','邓州市','3','0'),
('1321','156','南召县','3','0'),
('1322','156','方城县','3','0'),
('1323','156','西峡县','3','0'),
('1324','156','镇平县','3','0'),
('1325','156','内乡县','3','0'),
('1326','156','淅川县','3','0'),
('1327','156','社旗县','3','0'),
('1328','156','唐河县','3','0'),
('1329','156','新野县','3','0'),
('1330','156','桐柏县','3','0'),
('1331','157','新华区','3','0'),
('1332','157','卫东区','3','0'),
('1333','157','湛河区','3','0'),
('1334','157','石龙区','3','0'),
('1335','157','舞钢市','3','0'),
('1336','157','汝州市','3','0'),
('1337','157','宝丰县','3','0'),
('1338','157','叶县','3','0'),
('1339','157','鲁山县','3','0'),
('1340','157','郏县','3','0'),
('1341','158','湖滨区','3','0'),
('1342','158','义马市','3','0'),
('1343','158','灵宝市','3','0'),
('1344','158','渑池县','3','0'),
('1345','158','陕县','3','0'),
('1346','158','卢氏县','3','0'),
('1347','159','梁园区','3','0'),
('1348','159','睢阳区','3','0'),
('1349','159','永城市','3','0'),
('1350','159','民权县','3','0'),
('1351','159','睢县','3','0'),
('1352','159','宁陵县','3','0'),
('1353','159','虞城县','3','0'),
('1354','159','柘城县','3','0'),
('1355','159','夏邑县','3','0'),
('1356','160','卫滨区','3','0'),
('1357','160','红旗区','3','0'),
('1358','160','凤泉区','3','0'),
('1359','160','牧野区','3','0'),
('1360','160','卫辉市','3','0'),
('1361','160','辉县市','3','0'),
('1362','160','新乡县','3','0'),
('1363','160','获嘉县','3','0'),
('1364','160','原阳县','3','0'),
('1365','160','延津县','3','0'),
('1366','160','封丘县','3','0'),
('1367','160','长垣县','3','0'),
('1368','161','浉河区','3','0'),
('1369','161','平桥区','3','0'),
('1370','161','罗山县','3','0'),
('1371','161','光山县','3','0'),
('1372','161','新县','3','0'),
('1373','161','商城县','3','0'),
('1374','161','固始县','3','0'),
('1375','161','潢川县','3','0'),
('1376','161','淮滨县','3','0'),
('1377','161','息县','3','0'),
('1378','162','魏都区','3','0'),
('1379','162','禹州市','3','0'),
('1380','162','长葛市','3','0'),
('1381','162','许昌县','3','0'),
('1382','162','鄢陵县','3','0'),
('1383','162','襄城县','3','0'),
('1384','163','川汇区','3','0'),
('1385','163','项城市','3','0'),
('1386','163','扶沟县','3','0'),
('1387','163','西华县','3','0'),
('1388','163','商水县','3','0'),
('1389','163','沈丘县','3','0'),
('1390','163','郸城县','3','0'),
('1391','163','淮阳县','3','0'),
('1392','163','太康县','3','0'),
('1393','163','鹿邑县','3','0'),
('1394','164','驿城区','3','0'),
('1395','164','西平县','3','0'),
('1396','164','上蔡县','3','0'),
('1397','164','平舆县','3','0'),
('1398','164','正阳县','3','0'),
('1399','164','确山县','3','0'),
('1400','164','泌阳县','3','0'),
('1401','164','汝南县','3','0'),
('1402','164','遂平县','3','0'),
('1403','164','新蔡县','3','0'),
('1404','165','郾城区','3','0'),
('1405','165','源汇区','3','0'),
('1406','165','召陵区','3','0'),
('1407','165','舞阳县','3','0'),
('1408','165','临颍县','3','0'),
('1409','166','华龙区','3','0'),
('1410','166','清丰县','3','0'),
('1411','166','南乐县','3','0'),
('1412','166','范县','3','0'),
('1413','166','台前县','3','0'),
('1414','166','濮阳县','3','0'),
('1415','167','道里区','3','0'),
('1416','167','南岗区','3','0'),
('1417','167','动力区','3','0'),
('1418','167','平房区','3','0'),
('1419','167','香坊区','3','0'),
('1420','167','太平区','3','0'),
('1421','167','道外区','3','0'),
('1422','167','阿城区','3','0'),
('1423','167','呼兰区','3','0'),
('1424','167','松北区','3','0'),
('1425','167','尚志市','3','0'),
('1426','167','双城市','3','0'),
('1427','167','五常市','3','0'),
('1428','167','方正县','3','0'),
('1429','167','宾县','3','0'),
('1430','167','依兰县','3','0'),
('1431','167','巴彦县','3','0'),
('1432','167','通河县','3','0'),
('1433','167','木兰县','3','0'),
('1434','167','延寿县','3','0'),
('1435','168','萨尔图区','3','0'),
('1436','168','红岗区','3','0'),
('1437','168','龙凤区','3','0'),
('1438','168','让胡路区','3','0'),
('1439','168','大同区','3','0'),
('1440','168','肇州县','3','0'),
('1441','168','肇源县','3','0'),
('1442','168','林甸县','3','0'),
('1443','168','杜尔伯特','3','0'),
('1444','169','呼玛县','3','0'),
('1445','169','漠河县','3','0'),
('1446','169','塔河县','3','0'),
('1447','170','兴山区','3','0'),
('1448','170','工农区','3','0'),
('1449','170','南山区','3','0'),
('1450','170','兴安区','3','0'),
('1451','170','向阳区','3','0'),
('1452','170','东山区','3','0'),
('1453','170','萝北县','3','0'),
('1454','170','绥滨县','3','0'),
('1455','171','爱辉区','3','0'),
('1456','171','五大连池市','3','0'),
('1457','171','北安市','3','0'),
('1458','171','嫩江县','3','0'),
('1459','171','逊克县','3','0'),
('1460','171','孙吴县','3','0'),
('1461','172','鸡冠区','3','0'),
('1462','172','恒山区','3','0'),
('1463','172','城子河区','3','0'),
('1464','172','滴道区','3','0'),
('1465','172','梨树区','3','0'),
('1466','172','虎林市','3','0'),
('1467','172','密山市','3','0'),
('1468','172','鸡东县','3','0'),
('1469','173','前进区','3','0'),
('1470','173','郊区','3','0'),
('1471','173','向阳区','3','0'),
('1472','173','东风区','3','0'),
('1473','173','同江市','3','0'),
('1474','173','富锦市','3','0'),
('1475','173','桦南县','3','0'),
('1476','173','桦川县','3','0'),
('1477','173','汤原县','3','0'),
('1478','173','抚远县','3','0'),
('1479','174','爱民区','3','0'),
('1480','174','东安区','3','0'),
('1481','174','阳明区','3','0'),
('1482','174','西安区','3','0'),
('1483','174','绥芬河市','3','0'),
('1484','174','海林市','3','0'),
('1485','174','宁安市','3','0'),
('1486','174','穆棱市','3','0'),
('1487','174','东宁县','3','0'),
('1488','174','林口县','3','0'),
('1489','175','桃山区','3','0'),
('1490','175','新兴区','3','0'),
('1491','175','茄子河区','3','0'),
('1492','175','勃利县','3','0'),
('1493','176','龙沙区','3','0'),
('1494','176','昂昂溪区','3','0'),
('1495','176','铁峰区','3','0'),
('1496','176','建华区','3','0'),
('1497','176','富拉尔基区','3','0'),
('1498','176','碾子山区','3','0'),
('1499','176','梅里斯达斡尔区','3','0'),
('1500','176','讷河市','3','0'),
('1501','176','龙江县','3','0'),
('1502','176','依安县','3','0'),
('1503','176','泰来县','3','0'),
('1504','176','甘南县','3','0'),
('1505','176','富裕县','3','0'),
('1506','176','克山县','3','0'),
('1507','176','克东县','3','0'),
('1508','176','拜泉县','3','0'),
('1509','177','尖山区','3','0'),
('1510','177','岭东区','3','0'),
('1511','177','四方台区','3','0'),
('1512','177','宝山区','3','0'),
('1513','177','集贤县','3','0'),
('1514','177','友谊县','3','0'),
('1515','177','宝清县','3','0'),
('1516','177','饶河县','3','0'),
('1517','178','北林区','3','0'),
('1518','178','安达市','3','0'),
('1519','178','肇东市','3','0'),
('1520','178','海伦市','3','0'),
('1521','178','望奎县','3','0'),
('1522','178','兰西县','3','0'),
('1523','178','青冈县','3','0'),
('1524','178','庆安县','3','0'),
('1525','178','明水县','3','0'),
('1526','178','绥棱县','3','0'),
('1527','179','伊春区','3','0'),
('1528','179','带岭区','3','0'),
('1529','179','南岔区','3','0'),
('1530','179','金山屯区','3','0'),
('1531','179','西林区','3','0'),
('1532','179','美溪区','3','0'),
('1533','179','乌马河区','3','0'),
('1534','179','翠峦区','3','0'),
('1535','179','友好区','3','0'),
('1536','179','上甘岭区','3','0'),
('1537','179','五营区','3','0'),
('1538','179','红星区','3','0'),
('1539','179','新青区','3','0'),
('1540','179','汤旺河区','3','0'),
('1541','179','乌伊岭区','3','0'),
('1542','179','铁力市','3','0'),
('1543','179','嘉荫县','3','0'),
('1544','180','江岸区','3','0'),
('1545','180','武昌区','3','0'),
('1546','180','江汉区','3','0'),
('1547','180','硚口区','3','0'),
('1548','180','汉阳区','3','0'),
('1549','180','青山区','3','0'),
('1550','180','洪山区','3','0'),
('1551','180','东西湖区','3','0'),
('1552','180','汉南区','3','0'),
('1553','180','蔡甸区','3','0'),
('1554','180','江夏区','3','0'),
('1555','180','黄陂区','3','0'),
('1556','180','新洲区','3','0'),
('1557','180','经济开发区','3','0'),
('1558','181','仙桃市','3','0'),
('1559','182','鄂城区','3','0'),
('1560','182','华容区','3','0'),
('1561','182','梁子湖区','3','0'),
('1562','183','黄州区','3','0'),
('1563','183','麻城市','3','0'),
('1564','183','武穴市','3','0'),
('1565','183','团风县','3','0'),
('1566','183','红安县','3','0'),
('1567','183','罗田县','3','0'),
('1568','183','英山县','3','0'),
('1569','183','浠水县','3','0'),
('1570','183','蕲春县','3','0'),
('1571','183','黄梅县','3','0'),
('1572','184','黄石港区','3','0'),
('1573','184','西塞山区','3','0'),
('1574','184','下陆区','3','0'),
('1575','184','铁山区','3','0'),
('1576','184','大冶市','3','0'),
('1577','184','阳新县','3','0'),
('1578','185','东宝区','3','0'),
('1579','185','掇刀区','3','0'),
('1580','185','钟祥市','3','0'),
('1581','185','京山县','3','0'),
('1582','185','沙洋县','3','0'),
('1583','186','沙市区','3','0'),
('1584','186','荆州区','3','0'),
('1585','186','石首市','3','0'),
('1586','186','洪湖市','3','0'),
('1587','186','松滋市','3','0'),
('1588','186','公安县','3','0'),
('1589','186','监利县','3','0'),
('1590','186','江陵县','3','0'),
('1591','187','潜江市','3','0'),
('1592','188','神农架林区','3','0'),
('1593','189','张湾区','3','0'),
('1594','189','茅箭区','3','0'),
('1595','189','丹江口市','3','0'),
('1596','189','郧县','3','0'),
('1597','189','郧西县','3','0'),
('1598','189','竹山县','3','0'),
('1599','189','竹溪县','3','0'),
('1600','189','房县','3','0'),
('1601','190','曾都区','3','0'),
('1602','190','广水市','3','0'),
('1603','191','天门市','3','0'),
('1604','192','咸安区','3','0'),
('1605','192','赤壁市','3','0'),
('1606','192','嘉鱼县','3','0'),
('1607','192','通城县','3','0'),
('1608','192','崇阳县','3','0'),
('1609','192','通山县','3','0'),
('1610','193','襄城区','3','0'),
('1611','193','樊城区','3','0'),
('1612','193','襄阳区','3','0'),
('1613','193','老河口市','3','0'),
('1614','193','枣阳市','3','0'),
('1615','193','宜城市','3','0'),
('1616','193','南漳县','3','0'),
('1617','193','谷城县','3','0'),
('1618','193','保康县','3','0'),
('1619','194','孝南区','3','0'),
('1620','194','应城市','3','0'),
('1621','194','安陆市','3','0'),
('1622','194','汉川市','3','0'),
('1623','194','孝昌县','3','0'),
('1624','194','大悟县','3','0'),
('1625','194','云梦县','3','0'),
('1626','195','长阳','3','0'),
('1627','195','五峰','3','0'),
('1628','195','西陵区','3','0'),
('1629','195','伍家岗区','3','0'),
('1630','195','点军区','3','0'),
('1631','195','猇亭区','3','0'),
('1632','195','夷陵区','3','0'),
('1633','195','宜都市','3','0'),
('1634','195','当阳市','3','0'),
('1635','195','枝江市','3','0'),
('1636','195','远安县','3','0'),
('1637','195','兴山县','3','0'),
('1638','195','秭归县','3','0'),
('1639','196','恩施市','3','0'),
('1640','196','利川市','3','0'),
('1641','196','建始县','3','0'),
('1642','196','巴东县','3','0'),
('1643','196','宣恩县','3','0'),
('1644','196','咸丰县','3','0'),
('1645','196','来凤县','3','0'),
('1646','196','鹤峰县','3','0'),
('1647','197','岳麓区','3','0'),
('1648','197','芙蓉区','3','0'),
('1649','197','天心区','3','0'),
('1650','197','开福区','3','0'),
('1651','197','雨花区','3','0'),
('1652','197','开发区','3','0'),
('1653','197','浏阳市','3','0'),
('1654','197','长沙县','3','0'),
('1655','197','望城县','3','0'),
('1656','197','宁乡县','3','0'),
('1657','198','永定区','3','0'),
('1658','198','武陵源区','3','0'),
('1659','198','慈利县','3','0'),
('1660','198','桑植县','3','0'),
('1661','199','武陵区','3','0'),
('1662','199','鼎城区','3','0'),
('1663','199','津市市','3','0'),
('1664','199','安乡县','3','0'),
('1665','199','汉寿县','3','0'),
('1666','199','澧县','3','0'),
('1667','199','临澧县','3','0'),
('1668','199','桃源县','3','0'),
('1669','199','石门县','3','0'),
('1670','200','北湖区','3','0'),
('1671','200','苏仙区','3','0'),
('1672','200','资兴市','3','0'),
('1673','200','桂阳县','3','0'),
('1674','200','宜章县','3','0'),
('1675','200','永兴县','3','0'),
('1676','200','嘉禾县','3','0'),
('1677','200','临武县','3','0'),
('1678','200','汝城县','3','0'),
('1679','200','桂东县','3','0'),
('1680','200','安仁县','3','0'),
('1681','201','雁峰区','3','0'),
('1682','201','珠晖区','3','0'),
('1683','201','石鼓区','3','0'),
('1684','201','蒸湘区','3','0'),
('1685','201','南岳区','3','0'),
('1686','201','耒阳市','3','0'),
('1687','201','常宁市','3','0'),
('1688','201','衡阳县','3','0'),
('1689','201','衡南县','3','0'),
('1690','201','衡山县','3','0'),
('1691','201','衡东县','3','0'),
('1692','201','祁东县','3','0'),
('1693','202','鹤城区','3','0'),
('1694','202','靖州','3','0'),
('1695','202','麻阳','3','0'),
('1696','202','通道','3','0'),
('1697','202','新晃','3','0'),
('1698','202','芷江','3','0'),
('1699','202','沅陵县','3','0'),
('1700','202','辰溪县','3','0'),
('1701','202','溆浦县','3','0'),
('1702','202','中方县','3','0'),
('1703','202','会同县','3','0'),
('1704','202','洪江市','3','0'),
('1705','203','娄星区','3','0'),
('1706','203','冷水江市','3','0'),
('1707','203','涟源市','3','0'),
('1708','203','双峰县','3','0'),
('1709','203','新化县','3','0'),
('1710','204','城步','3','0'),
('1711','204','双清区','3','0'),
('1712','204','大祥区','3','0'),
('1713','204','北塔区','3','0'),
('1714','204','武冈市','3','0'),
('1715','204','邵东县','3','0'),
('1716','204','新邵县','3','0'),
('1717','204','邵阳县','3','0'),
('1718','204','隆回县','3','0'),
('1719','204','洞口县','3','0'),
('1720','204','绥宁县','3','0'),
('1721','204','新宁县','3','0'),
('1722','205','岳塘区','3','0'),
('1723','205','雨湖区','3','0'),
('1724','205','湘乡市','3','0'),
('1725','205','韶山市','3','0'),
('1726','205','湘潭县','3','0'),
('1727','206','吉首市','3','0'),
('1728','206','泸溪县','3','0'),
('1729','206','凤凰县','3','0'),
('1730','206','花垣县','3','0'),
('1731','206','保靖县','3','0'),
('1732','206','古丈县','3','0'),
('1733','206','永顺县','3','0'),
('1734','206','龙山县','3','0'),
('1735','207','赫山区','3','0'),
('1736','207','资阳区','3','0'),
('1737','207','沅江市','3','0'),
('1738','207','南县','3','0'),
('1739','207','桃江县','3','0'),
('1740','207','安化县','3','0'),
('1741','208','江华','3','0'),
('1742','208','冷水滩区','3','0'),
('1743','208','零陵区','3','0'),
('1744','208','祁阳县','3','0'),
('1745','208','东安县','3','0'),
('1746','208','双牌县','3','0'),
('1747','208','道县','3','0'),
('1748','208','江永县','3','0'),
('1749','208','宁远县','3','0'),
('1750','208','蓝山县','3','0'),
('1751','208','新田县','3','0'),
('1752','209','岳阳楼区','3','0'),
('1753','209','君山区','3','0'),
('1754','209','云溪区','3','0'),
('1755','209','汨罗市','3','0'),
('1756','209','临湘市','3','0'),
('1757','209','岳阳县','3','0'),
('1758','209','华容县','3','0'),
('1759','209','湘阴县','3','0'),
('1760','209','平江县','3','0'),
('1761','210','天元区','3','0'),
('1762','210','荷塘区','3','0'),
('1763','210','芦淞区','3','0'),
('1764','210','石峰区','3','0'),
('1765','210','醴陵市','3','0'),
('1766','210','株洲县','3','0'),
('1767','210','攸县','3','0'),
('1768','210','茶陵县','3','0'),
('1769','210','炎陵县','3','0'),
('1770','211','朝阳区','3','0'),
('1771','211','宽城区','3','0'),
('1772','211','二道区','3','0'),
('1773','211','南关区','3','0'),
('1774','211','绿园区','3','0'),
('1775','211','双阳区','3','0'),
('1776','211','净月潭开发区','3','0'),
('1777','211','高新技术开发区','3','0'),
('1778','211','经济技术开发区','3','0'),
('1779','211','汽车产业开发区','3','0'),
('1780','211','德惠市','3','0'),
('1781','211','九台市','3','0'),
('1782','211','榆树市','3','0'),
('1783','211','农安县','3','0'),
('1784','212','船营区','3','0'),
('1785','212','昌邑区','3','0'),
('1786','212','龙潭区','3','0'),
('1787','212','丰满区','3','0'),
('1788','212','蛟河市','3','0'),
('1789','212','桦甸市','3','0'),
('1790','212','舒兰市','3','0'),
('1791','212','磐石市','3','0'),
('1792','212','永吉县','3','0'),
('1793','213','洮北区','3','0'),
('1794','213','洮南市','3','0'),
('1795','213','大安市','3','0'),
('1796','213','镇赉县','3','0'),
('1797','213','通榆县','3','0'),
('1798','214','江源区','3','0'),
('1799','214','八道江区','3','0'),
('1800','214','长白','3','0'),
('1801','214','临江市','3','0'),
('1802','214','抚松县','3','0'),
('1803','214','靖宇县','3','0'),
('1804','215','龙山区','3','0'),
('1805','215','西安区','3','0'),
('1806','215','东丰县','3','0'),
('1807','215','东辽县','3','0'),
('1808','216','铁西区','3','0'),
('1809','216','铁东区','3','0'),
('1810','216','伊通','3','0'),
('1811','216','公主岭市','3','0'),
('1812','216','双辽市','3','0'),
('1813','216','梨树县','3','0'),
('1814','217','前郭尔罗斯','3','0'),
('1815','217','宁江区','3','0'),
('1816','217','长岭县','3','0'),
('1817','217','乾安县','3','0'),
('1818','217','扶余县','3','0'),
('1819','218','东昌区','3','0'),
('1820','218','二道江区','3','0'),
('1821','218','梅河口市','3','0'),
('1822','218','集安市','3','0'),
('1823','218','通化县','3','0'),
('1824','218','辉南县','3','0'),
('1825','218','柳河县','3','0'),
('1826','219','延吉市','3','0'),
('1827','219','图们市','3','0'),
('1828','219','敦化市','3','0'),
('1829','219','珲春市','3','0'),
('1830','219','龙井市','3','0'),
('1831','219','和龙市','3','0'),
('1832','219','安图县','3','0'),
('1833','219','汪清县','3','0'),
('1834','220','玄武区','3','0'),
('1835','220','鼓楼区','3','0'),
('1836','220','白下区','3','0'),
('1837','220','建邺区','3','0'),
('1838','220','秦淮区','3','0'),
('1839','220','雨花台区','3','0'),
('1840','220','下关区','3','0'),
('1841','220','栖霞区','3','0'),
('1842','220','浦口区','3','0'),
('1843','220','江宁区','3','0'),
('1844','220','六合区','3','0'),
('1845','220','溧水县','3','0'),
('1846','220','高淳县','3','0'),
('1847','221','沧浪区','3','0'),
('1848','221','金阊区','3','0'),
('1849','221','平江区','3','0'),
('1850','221','虎丘区','3','0'),
('1851','221','吴中区','3','0'),
('1852','221','相城区','3','0'),
('1853','221','园区','3','0'),
('1854','221','新区','3','0'),
('1855','221','常熟市','3','0'),
('1856','221','张家港市','3','0'),
('1857','221','玉山镇','3','0'),
('1858','221','巴城镇','3','0'),
('1859','221','周市镇','3','0'),
('1860','221','陆家镇','3','0'),
('1861','221','花桥镇','3','0'),
('1862','221','淀山湖镇','3','0'),
('1863','221','张浦镇','3','0'),
('1864','221','周庄镇','3','0'),
('1865','221','千灯镇','3','0'),
('1866','221','锦溪镇','3','0'),
('1867','221','开发区','3','0'),
('1868','221','吴江市','3','0'),
('1869','221','太仓市','3','0'),
('1870','222','崇安区','3','0'),
('1871','222','北塘区','3','0'),
('1872','222','南长区','3','0'),
('1873','222','锡山区','3','0'),
('1874','222','惠山区','3','0'),
('1875','222','滨湖区','3','0'),
('1876','222','新区','3','0'),
('1877','222','江阴市','3','0'),
('1878','222','宜兴市','3','0'),
('1879','223','天宁区','3','0'),
('1880','223','钟楼区','3','0'),
('1881','223','戚墅堰区','3','0'),
('1882','223','郊区','3','0'),
('1883','223','新北区','3','0'),
('1884','223','武进区','3','0'),
('1885','223','溧阳市','3','0'),
('1886','223','金坛市','3','0'),
('1887','224','清河区','3','0'),
('1888','224','清浦区','3','0'),
('1889','224','楚州区','3','0'),
('1890','224','淮阴区','3','0'),
('1891','224','涟水县','3','0'),
('1892','224','洪泽县','3','0'),
('1893','224','盱眙县','3','0'),
('1894','224','金湖县','3','0'),
('1895','225','新浦区','3','0'),
('1896','225','连云区','3','0'),
('1897','225','海州区','3','0'),
('1898','225','赣榆县','3','0'),
('1899','225','东海县','3','0'),
('1900','225','灌云县','3','0'),
('1901','225','灌南县','3','0'),
('1902','226','崇川区','3','0'),
('1903','226','港闸区','3','0'),
('1904','226','经济开发区','3','0'),
('1905','226','启东市','3','0'),
('1906','226','如皋市','3','0'),
('1907','226','通州市','3','0'),
('1908','226','海门市','3','0'),
('1909','226','海安县','3','0'),
('1910','226','如东县','3','0'),
('1911','227','宿城区','3','0'),
('1912','227','宿豫区','3','0'),
('1913','227','宿豫县','3','0'),
('1914','227','沭阳县','3','0'),
('1915','227','泗阳县','3','0'),
('1916','227','泗洪县','3','0'),
('1917','228','海陵区','3','0'),
('1918','228','高港区','3','0'),
('1919','228','兴化市','3','0'),
('1920','228','靖江市','3','0'),
('1921','228','泰兴市','3','0'),
('1922','228','姜堰市','3','0'),
('1923','229','云龙区','3','0'),
('1924','229','鼓楼区','3','0'),
('1925','229','九里区','3','0'),
('1926','229','贾汪区','3','0'),
('1927','229','泉山区','3','0'),
('1928','229','新沂市','3','0'),
('1929','229','邳州市','3','0'),
('1930','229','丰县','3','0'),
('1931','229','沛县','3','0'),
('1932','229','铜山县','3','0'),
('1933','229','睢宁县','3','0'),
('1934','230','城区','3','0'),
('1935','230','亭湖区','3','0'),
('1936','230','盐都区','3','0'),
('1937','230','盐都县','3','0'),
('1938','230','东台市','3','0'),
('1939','230','大丰市','3','0'),
('1940','230','响水县','3','0'),
('1941','230','滨海县','3','0'),
('1942','230','阜宁县','3','0'),
('1943','230','射阳县','3','0'),
('1944','230','建湖县','3','0'),
('1945','231','广陵区','3','0'),
('1946','231','维扬区','3','0'),
('1947','231','邗江区','3','0'),
('1948','231','仪征市','3','0'),
('1949','231','高邮市','3','0'),
('1950','231','江都市','3','0'),
('1951','231','宝应县','3','0'),
('1952','232','京口区','3','0'),
('1953','232','润州区','3','0'),
('1954','232','丹徒区','3','0'),
('1955','232','丹阳市','3','0'),
('1956','232','扬中市','3','0'),
('1957','232','句容市','3','0'),
('1958','233','东湖区','3','0'),
('1959','233','西湖区','3','0'),
('1960','233','青云谱区','3','0'),
('1961','233','湾里区','3','0'),
('1962','233','青山湖区','3','0'),
('1963','233','红谷滩新区','3','0'),
('1964','233','昌北区','3','0'),
('1965','233','高新区','3','0'),
('1966','233','南昌县','3','0'),
('1967','233','新建县','3','0'),
('1968','233','安义县','3','0'),
('1969','233','进贤县','3','0'),
('1970','234','临川区','3','0'),
('1971','234','南城县','3','0'),
('1972','234','黎川县','3','0'),
('1973','234','南丰县','3','0'),
('1974','234','崇仁县','3','0'),
('1975','234','乐安县','3','0'),
('1976','234','宜黄县','3','0'),
('1977','234','金溪县','3','0'),
('1978','234','资溪县','3','0'),
('1979','234','东乡县','3','0'),
('1980','234','广昌县','3','0'),
('1981','235','章贡区','3','0'),
('1982','235','于都县','3','0'),
('1983','235','瑞金市','3','0'),
('1984','235','南康市','3','0'),
('1985','235','赣县','3','0'),
('1986','235','信丰县','3','0'),
('1987','235','大余县','3','0'),
('1988','235','上犹县','3','0'),
('1989','235','崇义县','3','0'),
('1990','235','安远县','3','0'),
('1991','235','龙南县','3','0'),
('1992','235','定南县','3','0'),
('1993','235','全南县','3','0'),
('1994','235','宁都县','3','0'),
('1995','235','兴国县','3','0'),
('1996','235','会昌县','3','0'),
('1997','235','寻乌县','3','0'),
('1998','235','石城县','3','0'),
('1999','236','安福县','3','0'),
('2000','236','吉州区','3','0'),
('2001','236','青原区','3','0'),
('2002','236','井冈山市','3','0'),
('2003','236','吉安县','3','0'),
('2004','236','吉水县','3','0'),
('2005','236','峡江县','3','0'),
('2006','236','新干县','3','0'),
('2007','236','永丰县','3','0'),
('2008','236','泰和县','3','0'),
('2009','236','遂川县','3','0'),
('2010','236','万安县','3','0'),
('2011','236','永新县','3','0'),
('2012','237','珠山区','3','0'),
('2013','237','昌江区','3','0'),
('2014','237','乐平市','3','0'),
('2015','237','浮梁县','3','0'),
('2016','238','浔阳区','3','0'),
('2017','238','庐山区','3','0'),
('2018','238','瑞昌市','3','0'),
('2019','238','九江县','3','0'),
('2020','238','武宁县','3','0'),
('2021','238','修水县','3','0'),
('2022','238','永修县','3','0'),
('2023','238','德安县','3','0'),
('2024','238','星子县','3','0'),
('2025','238','都昌县','3','0'),
('2026','238','湖口县','3','0'),
('2027','238','彭泽县','3','0'),
('2028','239','安源区','3','0'),
('2029','239','湘东区','3','0'),
('2030','239','莲花县','3','0'),
('2031','239','芦溪县','3','0'),
('2032','239','上栗县','3','0'),
('2033','240','信州区','3','0'),
('2034','240','德兴市','3','0'),
('2035','240','上饶县','3','0'),
('2036','240','广丰县','3','0'),
('2037','240','玉山县','3','0'),
('2038','240','铅山县','3','0'),
('2039','240','横峰县','3','0'),
('2040','240','弋阳县','3','0'),
('2041','240','余干县','3','0'),
('2042','240','波阳县','3','0'),
('2043','240','万年县','3','0'),
('2044','240','婺源县','3','0'),
('2045','241','渝水区','3','0'),
('2046','241','分宜县','3','0'),
('2047','242','袁州区','3','0'),
('2048','242','丰城市','3','0'),
('2049','242','樟树市','3','0'),
('2050','242','高安市','3','0'),
('2051','242','奉新县','3','0'),
('2052','242','万载县','3','0'),
('2053','242','上高县','3','0'),
('2054','242','宜丰县','3','0'),
('2055','242','靖安县','3','0'),
('2056','242','铜鼓县','3','0'),
('2057','243','月湖区','3','0'),
('2058','243','贵溪市','3','0'),
('2059','243','余江县','3','0'),
('2060','244','沈河区','3','0'),
('2061','244','皇姑区','3','0'),
('2062','244','和平区','3','0'),
('2063','244','大东区','3','0'),
('2064','244','铁西区','3','0'),
('2065','244','苏家屯区','3','0'),
('2066','244','东陵区','3','0'),
('2067','244','沈北新区','3','0'),
('2068','244','于洪区','3','0'),
('2069','244','浑南新区','3','0'),
('2070','244','新民市','3','0'),
('2071','244','辽中县','3','0'),
('2072','244','康平县','3','0'),
('2073','244','法库县','3','0'),
('2074','245','西岗区','3','0'),
('2075','245','中山区','3','0'),
('2076','245','沙河口区','3','0'),
('2077','245','甘井子区','3','0'),
('2078','245','旅顺口区','3','0'),
('2079','245','金州区','3','0'),
('2080','245','开发区','3','0'),
('2081','245','瓦房店市','3','0'),
('2082','245','普兰店市','3','0'),
('2083','245','庄河市','3','0'),
('2084','245','长海县','3','0'),
('2085','246','铁东区','3','0'),
('2086','246','铁西区','3','0'),
('2087','246','立山区','3','0'),
('2088','246','千山区','3','0'),
('2089','246','岫岩','3','0'),
('2090','246','海城市','3','0'),
('2091','246','台安县','3','0'),
('2092','247','本溪','3','0'),
('2093','247','平山区','3','0'),
('2094','247','明山区','3','0'),
('2095','247','溪湖区','3','0'),
('2096','247','南芬区','3','0'),
('2097','247','桓仁','3','0'),
('2098','248','双塔区','3','0'),
('2099','248','龙城区','3','0'),
('2100','248','喀喇沁左翼蒙古族自治县','3','0'),
('2101','248','北票市','3','0'),
('2102','248','凌源市','3','0'),
('2103','248','朝阳县','3','0'),
('2104','248','建平县','3','0'),
('2105','249','振兴区','3','0'),
('2106','249','元宝区','3','0'),
('2107','249','振安区','3','0'),
('2108','249','宽甸','3','0'),
('2109','249','东港市','3','0'),
('2110','249','凤城市','3','0'),
('2111','250','顺城区','3','0'),
('2112','250','新抚区','3','0'),
('2113','250','东洲区','3','0'),
('2114','250','望花区','3','0'),
('2115','250','清原','3','0'),
('2116','250','新宾','3','0'),
('2117','250','抚顺县','3','0'),
('2118','251','阜新','3','0'),
('2119','251','海州区','3','0'),
('2120','251','新邱区','3','0'),
('2121','251','太平区','3','0'),
('2122','251','清河门区','3','0'),
('2123','251','细河区','3','0'),
('2124','251','彰武县','3','0'),
('2125','252','龙港区','3','0'),
('2126','252','南票区','3','0'),
('2127','252','连山区','3','0'),
('2128','252','兴城市','3','0'),
('2129','252','绥中县','3','0'),
('2130','252','建昌县','3','0'),
('2131','253','太和区','3','0'),
('2132','253','古塔区','3','0'),
('2133','253','凌河区','3','0'),
('2134','253','凌海市','3','0'),
('2135','253','北镇市','3','0'),
('2136','253','黑山县','3','0'),
('2137','253','义县','3','0'),
('2138','254','白塔区','3','0'),
('2139','254','文圣区','3','0'),
('2140','254','宏伟区','3','0'),
('2141','254','太子河区','3','0'),
('2142','254','弓长岭区','3','0'),
('2143','254','灯塔市','3','0'),
('2144','254','辽阳县','3','0'),
('2145','255','双台子区','3','0'),
('2146','255','兴隆台区','3','0'),
('2147','255','大洼县','3','0'),
('2148','255','盘山县','3','0'),
('2149','256','银州区','3','0'),
('2150','256','清河区','3','0'),
('2151','256','调兵山市','3','0'),
('2152','256','开原市','3','0'),
('2153','256','铁岭县','3','0'),
('2154','256','西丰县','3','0'),
('2155','256','昌图县','3','0'),
('2156','257','站前区','3','0'),
('2157','257','西市区','3','0'),
('2158','257','鲅鱼圈区','3','0'),
('2159','257','老边区','3','0'),
('2160','257','盖州市','3','0'),
('2161','257','大石桥市','3','0'),
('2162','258','回民区','3','0'),
('2163','258','玉泉区','3','0'),
('2164','258','新城区','3','0'),
('2165','258','赛罕区','3','0'),
('2166','258','清水河县','3','0'),
('2167','258','土默特左旗','3','0'),
('2168','258','托克托县','3','0'),
('2169','258','和林格尔县','3','0'),
('2170','258','武川县','3','0'),
('2171','259','阿拉善左旗','3','0'),
('2172','259','阿拉善右旗','3','0'),
('2173','259','额济纳旗','3','0'),
('2174','260','临河区','3','0'),
('2175','260','五原县','3','0'),
('2176','260','磴口县','3','0'),
('2177','260','乌拉特前旗','3','0'),
('2178','260','乌拉特中旗','3','0'),
('2179','260','乌拉特后旗','3','0'),
('2180','260','杭锦后旗','3','0'),
('2181','261','昆都仑区','3','0'),
('2182','261','青山区','3','0'),
('2183','261','东河区','3','0'),
('2184','261','九原区','3','0'),
('2185','261','石拐区','3','0'),
('2186','261','白云矿区','3','0'),
('2187','261','土默特右旗','3','0'),
('2188','261','固阳县','3','0'),
('2189','261','达尔罕茂明安联合旗','3','0'),
('2190','262','红山区','3','0'),
('2191','262','元宝山区','3','0'),
('2192','262','松山区','3','0'),
('2193','262','阿鲁科尔沁旗','3','0'),
('2194','262','巴林左旗','3','0'),
('2195','262','巴林右旗','3','0'),
('2196','262','林西县','3','0'),
('2197','262','克什克腾旗','3','0'),
('2198','262','翁牛特旗','3','0'),
('2199','262','喀喇沁旗','3','0'),
('2200','262','宁城县','3','0'),
('2201','262','敖汉旗','3','0'),
('2202','263','东胜区','3','0'),
('2203','263','达拉特旗','3','0'),
('2204','263','准格尔旗','3','0'),
('2205','263','鄂托克前旗','3','0'),
('2206','263','鄂托克旗','3','0'),
('2207','263','杭锦旗','3','0'),
('2208','263','乌审旗','3','0'),
('2209','263','伊金霍洛旗','3','0'),
('2210','264','海拉尔区','3','0'),
('2211','264','莫力达瓦','3','0'),
('2212','264','满洲里市','3','0'),
('2213','264','牙克石市','3','0'),
('2214','264','扎兰屯市','3','0'),
('2215','264','额尔古纳市','3','0'),
('2216','264','根河市','3','0'),
('2217','264','阿荣旗','3','0'),
('2218','264','鄂伦春自治旗','3','0'),
('2219','264','鄂温克族自治旗','3','0'),
('2220','264','陈巴尔虎旗','3','0'),
('2221','264','新巴尔虎左旗','3','0'),
('2222','264','新巴尔虎右旗','3','0'),
('2223','265','科尔沁区','3','0'),
('2224','265','霍林郭勒市','3','0'),
('2225','265','科尔沁左翼中旗','3','0'),
('2226','265','科尔沁左翼后旗','3','0'),
('2227','265','开鲁县','3','0'),
('2228','265','库伦旗','3','0'),
('2229','265','奈曼旗','3','0'),
('2230','265','扎鲁特旗','3','0'),
('2231','266','海勃湾区','3','0'),
('2232','266','乌达区','3','0'),
('2233','266','海南区','3','0'),
('2234','267','化德县','3','0'),
('2235','267','集宁区','3','0'),
('2236','267','丰镇市','3','0'),
('2237','267','卓资县','3','0'),
('2238','267','商都县','3','0'),
('2239','267','兴和县','3','0'),
('2240','267','凉城县','3','0'),
('2241','267','察哈尔右翼前旗','3','0'),
('2242','267','察哈尔右翼中旗','3','0'),
('2243','267','察哈尔右翼后旗','3','0'),
('2244','267','四子王旗','3','0'),
('2245','268','二连浩特市','3','0'),
('2246','268','锡林浩特市','3','0'),
('2247','268','阿巴嘎旗','3','0'),
('2248','268','苏尼特左旗','3','0'),
('2249','268','苏尼特右旗','3','0'),
('2250','268','东乌珠穆沁旗','3','0'),
('2251','268','西乌珠穆沁旗','3','0'),
('2252','268','太仆寺旗','3','0'),
('2253','268','镶黄旗','3','0'),
('2254','268','正镶白旗','3','0'),
('2255','268','正蓝旗','3','0'),
('2256','268','多伦县','3','0'),
('2257','269','乌兰浩特市','3','0'),
('2258','269','阿尔山市','3','0'),
('2259','269','科尔沁右翼前旗','3','0'),
('2260','269','科尔沁右翼中旗','3','0'),
('2261','269','扎赉特旗','3','0'),
('2262','269','突泉县','3','0'),
('2263','270','西夏区','3','0'),
('2264','270','金凤区','3','0'),
('2265','270','兴庆区','3','0'),
('2266','270','灵武市','3','0'),
('2267','270','永宁县','3','0'),
('2268','270','贺兰县','3','0'),
('2269','271','原州区','3','0'),
('2270','271','海原县','3','0'),
('2271','271','西吉县','3','0'),
('2272','271','隆德县','3','0'),
('2273','271','泾源县','3','0'),
('2274','271','彭阳县','3','0'),
('2275','272','惠农县','3','0'),
('2276','272','大武口区','3','0'),
('2277','272','惠农区','3','0'),
('2278','272','陶乐县','3','0'),
('2279','272','平罗县','3','0'),
('2280','273','利通区','3','0'),
('2281','273','中卫县','3','0'),
('2282','273','青铜峡市','3','0'),
('2283','273','中宁县','3','0'),
('2284','273','盐池县','3','0'),
('2285','273','同心县','3','0'),
('2286','274','沙坡头区','3','0'),
('2287','274','海原县','3','0'),
('2288','274','中宁县','3','0'),
('2289','275','城中区','3','0'),
('2290','275','城东区','3','0'),
('2291','275','城西区','3','0'),
('2292','275','城北区','3','0'),
('2293','275','湟中县','3','0'),
('2294','275','湟源县','3','0'),
('2295','275','大通','3','0'),
('2296','276','玛沁县','3','0'),
('2297','276','班玛县','3','0'),
('2298','276','甘德县','3','0'),
('2299','276','达日县','3','0'),
('2300','276','久治县','3','0'),
('2301','276','玛多县','3','0'),
('2302','277','海晏县','3','0'),
('2303','277','祁连县','3','0'),
('2304','277','刚察县','3','0'),
('2305','277','门源','3','0'),
('2306','278','平安县','3','0'),
('2307','278','乐都县','3','0'),
('2308','278','民和','3','0'),
('2309','278','互助','3','0'),
('2310','278','化隆','3','0'),
('2311','278','循化','3','0'),
('2312','279','共和县','3','0'),
('2313','279','同德县','3','0'),
('2314','279','贵德县','3','0'),
('2315','279','兴海县','3','0'),
('2316','279','贵南县','3','0'),
('2317','280','德令哈市','3','0'),
('2318','280','格尔木市','3','0'),
('2319','280','乌兰县','3','0'),
('2320','280','都兰县','3','0'),
('2321','280','天峻县','3','0'),
('2322','281','同仁县','3','0'),
('2323','281','尖扎县','3','0'),
('2324','281','泽库县','3','0'),
('2325','281','河南蒙古族自治县','3','0'),
('2326','282','玉树县','3','0'),
('2327','282','杂多县','3','0'),
('2328','282','称多县','3','0'),
('2329','282','治多县','3','0'),
('2330','282','囊谦县','3','0'),
('2331','282','曲麻莱县','3','0'),
('2332','283','市中区','3','0'),
('2333','283','历下区','3','0'),
('2334','283','天桥区','3','0'),
('2335','283','槐荫区','3','0'),
('2336','283','历城区','3','0'),
('2337','283','长清区','3','0'),
('2338','283','章丘市','3','0'),
('2339','283','平阴县','3','0'),
('2340','283','济阳县','3','0'),
('2341','283','商河县','3','0'),
('2342','284','市南区','3','0'),
('2343','284','市北区','3','0'),
('2344','284','城阳区','3','0'),
('2345','284','四方区','3','0'),
('2346','284','李沧区','3','0'),
('2347','284','黄岛区','3','0'),
('2348','284','崂山区','3','0'),
('2349','284','胶州市','3','0'),
('2350','284','即墨市','3','0'),
('2351','284','平度市','3','0'),
('2352','284','胶南市','3','0'),
('2353','284','莱西市','3','0'),
('2354','285','滨城区','3','0'),
('2355','285','惠民县','3','0'),
('2356','285','阳信县','3','0'),
('2357','285','无棣县','3','0'),
('2358','285','沾化县','3','0'),
('2359','285','博兴县','3','0'),
('2360','285','邹平县','3','0'),
('2361','286','德城区','3','0'),
('2362','286','陵县','3','0'),
('2363','286','乐陵市','3','0'),
('2364','286','禹城市','3','0'),
('2365','286','宁津县','3','0'),
('2366','286','庆云县','3','0'),
('2367','286','临邑县','3','0'),
('2368','286','齐河县','3','0'),
('2369','286','平原县','3','0'),
('2370','286','夏津县','3','0'),
('2371','286','武城县','3','0'),
('2372','287','东营区','3','0'),
('2373','287','河口区','3','0'),
('2374','287','垦利县','3','0'),
('2375','287','利津县','3','0'),
('2376','287','广饶县','3','0'),
('2377','288','牡丹区','3','0'),
('2378','288','曹县','3','0'),
('2379','288','单县','3','0'),
('2380','288','成武县','3','0'),
('2381','288','巨野县','3','0'),
('2382','288','郓城县','3','0'),
('2383','288','鄄城县','3','0'),
('2384','288','定陶县','3','0'),
('2385','288','东明县','3','0'),
('2386','289','市中区','3','0'),
('2387','289','任城区','3','0'),
('2388','289','曲阜市','3','0'),
('2389','289','兖州市','3','0'),
('2390','289','邹城市','3','0'),
('2391','289','微山县','3','0'),
('2392','289','鱼台县','3','0'),
('2393','289','金乡县','3','0'),
('2394','289','嘉祥县','3','0'),
('2395','289','汶上县','3','0'),
('2396','289','泗水县','3','0'),
('2397','289','梁山县','3','0'),
('2398','290','莱城区','3','0'),
('2399','290','钢城区','3','0'),
('2400','291','东昌府区','3','0'),
('2401','291','临清市','3','0'),
('2402','291','阳谷县','3','0'),
('2403','291','莘县','3','0'),
('2404','291','茌平县','3','0'),
('2405','291','东阿县','3','0'),
('2406','291','冠县','3','0'),
('2407','291','高唐县','3','0'),
('2408','292','兰山区','3','0'),
('2409','292','罗庄区','3','0'),
('2410','292','河东区','3','0'),
('2411','292','沂南县','3','0'),
('2412','292','郯城县','3','0'),
('2413','292','沂水县','3','0'),
('2414','292','苍山县','3','0'),
('2415','292','费县','3','0'),
('2416','292','平邑县','3','0'),
('2417','292','莒南县','3','0'),
('2418','292','蒙阴县','3','0'),
('2419','292','临沭县','3','0'),
('2420','293','东港区','3','0'),
('2421','293','岚山区','3','0'),
('2422','293','五莲县','3','0'),
('2423','293','莒县','3','0'),
('2424','294','泰山区','3','0'),
('2425','294','岱岳区','3','0'),
('2426','294','新泰市','3','0'),
('2427','294','肥城市','3','0'),
('2428','294','宁阳县','3','0'),
('2429','294','东平县','3','0'),
('2430','295','荣成市','3','0'),
('2431','295','乳山市','3','0'),
('2432','295','环翠区','3','0'),
('2433','295','文登市','3','0'),
('2434','296','潍城区','3','0'),
('2435','296','寒亭区','3','0'),
('2436','296','坊子区','3','0'),
('2437','296','奎文区','3','0'),
('2438','296','青州市','3','0'),
('2439','296','诸城市','3','0'),
('2440','296','寿光市','3','0'),
('2441','296','安丘市','3','0'),
('2442','296','高密市','3','0'),
('2443','296','昌邑市','3','0'),
('2444','296','临朐县','3','0'),
('2445','296','昌乐县','3','0'),
('2446','297','芝罘区','3','0'),
('2447','297','福山区','3','0'),
('2448','297','牟平区','3','0'),
('2449','297','莱山区','3','0'),
('2450','297','开发区','3','0'),
('2451','297','龙口市','3','0'),
('2452','297','莱阳市','3','0'),
('2453','297','莱州市','3','0'),
('2454','297','蓬莱市','3','0'),
('2455','297','招远市','3','0'),
('2456','297','栖霞市','3','0'),
('2457','297','海阳市','3','0'),
('2458','297','长岛县','3','0'),
('2459','298','市中区','3','0'),
('2460','298','山亭区','3','0'),
('2461','298','峄城区','3','0'),
('2462','298','台儿庄区','3','0'),
('2463','298','薛城区','3','0'),
('2464','298','滕州市','3','0'),
('2465','299','张店区','3','0'),
('2466','299','临淄区','3','0'),
('2467','299','淄川区','3','0'),
('2468','299','博山区','3','0'),
('2469','299','周村区','3','0'),
('2470','299','桓台县','3','0'),
('2471','299','高青县','3','0'),
('2472','299','沂源县','3','0'),
('2473','300','杏花岭区','3','0'),
('2474','300','小店区','3','0'),
('2475','300','迎泽区','3','0'),
('2476','300','尖草坪区','3','0'),
('2477','300','万柏林区','3','0'),
('2478','300','晋源区','3','0'),
('2479','300','高新开发区','3','0'),
('2480','300','民营经济开发区','3','0'),
('2481','300','经济技术开发区','3','0'),
('2482','300','清徐县','3','0'),
('2483','300','阳曲县','3','0'),
('2484','300','娄烦县','3','0'),
('2485','300','古交市','3','0'),
('2486','301','城区','3','0'),
('2487','301','郊区','3','0'),
('2488','301','沁县','3','0'),
('2489','301','潞城市','3','0'),
('2490','301','长治县','3','0'),
('2491','301','襄垣县','3','0'),
('2492','301','屯留县','3','0'),
('2493','301','平顺县','3','0'),
('2494','301','黎城县','3','0'),
('2495','301','壶关县','3','0'),
('2496','301','长子县','3','0'),
('2497','301','武乡县','3','0'),
('2498','301','沁源县','3','0'),
('2499','302','城区','3','0'),
('2500','302','矿区','3','0'),
('2501','302','南郊区','3','0'),
('2502','302','新荣区','3','0'),
('2503','302','阳高县','3','0'),
('2504','302','天镇县','3','0'),
('2505','302','广灵县','3','0'),
('2506','302','灵丘县','3','0'),
('2507','302','浑源县','3','0'),
('2508','302','左云县','3','0'),
('2509','302','大同县','3','0'),
('2510','303','城区','3','0'),
('2511','303','高平市','3','0'),
('2512','303','沁水县','3','0'),
('2513','303','阳城县','3','0'),
('2514','303','陵川县','3','0'),
('2515','303','泽州县','3','0'),
('2516','304','榆次区','3','0'),
('2517','304','介休市','3','0'),
('2518','304','榆社县','3','0'),
('2519','304','左权县','3','0'),
('2520','304','和顺县','3','0'),
('2521','304','昔阳县','3','0'),
('2522','304','寿阳县','3','0'),
('2523','304','太谷县','3','0'),
('2524','304','祁县','3','0'),
('2525','304','平遥县','3','0'),
('2526','304','灵石县','3','0'),
('2527','305','尧都区','3','0'),
('2528','305','侯马市','3','0'),
('2529','305','霍州市','3','0'),
('2530','305','曲沃县','3','0'),
('2531','305','翼城县','3','0'),
('2532','305','襄汾县','3','0'),
('2533','305','洪洞县','3','0'),
('2534','305','吉县','3','0'),
('2535','305','安泽县','3','0'),
('2536','305','浮山县','3','0'),
('2537','305','古县','3','0'),
('2538','305','乡宁县','3','0'),
('2539','305','大宁县','3','0'),
('2540','305','隰县','3','0'),
('2541','305','永和县','3','0'),
('2542','305','蒲县','3','0'),
('2543','305','汾西县','3','0'),
('2544','306','离石市','3','0'),
('2545','306','离石区','3','0'),
('2546','306','孝义市','3','0'),
('2547','306','汾阳市','3','0'),
('2548','306','文水县','3','0'),
('2549','306','交城县','3','0'),
('2550','306','兴县','3','0'),
('2551','306','临县','3','0'),
('2552','306','柳林县','3','0'),
('2553','306','石楼县','3','0'),
('2554','306','岚县','3','0'),
('2555','306','方山县','3','0'),
('2556','306','中阳县','3','0'),
('2557','306','交口县','3','0'),
('2558','307','朔城区','3','0'),
('2559','307','平鲁区','3','0'),
('2560','307','山阴县','3','0'),
('2561','307','应县','3','0'),
('2562','307','右玉县','3','0'),
('2563','307','怀仁县','3','0'),
('2564','308','忻府区','3','0'),
('2565','308','原平市','3','0'),
('2566','308','定襄县','3','0'),
('2567','308','五台县','3','0'),
('2568','308','代县','3','0'),
('2569','308','繁峙县','3','0'),
('2570','308','宁武县','3','0'),
('2571','308','静乐县','3','0'),
('2572','308','神池县','3','0'),
('2573','308','五寨县','3','0'),
('2574','308','岢岚县','3','0'),
('2575','308','河曲县','3','0'),
('2576','308','保德县','3','0'),
('2577','308','偏关县','3','0'),
('2578','309','城区','3','0'),
('2579','309','矿区','3','0'),
('2580','309','郊区','3','0'),
('2581','309','平定县','3','0'),
('2582','309','盂县','3','0'),
('2583','310','盐湖区','3','0'),
('2584','310','永济市','3','0'),
('2585','310','河津市','3','0'),
('2586','310','临猗县','3','0'),
('2587','310','万荣县','3','0'),
('2588','310','闻喜县','3','0'),
('2589','310','稷山县','3','0'),
('2590','310','新绛县','3','0'),
('2591','310','绛县','3','0'),
('2592','310','垣曲县','3','0'),
('2593','310','夏县','3','0'),
('2594','310','平陆县','3','0'),
('2595','310','芮城县','3','0'),
('2596','311','莲湖区','3','0'),
('2597','311','新城区','3','0'),
('2598','311','碑林区','3','0'),
('2599','311','雁塔区','3','0'),
('2600','311','灞桥区','3','0'),
('2601','311','未央区','3','0'),
('2602','311','阎良区','3','0'),
('2603','311','临潼区','3','0'),
('2604','311','长安区','3','0'),
('2605','311','蓝田县','3','0'),
('2606','311','周至县','3','0'),
('2607','311','户县','3','0'),
('2608','311','高陵县','3','0'),
('2609','312','汉滨区','3','0'),
('2610','312','汉阴县','3','0'),
('2611','312','石泉县','3','0'),
('2612','312','宁陕县','3','0'),
('2613','312','紫阳县','3','0'),
('2614','312','岚皋县','3','0'),
('2615','312','平利县','3','0'),
('2616','312','镇坪县','3','0'),
('2617','312','旬阳县','3','0'),
('2618','312','白河县','3','0'),
('2619','313','陈仓区','3','0'),
('2620','313','渭滨区','3','0'),
('2621','313','金台区','3','0'),
('2622','313','凤翔县','3','0'),
('2623','313','岐山县','3','0'),
('2624','313','扶风县','3','0'),
('2625','313','眉县','3','0'),
('2626','313','陇县','3','0'),
('2627','313','千阳县','3','0'),
('2628','313','麟游县','3','0'),
('2629','313','凤县','3','0'),
('2630','313','太白县','3','0'),
('2631','314','汉台区','3','0'),
('2632','314','南郑县','3','0'),
('2633','314','城固县','3','0'),
('2634','314','洋县','3','0'),
('2635','314','西乡县','3','0'),
('2636','314','勉县','3','0'),
('2637','314','宁强县','3','0'),
('2638','314','略阳县','3','0'),
('2639','314','镇巴县','3','0'),
('2640','314','留坝县','3','0'),
('2641','314','佛坪县','3','0'),
('2642','315','商州区','3','0'),
('2643','315','洛南县','3','0'),
('2644','315','丹凤县','3','0'),
('2645','315','商南县','3','0'),
('2646','315','山阳县','3','0'),
('2647','315','镇安县','3','0'),
('2648','315','柞水县','3','0'),
('2649','316','耀州区','3','0'),
('2650','316','王益区','3','0'),
('2651','316','印台区','3','0'),
('2652','316','宜君县','3','0'),
('2653','317','临渭区','3','0'),
('2654','317','韩城市','3','0'),
('2655','317','华阴市','3','0'),
('2656','317','华县','3','0'),
('2657','317','潼关县','3','0'),
('2658','317','大荔县','3','0'),
('2659','317','合阳县','3','0'),
('2660','317','澄城县','3','0'),
('2661','317','蒲城县','3','0'),
('2662','317','白水县','3','0'),
('2663','317','富平县','3','0'),
('2664','318','秦都区','3','0'),
('2665','318','渭城区','3','0'),
('2666','318','杨陵区','3','0'),
('2667','318','兴平市','3','0'),
('2668','318','三原县','3','0'),
('2669','318','泾阳县','3','0'),
('2670','318','乾县','3','0'),
('2671','318','礼泉县','3','0'),
('2672','318','永寿县','3','0'),
('2673','318','彬县','3','0'),
('2674','318','长武县','3','0'),
('2675','318','旬邑县','3','0'),
('2676','318','淳化县','3','0'),
('2677','318','武功县','3','0'),
('2678','319','吴起县','3','0'),
('2679','319','宝塔区','3','0'),
('2680','319','延长县','3','0'),
('2681','319','延川县','3','0'),
('2682','319','子长县','3','0'),
('2683','319','安塞县','3','0'),
('2684','319','志丹县','3','0'),
('2685','319','甘泉县','3','0'),
('2686','319','富县','3','0'),
('2687','319','洛川县','3','0'),
('2688','319','宜川县','3','0'),
('2689','319','黄龙县','3','0'),
('2690','319','黄陵县','3','0'),
('2691','320','榆阳区','3','0'),
('2692','320','神木县','3','0'),
('2693','320','府谷县','3','0'),
('2694','320','横山县','3','0'),
('2695','320','靖边县','3','0'),
('2696','320','定边县','3','0'),
('2697','320','绥德县','3','0'),
('2698','320','米脂县','3','0'),
('2699','320','佳县','3','0'),
('2700','320','吴堡县','3','0'),
('2701','320','清涧县','3','0'),
('2702','320','子洲县','3','0'),
('2703','321','长宁区','3','0'),
('2704','321','闸北区','3','0'),
('2705','321','闵行区','3','0'),
('2706','321','徐汇区','3','0'),
('2707','321','浦东新区','3','0'),
('2708','321','杨浦区','3','0'),
('2709','321','普陀区','3','0'),
('2710','321','静安区','3','0'),
('2711','321','卢湾区','3','0'),
('2712','321','虹口区','3','0'),
('2713','321','黄浦区','3','0'),
('2714','321','南汇区','3','0'),
('2715','321','松江区','3','0'),
('2716','321','嘉定区','3','0'),
('2717','321','宝山区','3','0'),
('2718','321','青浦区','3','0'),
('2719','321','金山区','3','0'),
('2720','321','奉贤区','3','0'),
('2721','321','崇明县','3','0'),
('2722','322','青羊区','3','0'),
('2723','322','锦江区','3','0'),
('2724','322','金牛区','3','0'),
('2725','322','武侯区','3','0'),
('2726','322','成华区','3','0'),
('2727','322','龙泉驿区','3','0'),
('2728','322','青白江区','3','0'),
('2729','322','新都区','3','0'),
('2730','322','温江区','3','0'),
('2731','322','高新区','3','0'),
('2732','322','高新西区','3','0'),
('2733','322','都江堰市','3','0'),
('2734','322','彭州市','3','0'),
('2735','322','邛崃市','3','0'),
('2736','322','崇州市','3','0'),
('2737','322','金堂县','3','0'),
('2738','322','双流县','3','0'),
('2739','322','郫县','3','0'),
('2740','322','大邑县','3','0'),
('2741','322','蒲江县','3','0'),
('2742','322','新津县','3','0'),
('2743','322','都江堰市','3','0'),
('2744','322','彭州市','3','0'),
('2745','322','邛崃市','3','0'),
('2746','322','崇州市','3','0'),
('2747','322','金堂县','3','0'),
('2748','322','双流县','3','0'),
('2749','322','郫县','3','0'),
('2750','322','大邑县','3','0'),
('2751','322','蒲江县','3','0'),
('2752','322','新津县','3','0'),
('2753','323','涪城区','3','0'),
('2754','323','游仙区','3','0'),
('2755','323','江油市','3','0'),
('2756','323','盐亭县','3','0'),
('2757','323','三台县','3','0'),
('2758','323','平武县','3','0'),
('2759','323','安县','3','0'),
('2760','323','梓潼县','3','0'),
('2761','323','北川县','3','0'),
('2762','324','马尔康县','3','0'),
('2763','324','汶川县','3','0'),
('2764','324','理县','3','0'),
('2765','324','茂县','3','0'),
('2766','324','松潘县','3','0'),
('2767','324','九寨沟县','3','0'),
('2768','324','金川县','3','0'),
('2769','324','小金县','3','0'),
('2770','324','黑水县','3','0'),
('2771','324','壤塘县','3','0'),
('2772','324','阿坝县','3','0'),
('2773','324','若尔盖县','3','0'),
('2774','324','红原县','3','0'),
('2775','325','巴州区','3','0'),
('2776','325','通江县','3','0'),
('2777','325','南江县','3','0'),
('2778','325','平昌县','3','0'),
('2779','326','通川区','3','0'),
('2780','326','万源市','3','0'),
('2781','326','达县','3','0'),
('2782','326','宣汉县','3','0'),
('2783','326','开江县','3','0'),
('2784','326','大竹县','3','0'),
('2785','326','渠县','3','0'),
('2786','327','旌阳区','3','0'),
('2787','327','广汉市','3','0'),
('2788','327','什邡市','3','0'),
('2789','327','绵竹市','3','0'),
('2790','327','罗江县','3','0'),
('2791','327','中江县','3','0'),
('2792','328','康定县','3','0'),
('2793','328','丹巴县','3','0'),
('2794','328','泸定县','3','0'),
('2795','328','炉霍县','3','0'),
('2796','328','九龙县','3','0'),
('2797','328','甘孜县','3','0'),
('2798','328','雅江县','3','0'),
('2799','328','新龙县','3','0'),
('2800','328','道孚县','3','0'),
('2801','328','白玉县','3','0'),
('2802','328','理塘县','3','0'),
('2803','328','德格县','3','0'),
('2804','328','乡城县','3','0'),
('2805','328','石渠县','3','0'),
('2806','328','稻城县','3','0'),
('2807','328','色达县','3','0'),
('2808','328','巴塘县','3','0'),
('2809','328','得荣县','3','0'),
('2810','329','广安区','3','0'),
('2811','329','华蓥市','3','0'),
('2812','329','岳池县','3','0'),
('2813','329','武胜县','3','0'),
('2814','329','邻水县','3','0'),
('2815','330','利州区','3','0'),
('2816','330','元坝区','3','0'),
('2817','330','朝天区','3','0'),
('2818','330','旺苍县','3','0'),
('2819','330','青川县','3','0'),
('2820','330','剑阁县','3','0'),
('2821','330','苍溪县','3','0'),
('2822','331','峨眉山市','3','0'),
('2823','331','乐山市','3','0'),
('2824','331','犍为县','3','0'),
('2825','331','井研县','3','0'),
('2826','331','夹江县','3','0'),
('2827','331','沐川县','3','0'),
('2828','331','峨边','3','0'),
('2829','331','马边','3','0'),
('2830','332','西昌市','3','0'),
('2831','332','盐源县','3','0'),
('2832','332','德昌县','3','0'),
('2833','332','会理县','3','0'),
('2834','332','会东县','3','0'),
('2835','332','宁南县','3','0'),
('2836','332','普格县','3','0'),
('2837','332','布拖县','3','0'),
('2838','332','金阳县','3','0'),
('2839','332','昭觉县','3','0'),
('2840','332','喜德县','3','0'),
('2841','332','冕宁县','3','0'),
('2842','332','越西县','3','0'),
('2843','332','甘洛县','3','0'),
('2844','332','美姑县','3','0'),
('2845','332','雷波县','3','0'),
('2846','332','木里','3','0'),
('2847','333','东坡区','3','0'),
('2848','333','仁寿县','3','0'),
('2849','333','彭山县','3','0'),
('2850','333','洪雅县','3','0'),
('2851','333','丹棱县','3','0'),
('2852','333','青神县','3','0'),
('2853','334','阆中市','3','0'),
('2854','334','南部县','3','0'),
('2855','334','营山县','3','0'),
('2856','334','蓬安县','3','0'),
('2857','334','仪陇县','3','0'),
('2858','334','顺庆区','3','0'),
('2859','334','高坪区','3','0'),
('2860','334','嘉陵区','3','0'),
('2861','334','西充县','3','0'),
('2862','335','市中区','3','0'),
('2863','335','东兴区','3','0'),
('2864','335','威远县','3','0'),
('2865','335','资中县','3','0'),
('2866','335','隆昌县','3','0'),
('2867','336','东  区','3','0'),
('2868','336','西  区','3','0'),
('2869','336','仁和区','3','0'),
('2870','336','米易县','3','0'),
('2871','336','盐边县','3','0'),
('2872','337','船山区','3','0'),
('2873','337','安居区','3','0'),
('2874','337','蓬溪县','3','0'),
('2875','337','射洪县','3','0'),
('2876','337','大英县','3','0'),
('2877','338','雨城区','3','0'),
('2878','338','名山县','3','0'),
('2879','338','荥经县','3','0'),
('2880','338','汉源县','3','0'),
('2881','338','石棉县','3','0'),
('2882','338','天全县','3','0'),
('2883','338','芦山县','3','0'),
('2884','338','宝兴县','3','0'),
('2885','339','翠屏区','3','0'),
('2886','339','宜宾县','3','0'),
('2887','339','南溪县','3','0'),
('2888','339','江安县','3','0'),
('2889','339','长宁县','3','0'),
('2890','339','高县','3','0'),
('2891','339','珙县','3','0'),
('2892','339','筠连县','3','0'),
('2893','339','兴文县','3','0'),
('2894','339','屏山县','3','0'),
('2895','340','雁江区','3','0'),
('2896','340','简阳市','3','0'),
('2897','340','安岳县','3','0'),
('2898','340','乐至县','3','0'),
('2899','341','大安区','3','0'),
('2900','341','自流井区','3','0'),
('2901','341','贡井区','3','0'),
('2902','341','沿滩区','3','0'),
('2903','341','荣县','3','0'),
('2904','341','富顺县','3','0'),
('2905','342','江阳区','3','0'),
('2906','342','纳溪区','3','0'),
('2907','342','龙马潭区','3','0'),
('2908','342','泸县','3','0'),
('2909','342','合江县','3','0'),
('2910','342','叙永县','3','0'),
('2911','342','古蔺县','3','0'),
('2912','343','和平区','3','0'),
('2913','343','河西区','3','0'),
('2914','343','南开区','3','0'),
('2915','343','河北区','3','0'),
('2916','343','河东区','3','0'),
('2917','343','红桥区','3','0'),
('2918','343','东丽区','3','0'),
('2919','343','津南区','3','0'),
('2920','343','西青区','3','0'),
('2921','343','北辰区','3','0'),
('2922','343','塘沽区','3','0'),
('2923','343','汉沽区','3','0'),
('2924','343','大港区','3','0'),
('2925','343','武清区','3','0'),
('2926','343','宝坻区','3','0'),
('2927','343','经济开发区','3','0'),
('2928','343','宁河县','3','0'),
('2929','343','静海县','3','0'),
('2930','343','蓟县','3','0'),
('2931','344','城关区','3','0'),
('2932','344','林周县','3','0'),
('2933','344','当雄县','3','0'),
('2934','344','尼木县','3','0'),
('2935','344','曲水县','3','0'),
('2936','344','堆龙德庆县','3','0'),
('2937','344','达孜县','3','0'),
('2938','344','墨竹工卡县','3','0'),
('2939','345','噶尔县','3','0'),
('2940','345','普兰县','3','0'),
('2941','345','札达县','3','0'),
('2942','345','日土县','3','0'),
('2943','345','革吉县','3','0'),
('2944','345','改则县','3','0'),
('2945','345','措勤县','3','0'),
('2946','346','昌都县','3','0'),
('2947','346','江达县','3','0'),
('2948','346','贡觉县','3','0'),
('2949','346','类乌齐县','3','0'),
('2950','346','丁青县','3','0'),
('2951','346','察雅县','3','0'),
('2952','346','八宿县','3','0'),
('2953','346','左贡县','3','0'),
('2954','346','芒康县','3','0'),
('2955','346','洛隆县','3','0'),
('2956','346','边坝县','3','0'),
('2957','347','林芝县','3','0'),
('2958','347','工布江达县','3','0'),
('2959','347','米林县','3','0'),
('2960','347','墨脱县','3','0'),
('2961','347','波密县','3','0'),
('2962','347','察隅县','3','0'),
('2963','347','朗县','3','0'),
('2964','348','那曲县','3','0'),
('2965','348','嘉黎县','3','0'),
('2966','348','比如县','3','0'),
('2967','348','聂荣县','3','0'),
('2968','348','安多县','3','0'),
('2969','348','申扎县','3','0'),
('2970','348','索县','3','0'),
('2971','348','班戈县','3','0'),
('2972','348','巴青县','3','0'),
('2973','348','尼玛县','3','0'),
('2974','349','日喀则市','3','0'),
('2975','349','南木林县','3','0'),
('2976','349','江孜县','3','0'),
('2977','349','定日县','3','0'),
('2978','349','萨迦县','3','0'),
('2979','349','拉孜县','3','0'),
('2980','349','昂仁县','3','0'),
('2981','349','谢通门县','3','0'),
('2982','349','白朗县','3','0'),
('2983','349','仁布县','3','0'),
('2984','349','康马县','3','0'),
('2985','349','定结县','3','0'),
('2986','349','仲巴县','3','0'),
('2987','349','亚东县','3','0'),
('2988','349','吉隆县','3','0'),
('2989','349','聂拉木县','3','0'),
('2990','349','萨嘎县','3','0'),
('2991','349','岗巴县','3','0'),
('2992','350','乃东县','3','0'),
('2993','350','扎囊县','3','0'),
('2994','350','贡嘎县','3','0'),
('2995','350','桑日县','3','0'),
('2996','350','琼结县','3','0'),
('2997','350','曲松县','3','0'),
('2998','350','措美县','3','0'),
('2999','350','洛扎县','3','0'),
('3000','350','加查县','3','0'),
('3001','350','隆子县','3','0'),
('3002','350','错那县','3','0'),
('3003','350','浪卡子县','3','0'),
('3004','351','天山区','3','0'),
('3005','351','沙依巴克区','3','0'),
('3006','351','新市区','3','0'),
('3007','351','水磨沟区','3','0'),
('3008','351','头屯河区','3','0'),
('3009','351','达坂城区','3','0'),
('3010','351','米东区','3','0'),
('3011','351','乌鲁木齐县','3','0'),
('3012','352','阿克苏市','3','0'),
('3013','352','温宿县','3','0'),
('3014','352','库车县','3','0'),
('3015','352','沙雅县','3','0'),
('3016','352','新和县','3','0'),
('3017','352','拜城县','3','0'),
('3018','352','乌什县','3','0'),
('3019','352','阿瓦提县','3','0'),
('3020','352','柯坪县','3','0'),
('3021','353','阿拉尔市','3','0'),
('3022','354','库尔勒市','3','0'),
('3023','354','轮台县','3','0'),
('3024','354','尉犁县','3','0'),
('3025','354','若羌县','3','0'),
('3026','354','且末县','3','0'),
('3027','354','焉耆','3','0'),
('3028','354','和静县','3','0'),
('3029','354','和硕县','3','0'),
('3030','354','博湖县','3','0'),
('3031','355','博乐市','3','0'),
('3032','355','精河县','3','0'),
('3033','355','温泉县','3','0'),
('3034','356','呼图壁县','3','0'),
('3035','356','米泉市','3','0'),
('3036','356','昌吉市','3','0'),
('3037','356','阜康市','3','0'),
('3038','356','玛纳斯县','3','0'),
('3039','356','奇台县','3','0'),
('3040','356','吉木萨尔县','3','0'),
('3041','356','木垒','3','0'),
('3042','357','哈密市','3','0'),
('3043','357','伊吾县','3','0'),
('3044','357','巴里坤','3','0'),
('3045','358','和田市','3','0'),
('3046','358','和田县','3','0'),
('3047','358','墨玉县','3','0'),
('3048','358','皮山县','3','0'),
('3049','358','洛浦县','3','0'),
('3050','358','策勒县','3','0'),
('3051','358','于田县','3','0'),
('3052','358','民丰县','3','0'),
('3053','359','喀什市','3','0'),
('3054','359','疏附县','3','0'),
('3055','359','疏勒县','3','0'),
('3056','359','英吉沙县','3','0'),
('3057','359','泽普县','3','0'),
('3058','359','莎车县','3','0'),
('3059','359','叶城县','3','0'),
('3060','359','麦盖提县','3','0'),
('3061','359','岳普湖县','3','0'),
('3062','359','伽师县','3','0'),
('3063','359','巴楚县','3','0'),
('3064','359','塔什库尔干','3','0'),
('3065','360','克拉玛依市','3','0'),
('3066','361','阿图什市','3','0'),
('3067','361','阿克陶县','3','0'),
('3068','361','阿合奇县','3','0'),
('3069','361','乌恰县','3','0'),
('3070','362','石河子市','3','0'),
('3071','363','图木舒克市','3','0'),
('3072','364','吐鲁番市','3','0'),
('3073','364','鄯善县','3','0'),
('3074','364','托克逊县','3','0'),
('3075','365','五家渠市','3','0'),
('3076','366','阿勒泰市','3','0'),
('3077','366','布克赛尔','3','0'),
('3078','366','伊宁市','3','0'),
('3079','366','布尔津县','3','0'),
('3080','366','奎屯市','3','0'),
('3081','366','乌苏市','3','0'),
('3082','366','额敏县','3','0'),
('3083','366','富蕴县','3','0'),
('3084','366','伊宁县','3','0'),
('3085','366','福海县','3','0'),
('3086','366','霍城县','3','0'),
('3087','366','沙湾县','3','0'),
('3088','366','巩留县','3','0'),
('3089','366','哈巴河县','3','0'),
('3090','366','托里县','3','0'),
('3091','366','青河县','3','0'),
('3092','366','新源县','3','0'),
('3093','366','裕民县','3','0'),
('3094','366','和布克赛尔','3','0'),
('3095','366','吉木乃县','3','0'),
('3096','366','昭苏县','3','0'),
('3097','366','特克斯县','3','0'),
('3098','366','尼勒克县','3','0'),
('3099','366','察布查尔','3','0'),
('3100','367','盘龙区','3','0'),
('3101','367','五华区','3','0'),
('3102','367','官渡区','3','0'),
('3103','367','西山区','3','0'),
('3104','367','东川区','3','0'),
('3105','367','安宁市','3','0'),
('3106','367','呈贡县','3','0'),
('3107','367','晋宁县','3','0'),
('3108','367','富民县','3','0'),
('3109','367','宜良县','3','0'),
('3110','367','嵩明县','3','0'),
('3111','367','石林县','3','0'),
('3112','367','禄劝','3','0'),
('3113','367','寻甸','3','0'),
('3114','368','兰坪','3','0'),
('3115','368','泸水县','3','0'),
('3116','368','福贡县','3','0'),
('3117','368','贡山','3','0'),
('3118','369','宁洱','3','0'),
('3119','369','思茅区','3','0'),
('3120','369','墨江','3','0'),
('3121','369','景东','3','0'),
('3122','369','景谷','3','0'),
('3123','369','镇沅','3','0'),
('3124','369','江城','3','0'),
('3125','369','孟连','3','0'),
('3126','369','澜沧','3','0'),
('3127','369','西盟','3','0'),
('3128','370','古城区','3','0'),
('3129','370','宁蒗','3','0'),
('3130','370','玉龙','3','0'),
('3131','370','永胜县','3','0'),
('3132','370','华坪县','3','0'),
('3133','371','隆阳区','3','0'),
('3134','371','施甸县','3','0'),
('3135','371','腾冲县','3','0'),
('3136','371','龙陵县','3','0'),
('3137','371','昌宁县','3','0'),
('3138','372','楚雄市','3','0'),
('3139','372','双柏县','3','0'),
('3140','372','牟定县','3','0'),
('3141','372','南华县','3','0'),
('3142','372','姚安县','3','0'),
('3143','372','大姚县','3','0'),
('3144','372','永仁县','3','0'),
('3145','372','元谋县','3','0'),
('3146','372','武定县','3','0'),
('3147','372','禄丰县','3','0'),
('3148','373','大理市','3','0'),
('3149','373','祥云县','3','0'),
('3150','373','宾川县','3','0'),
('3151','373','弥渡县','3','0'),
('3152','373','永平县','3','0'),
('3153','373','云龙县','3','0'),
('3154','373','洱源县','3','0'),
('3155','373','剑川县','3','0'),
('3156','373','鹤庆县','3','0'),
('3157','373','漾濞','3','0'),
('3158','373','南涧','3','0'),
('3159','373','巍山','3','0'),
('3160','374','潞西市','3','0'),
('3161','374','瑞丽市','3','0'),
('3162','374','梁河县','3','0'),
('3163','374','盈江县','3','0'),
('3164','374','陇川县','3','0'),
('3165','375','香格里拉县','3','0'),
('3166','375','德钦县','3','0'),
('3167','375','维西','3','0'),
('3168','376','泸西县','3','0'),
('3169','376','蒙自县','3','0'),
('3170','376','个旧市','3','0'),
('3171','376','开远市','3','0'),
('3172','376','绿春县','3','0'),
('3173','376','建水县','3','0'),
('3174','376','石屏县','3','0'),
('3175','376','弥勒县','3','0'),
('3176','376','元阳县','3','0'),
('3177','376','红河县','3','0'),
('3178','376','金平','3','0'),
('3179','376','河口','3','0'),
('3180','376','屏边','3','0'),
('3181','377','临翔区','3','0'),
('3182','377','凤庆县','3','0'),
('3183','377','云县','3','0'),
('3184','377','永德县','3','0'),
('3185','377','镇康县','3','0'),
('3186','377','双江','3','0'),
('3187','377','耿马','3','0'),
('3188','377','沧源','3','0'),
('3189','378','麒麟区','3','0'),
('3190','378','宣威市','3','0'),
('3191','378','马龙县','3','0'),
('3192','378','陆良县','3','0'),
('3193','378','师宗县','3','0'),
('3194','378','罗平县','3','0'),
('3195','378','富源县','3','0'),
('3196','378','会泽县','3','0'),
('3197','378','沾益县','3','0'),
('3198','379','文山县','3','0'),
('3199','379','砚山县','3','0'),
('3200','379','西畴县','3','0'),
('3201','379','麻栗坡县','3','0'),
('3202','379','马关县','3','0'),
('3203','379','丘北县','3','0'),
('3204','379','广南县','3','0'),
('3205','379','富宁县','3','0'),
('3206','380','景洪市','3','0'),
('3207','380','勐海县','3','0'),
('3208','380','勐腊县','3','0'),
('3209','381','红塔区','3','0'),
('3210','381','江川县','3','0'),
('3211','381','澄江县','3','0'),
('3212','381','通海县','3','0'),
('3213','381','华宁县','3','0'),
('3214','381','易门县','3','0'),
('3215','381','峨山','3','0'),
('3216','381','新平','3','0'),
('3217','381','元江','3','0'),
('3218','382','昭阳区','3','0'),
('3219','382','鲁甸县','3','0'),
('3220','382','巧家县','3','0'),
('3221','382','盐津县','3','0'),
('3222','382','大关县','3','0'),
('3223','382','永善县','3','0'),
('3224','382','绥江县','3','0'),
('3225','382','镇雄县','3','0'),
('3226','382','彝良县','3','0'),
('3227','382','威信县','3','0'),
('3228','382','水富县','3','0'),
('3229','383','西湖区','3','0'),
('3230','383','上城区','3','0'),
('3231','383','下城区','3','0'),
('3232','383','拱墅区','3','0'),
('3233','383','滨江区','3','0'),
('3234','383','江干区','3','0'),
('3235','383','萧山区','3','0'),
('3236','383','余杭区','3','0'),
('3237','383','市郊','3','0'),
('3238','383','建德市','3','0'),
('3239','383','富阳市','3','0'),
('3240','383','临安市','3','0'),
('3241','383','桐庐县','3','0'),
('3242','383','淳安县','3','0'),
('3243','384','吴兴区','3','0'),
('3244','384','南浔区','3','0'),
('3245','384','德清县','3','0'),
('3246','384','长兴县','3','0'),
('3247','384','安吉县','3','0'),
('3248','385','南湖区','3','0'),
('3249','385','秀洲区','3','0'),
('3250','385','海宁市','3','0'),
('3251','385','嘉善县','3','0'),
('3252','385','平湖市','3','0'),
('3253','385','桐乡市','3','0'),
('3254','385','海盐县','3','0'),
('3255','386','婺城区','3','0'),
('3256','386','金东区','3','0'),
('3257','386','兰溪市','3','0'),
('3258','386','市区','3','0'),
('3259','386','佛堂镇','3','0'),
('3260','386','上溪镇','3','0'),
('3261','386','义亭镇','3','0'),
('3262','386','大陈镇','3','0'),
('3263','386','苏溪镇','3','0'),
('3264','386','赤岸镇','3','0'),
('3265','386','东阳市','3','0'),
('3266','386','永康市','3','0'),
('3267','386','武义县','3','0'),
('3268','386','浦江县','3','0'),
('3269','386','磐安县','3','0'),
('3270','387','莲都区','3','0'),
('3271','387','龙泉市','3','0'),
('3272','387','青田县','3','0'),
('3273','387','缙云县','3','0'),
('3274','387','遂昌县','3','0'),
('3275','387','松阳县','3','0'),
('3276','387','云和县','3','0'),
('3277','387','庆元县','3','0'),
('3278','387','景宁','3','0'),
('3279','388','海曙区','3','0'),
('3280','388','江东区','3','0'),
('3281','388','江北区','3','0'),
('3282','388','镇海区','3','0'),
('3283','388','北仑区','3','0'),
('3284','388','鄞州区','3','0'),
('3285','388','余姚市','3','0'),
('3286','388','慈溪市','3','0'),
('3287','388','奉化市','3','0'),
('3288','388','象山县','3','0'),
('3289','388','宁海县','3','0'),
('3290','389','越城区','3','0'),
('3291','389','上虞市','3','0'),
('3292','389','嵊州市','3','0'),
('3293','389','绍兴县','3','0'),
('3294','389','新昌县','3','0'),
('3295','389','诸暨市','3','0'),
('3296','390','椒江区','3','0'),
('3297','390','黄岩区','3','0'),
('3298','390','路桥区','3','0'),
('3299','390','温岭市','3','0'),
('3300','390','临海市','3','0'),
('3301','390','玉环县','3','0'),
('3302','390','三门县','3','0'),
('3303','390','天台县','3','0'),
('3304','390','仙居县','3','0'),
('3305','391','鹿城区','3','0'),
('3306','391','龙湾区','3','0'),
('3307','391','瓯海区','3','0'),
('3308','391','瑞安市','3','0'),
('3309','391','乐清市','3','0'),
('3310','391','洞头县','3','0'),
('3311','391','永嘉县','3','0'),
('3312','391','平阳县','3','0'),
('3313','391','苍南县','3','0'),
('3314','391','文成县','3','0'),
('3315','391','泰顺县','3','0'),
('3316','392','定海区','3','0'),
('3317','392','普陀区','3','0'),
('3318','392','岱山县','3','0'),
('3319','392','嵊泗县','3','0'),
('3320','393','衢州市','3','0'),
('3321','393','江山市','3','0'),
('3322','393','常山县','3','0'),
('3323','393','开化县','3','0'),
('3324','393','龙游县','3','0'),
('3325','394','合川区','3','0'),
('3326','394','江津区','3','0'),
('3327','394','南川区','3','0'),
('3328','394','永川区','3','0'),
('3329','394','南岸区','3','0'),
('3330','394','渝北区','3','0'),
('3331','394','万盛区','3','0'),
('3332','394','大渡口区','3','0'),
('3333','394','万州区','3','0'),
('3334','394','北碚区','3','0'),
('3335','394','沙坪坝区','3','0'),
('3336','394','巴南区','3','0'),
('3337','394','涪陵区','3','0'),
('3338','394','江北区','3','0'),
('3339','394','九龙坡区','3','0'),
('3340','394','渝中区','3','0'),
('3341','394','黔江开发区','3','0'),
('3342','394','长寿区','3','0'),
('3343','394','双桥区','3','0'),
('3344','394','綦江县','3','0'),
('3345','394','潼南县','3','0'),
('3346','394','铜梁县','3','0'),
('3347','394','大足县','3','0'),
('3348','394','荣昌县','3','0'),
('3349','394','璧山县','3','0'),
('3350','394','垫江县','3','0'),
('3351','394','武隆县','3','0'),
('3352','394','丰都县','3','0'),
('3353','394','城口县','3','0'),
('3354','394','梁平县','3','0'),
('3355','394','开县','3','0'),
('3356','394','巫溪县','3','0'),
('3357','394','巫山县','3','0'),
('3358','394','奉节县','3','0'),
('3359','394','云阳县','3','0'),
('3360','394','忠县','3','0'),
('3361','394','石柱','3','0'),
('3362','394','彭水','3','0'),
('3363','394','酉阳','3','0'),
('3364','394','秀山','3','0'),
('3365','395','沙田区','3','0'),
('3366','395','东区','3','0'),
('3367','395','观塘区','3','0'),
('3368','395','黄大仙区','3','0'),
('3369','395','九龙城区','3','0'),
('3370','395','屯门区','3','0'),
('3371','395','葵青区','3','0'),
('3372','395','元朗区','3','0'),
('3373','395','深水埗区','3','0'),
('3374','395','西贡区','3','0'),
('3375','395','大埔区','3','0'),
('3376','395','湾仔区','3','0'),
('3377','395','油尖旺区','3','0'),
('3378','395','北区','3','0'),
('3379','395','南区','3','0'),
('3380','395','荃湾区','3','0'),
('3381','395','中西区','3','0'),
('3382','395','离岛区','3','0'),
('3383','396','澳门','3','0'),
('3384','397','台北','3','0'),
('3385','397','高雄','3','0'),
('3386','397','基隆','3','0'),
('3387','397','台中','3','0'),
('3388','397','台南','3','0'),
('3389','397','新竹','3','0'),
('3390','397','嘉义','3','0'),
('3391','397','宜兰县','3','0'),
('3392','397','桃园县','3','0'),
('3393','397','苗栗县','3','0'),
('3394','397','彰化县','3','0'),
('3395','397','南投县','3','0'),
('3396','397','云林县','3','0'),
('3397','397','屏东县','3','0'),
('3398','397','台东县','3','0'),
('3399','397','花莲县','3','0'),
('3400','397','澎湖县','3','0'),
('3401','3','合肥','2','0'),
('3402','3401','庐阳区','3','0'),
('3403','3401','瑶海区','3','0'),
('3404','3401','蜀山区','3','0'),
('3405','3401','包河区','3','0'),
('3406','3401','长丰县','3','0'),
('3407','3401','肥东县','3','0'),
('3408','3401','肥西县','3','0');
DROP TABLE IF EXISTS  `ecs_role`;
CREATE TABLE `ecs_role` (
  `role_id` smallint(5) unsigned NOT NULL AUTO_INCREMENT,
  `role_name` varchar(60) NOT NULL DEFAULT '',
  `action_list` text NOT NULL,
  `role_describe` text,
  PRIMARY KEY (`role_id`),
  KEY `user_name` (`role_name`)
) ENGINE=InnoDB DEFAULT CHARSET=utf8 ROW_FORMAT=DYNAMIC;

DROP TABLE IF EXISTS  `ecs_searchengine`;
CREATE TABLE `ecs_searchengine` (
  `date` date NOT NULL DEFAULT '0000-00-00',
  `searchengine` varchar(20) NOT NULL DEFAULT '',
  `count` mediumint(8) unsigned NOT NULL DEFAULT '0',
  PRIMARY KEY (`date`,`searchengine`)
) ENGINE=InnoDB DEFAULT CHARSET=utf8 ROW_FORMAT=DYNAMIC;

DROP TABLE IF EXISTS  `ecs_sessions`;
CREATE TABLE `ecs_sessions` (
  `sesskey` char(32) CHARACTER SET utf8 COLLATE utf8_bin NOT NULL DEFAULT '',
  `expiry` int(10) unsigned NOT NULL DEFAULT '0',
  `userid` mediumint(8) unsigned NOT NULL DEFAULT '0',
  `adminid` mediumint(8) unsigned NOT NULL DEFAULT '0',
  `ip` char(15) NOT NULL DEFAULT '',
  `user_name` varchar(60) NOT NULL,
  `user_rank` tinyint(3) NOT NULL,
  `discount` decimal(3,2) NOT NULL,
  `email` varchar(60) NOT NULL,
  `data` char(255) NOT NULL DEFAULT '',
  PRIMARY KEY (`sesskey`),
  KEY `expiry` (`expiry`)
) ENGINE=InnoDB DEFAULT CHARSET=utf8 ROW_FORMAT=DYNAMIC;

insert into `ecs_sessions`(`sesskey`,`expiry`,`userid`,`adminid`,`ip`,`user_name`,`user_rank`,`discount`,`email`,`data`) values
('42d7a6b210e4f9aab2c8c6b52e546165','1501559506','0','0','119.130.70.28','0','0',1.00,'0','a:4:{s:7:"from_ad";i:8;s:7:"referer";s:6:"本站";s:9:"last_time";i:1501530399;s:14:"ectouch_verify";s:4:"9JEX";}'),
('dee4e640f8e5ffde24f098c501a2f6cb','1501559171','0','0','119.130.70.28','0','0',1.00,'0','a:3:{s:7:"from_ad";i:0;s:7:"referer";s:6:"本站";s:10:"login_fail";i:0;}');
DROP TABLE IF EXISTS  `ecs_sessions_data`;
CREATE TABLE `ecs_sessions_data` (
  `sesskey` varchar(32) CHARACTER SET utf8 COLLATE utf8_bin NOT NULL DEFAULT '',
  `expiry` int(10) unsigned NOT NULL DEFAULT '0',
  `data` longtext NOT NULL,
  PRIMARY KEY (`sesskey`),
  KEY `expiry` (`expiry`)
) ENGINE=InnoDB DEFAULT CHARSET=utf8 ROW_FORMAT=DYNAMIC;

insert into `ecs_sessions_data`(`sesskey`,`expiry`,`data`) values
('024f6a3f80016169eb53672efcc497ad','2802186820','a:10:{s:7:"from_ad";i:0;s:7:"referer";s:6:"本站";s:10:"login_fail";i:0;s:12:"captcha_word";s:16:"Y2NmMGQyYjJhMw==";s:14:"display_search";s:4:"grid";s:9:"flow_type";i:0;s:10:"flow_order";a:8:{s:14:"extension_code";s:0:"";s:11:"shipping_id";s:1:"5";s:6:"pay_id";s:1:"2";s:7:"pack_id";i:0;s:7:"card_id";i:0;s:5:"bonus";i:0;s:8:"integral";i:0;s:7:"surplus";i:0;}s:9:"last_time";s:10:"1400807153";s:7:"last_ip";s:9:"127.0.0.1";s:14:"flow_consignee";a:15:{s:10:"address_id";s:2:"11";s:12:"address_name";s:0:"";s:7:"user_id";s:2:"11";s:9:"consignee";s:6:"小松";s:5:"email";s:16:"260436487@qq.com";s:7:"country";s:1:"1";s:8:"province";s:1:"4";s:4:"city";s:2:"57";s:8:"district";s:3:"559";s:7:"address";s:16:"龙吴路2588弄";s:7:"zipcode";s:0:"";s:3:"tel";s:11:"15221019887";s:6:"mobile";s:0:"";s:13:"sign_building";s:0:"";s:9:"best_time";s:0:"";}}'),
('0369c8c1f74bb80b05e562efa40eb69b','4294967295','a:8:{s:7:"from_ad";i:0;s:7:"referer";s:6:"本站";s:10:"login_fail";i:0;s:9:"flow_type";i:0;s:12:"captcha_word";s:16:"NDYwNjBmMjZmOA==";s:9:"last_time";s:10:"1403802067";s:7:"last_ip";s:9:"127.0.0.1";s:14:"display_search";s:4:"grid";}'),
('164236e175f5a5a51a2c2c327584de2f','4294967295','a:7:{s:10:"login_fail";i:0;s:10:"flow_order";a:8:{s:14:"extension_code";s:0:"";s:11:"shipping_id";i:5;s:6:"pay_id";i:4;s:7:"pack_id";i:0;s:7:"card_id";i:0;s:5:"bonus";i:0;s:8:"integral";i:0;s:7:"surplus";i:0;}s:9:"last_time";s:10:"1399598579";s:7:"last_ip";s:9:"127.0.0.1";s:14:"flow_consignee";a:15:{s:10:"address_id";s:1:"6";s:12:"address_name";s:0:"";s:7:"user_id";s:2:"11";s:9:"consignee";s:6:"范波";s:5:"email";s:16:"260436487@qq.com";s:7:"country";s:1:"1";s:8:"province";s:2:"25";s:4:"city";s:3:"321";s:8:"district";s:4:"2709";s:7:"address";s:47:"中山北路2911号中关村科技大厦2402室";s:7:"zipcode";s:6:"200333";s:3:"tel";s:11:"15221019887";s:6:"mobile";s:0:"";s:13:"sign_building";s:0:"";s:9:"best_time";s:0:"";}s:12:"captcha_word";s:16:"ODAyNDE4OGEzNA==";s:9:"flow_type";i:0;}'),
('169b5bedd8581630fdcec8aeff59d53c','2806504471','a:8:{s:7:"from_ad";i:0;s:7:"referer";s:6:"本站";s:10:"login_fail";i:0;s:9:"flow_type";i:0;s:9:"last_time";s:10:"1403221082";s:7:"last_ip";s:9:"127.0.0.1";s:10:"flow_order";a:8:{s:14:"extension_code";s:0:"";s:11:"shipping_id";s:1:"5";s:6:"pay_id";s:1:"2";s:7:"pack_id";i:0;s:7:"card_id";i:0;s:5:"bonus";i:0;s:8:"integral";i:0;s:7:"surplus";i:0;}s:14:"flow_consignee";a:15:{s:10:"address_id";s:1:"6";s:12:"address_name";s:0:"";s:7:"user_id";s:2:"11";s:9:"consignee";s:6:"范波";s:5:"email";s:16:"260436487@qq.com";s:7:"country";s:1:"1";s:8:"province";s:2:"25";s:4:"city";s:3:"321";s:8:"district";s:4:"2709";s:7:"address";s:47:"中山北路2911号中关村科技大厦2402室";s:7:"zipcode";s:6:"200333";s:3:"tel";s:11:"15221019887";s:6:"mobile";s:0:"";s:13:"sign_building";s:0:"";s:9:"best_time";s:0:"";}}'),
('177ea2640b09ab5a20206da20e332942','4165358746','a:9:{s:7:"from_ad";i:0;s:7:"referer";s:6:"本站";s:10:"login_fail";i:0;s:14:"display_search";s:4:"grid";s:12:"captcha_word";s:16:"OGI4Yzk5NzQ0NA==";s:13:"captcha_login";s:16:"NTFiY2E2MDUyNg==";s:9:"last_time";s:10:"1388343886";s:7:"last_ip";s:9:"127.0.0.1";s:9:"flow_type";i:0;}'),
('17d836b8014e009e6994587e184fad59','4294967295','a:9:{s:7:"from_ad";i:0;s:7:"referer";s:6:"本站";s:10:"login_fail";i:0;s:12:"captcha_word";s:16:"MzA1ZDk4YjFlYw==";s:9:"flow_type";i:0;s:13:"captcha_login";s:16:"MDQwZjA3Mjc2ZQ==";s:10:"flow_order";a:8:{s:14:"extension_code";s:0:"";s:11:"shipping_id";i:5;s:6:"pay_id";i:2;s:7:"pack_id";i:0;s:7:"card_id";i:0;s:5:"bonus";i:0;s:8:"integral";i:0;s:7:"surplus";i:0;}s:15:"direct_shopping";i:1;s:14:"flow_consignee";a:13:{s:10:"address_id";i:0;s:9:"consignee";s:10:"sdhsrhdrhs";s:7:"country";s:1:"1";s:8:"province";s:1:"4";s:4:"city";s:2:"54";s:8:"district";s:3:"532";s:5:"email";s:13:"123252@qq.com";s:7:"address";s:12:"dhasrdgrahah";s:7:"zipcode";s:6:"123456";s:3:"tel";s:12:"154896222333";s:6:"mobile";s:0:"";s:13:"sign_building";s:0:"";s:9:"best_time";s:0:"";}}'),
('19d09d1da8a47afe6a12aabd0df87e9e','4294967295','a:9:{s:7:"from_ad";i:0;s:7:"referer";s:6:"本站";s:10:"login_fail";i:0;s:9:"flow_type";i:0;s:12:"captcha_word";s:16:"MjNjZTBiYTNlYg==";s:10:"flow_order";a:8:{s:14:"extension_code";s:0:"";s:11:"shipping_id";s:1:"5";s:6:"pay_id";s:1:"4";s:7:"pack_id";i:0;s:7:"card_id";i:0;s:5:"bonus";i:0;s:8:"integral";i:0;s:7:"surplus";i:0;}s:9:"last_time";s:10:"1399419344";s:7:"last_ip";s:9:"127.0.0.1";s:14:"flow_consignee";a:15:{s:10:"address_id";s:1:"6";s:12:"address_name";s:0:"";s:7:"user_id";s:2:"11";s:9:"consignee";s:6:"范波";s:5:"email";s:16:"260436487@qq.com";s:7:"country";s:1:"1";s:8:"province";s:2:"25";s:4:"city";s:3:"321";s:8:"district";s:4:"2709";s:7:"address";s:47:"中山北路2911号中关村科技大厦2402室";s:7:"zipcode";s:6:"200333";s:3:"tel";s:11:"15221019887";s:6:"mobile";s:0:"";s:13:"sign_building";s:0:"";s:9:"best_time";s:0:"";}}'),
('1d1fcd27d0f5d152fa5b1723e925309c','4200158454','a:10:{s:7:"from_ad";i:0;s:7:"referer";s:6:"本站";s:10:"login_fail";i:0;s:10:"flow_order";a:9:{s:14:"extension_code";s:14:"exchange_goods";s:11:"shipping_id";s:1:"5";s:6:"pay_id";s:1:"4";s:7:"pack_id";i:0;s:7:"card_id";i:0;s:5:"bonus";i:0;s:8:"integral";i:0;s:7:"surplus";i:0;s:12:"extension_id";i:153;}s:9:"last_time";s:10:"1400023377";s:7:"last_ip";s:9:"127.0.0.1";s:9:"flow_type";i:4;s:14:"extension_code";s:14:"exchange_goods";s:12:"extension_id";i:153;s:14:"flow_consignee";a:14:{s:10:"address_id";i:0;s:9:"consignee";s:6:"小松";s:7:"country";s:1:"1";s:8:"province";s:2:"25";s:4:"city";s:3:"321";s:8:"district";s:4:"2709";s:5:"email";s:16:"260436487@qq.com";s:7:"address";s:16:"龙吴路2588弄";s:7:"zipcode";s:0:"";s:3:"tel";s:11:"15221019887";s:6:"mobile";s:0:"";s:13:"sign_building";s:0:"";s:9:"best_time";s:0:"";s:7:"user_id";s:2:"11";}}'),
('1dd785a842e3a1e53a2a21296277d63c','4294967295','a:7:{s:7:"from_ad";i:0;s:7:"referer";s:6:"本站";s:10:"login_fail";i:0;s:10:"flow_order";a:8:{s:14:"extension_code";s:0:"";s:11:"shipping_id";s:1:"5";s:6:"pay_id";s:1:"2";s:7:"pack_id";i:0;s:7:"card_id";i:0;s:5:"bonus";i:0;s:8:"integral";i:0;s:7:"surplus";i:0;}s:9:"last_time";s:10:"1403463530";s:7:"last_ip";s:9:"127.0.0.1";s:14:"flow_consignee";a:15:{s:10:"address_id";s:1:"6";s:12:"address_name";s:0:"";s:7:"user_id";s:2:"11";s:9:"consignee";s:6:"范波";s:5:"email";s:16:"260436487@qq.com";s:7:"country";s:1:"1";s:8:"province";s:2:"25";s:4:"city";s:3:"321";s:8:"district";s:4:"2709";s:7:"address";s:47:"中山北路2911号中关村科技大厦2402室";s:7:"zipcode";s:6:"200333";s:3:"tel";s:11:"15221019887";s:6:"mobile";s:0:"";s:13:"sign_building";s:0:"";s:9:"best_time";s:0:"";}}'),
('1f5ab95cb2810f7e1063901a87209f77','4223456540','a:10:{s:7:"from_ad";i:0;s:7:"referer";s:6:"本站";s:10:"login_fail";i:0;s:12:"captcha_word";s:16:"YWY5YmY4ZjM2NQ==";s:9:"flow_type";i:1;s:10:"flow_order";a:1:{s:14:"extension_code";s:0:"";}s:9:"last_time";s:10:"1407718915";s:7:"last_ip";s:12:"27.13.21.249";s:14:"extension_code";s:9:"group_buy";s:12:"extension_id";i:39;}'),
('224f3563bcf85cfda830e7bac9a70ab9','2800105128','a:10:{s:7:"from_ad";i:0;s:7:"referer";s:6:"本站";s:10:"login_fail";i:0;s:9:"last_time";s:10:"1399917900";s:7:"last_ip";s:9:"127.0.0.1";s:9:"flow_type";i:4;s:14:"extension_code";s:14:"exchange_goods";s:12:"extension_id";i:153;s:14:"flow_consignee";a:14:{s:10:"address_id";s:1:"6";s:9:"consignee";s:6:"范波";s:7:"country";s:1:"1";s:8:"province";s:2:"25";s:4:"city";s:3:"321";s:8:"district";s:4:"2709";s:5:"email";s:16:"260436487@qq.com";s:7:"address";s:47:"中山北路2911号中关村科技大厦2402室";s:7:"zipcode";s:6:"200333";s:3:"tel";s:11:"15221019887";s:6:"mobile";s:0:"";s:13:"sign_building";s:0:"";s:9:"best_time";s:0:"";s:7:"user_id";s:2:"11";}s:10:"flow_order";a:9:{s:11:"shipping_id";s:1:"5";s:6:"pay_id";s:1:"4";s:7:"pack_id";i:0;s:7:"card_id";i:0;s:5:"bonus";i:0;s:8:"integral";i:0;s:7:"surplus";i:0;s:14:"extension_code";s:14:"exchange_goods";s:12:"extension_id";i:153;}}'),
('22b1eb642a01789dee01ed316365753a','4294967295','a:10:{s:7:"from_ad";i:0;s:7:"referer";s:6:"本站";s:10:"login_fail";i:0;s:9:"flow_type";i:0;s:10:"flow_order";a:8:{s:14:"extension_code";s:0:"";s:11:"shipping_id";i:5;s:6:"pay_id";i:4;s:7:"pack_id";i:0;s:7:"card_id";i:0;s:5:"bonus";i:0;s:8:"integral";i:0;s:7:"surplus";i:0;}s:12:"captcha_word";s:16:"ZTI3ZTJiY2YyZg==";s:15:"direct_shopping";i:1;s:9:"last_time";s:10:"1394991442";s:7:"last_ip";s:9:"127.0.0.1";s:14:"flow_consignee";a:15:{s:10:"address_id";s:1:"6";s:12:"address_name";s:0:"";s:7:"user_id";s:2:"11";s:9:"consignee";s:6:"范波";s:5:"email";s:16:"260436487@qq.com";s:7:"country";s:1:"1";s:8:"province";s:2:"25";s:4:"city";s:3:"321";s:8:"district";s:4:"2709";s:7:"address";s:47:"中山北路2911号中关村科技大厦2402室";s:7:"zipcode";s:6:"200333";s:3:"tel";s:11:"15221019887";s:6:"mobile";s:0:"";s:13:"sign_building";s:0:"";s:9:"best_time";s:0:"";}}'),
('271959a61e247f51c08254c7a89062de','4294967295','a:11:{s:7:"from_ad";i:0;s:7:"referer";s:6:"本站";s:10:"login_fail";i:0;s:12:"captcha_word";s:16:"MDBiYzdhYzEwMA==";s:9:"last_time";s:10:"1404768486";s:7:"last_ip";s:9:"127.0.0.1";s:9:"flow_type";i:0;s:14:"extension_code";s:9:"group_buy";s:12:"extension_id";i:36;s:14:"flow_consignee";a:14:{s:10:"address_id";s:1:"6";s:9:"consignee";s:6:"范波";s:7:"country";s:1:"1";s:8:"province";s:2:"25";s:4:"city";s:3:"321";s:8:"district";s:4:"2709";s:5:"email";s:16:"260436487@qq.com";s:7:"address";s:47:"中山北路2911号中关村科技大厦2402室";s:7:"zipcode";s:6:"200333";s:3:"tel";s:11:"15221019887";s:6:"mobile";s:0:"";s:13:"sign_building";s:0:"";s:9:"best_time";s:0:"";s:7:"user_id";s:2:"11";}s:10:"flow_order";a:9:{s:11:"shipping_id";s:1:"3";s:6:"pay_id";i:3;s:7:"pack_id";i:0;s:7:"card_id";i:0;s:5:"bonus";i:0;s:8:"integral";i:0;s:7:"surplus";i:0;s:14:"extension_code";s:0:"";s:12:"extension_id";i:36;}}'),
('29498b8701851f5304c2d6d5326ea31d','4203484002','a:9:{s:7:"from_ad";i:0;s:7:"referer";s:6:"本站";s:10:"login_fail";i:0;s:12:"captcha_word";s:16:"ZGU3ZjQ5Zjk1ZQ==";s:9:"flow_type";i:0;s:10:"flow_order";a:8:{s:14:"extension_code";s:0:"";s:11:"shipping_id";s:1:"5";s:6:"pay_id";s:1:"2";s:7:"pack_id";i:0;s:7:"card_id";i:0;s:5:"bonus";i:0;s:8:"integral";i:0;s:7:"surplus";i:0;}s:9:"last_time";s:10:"1401064610";s:7:"last_ip";s:9:"127.0.0.1";s:14:"flow_consignee";a:14:{s:10:"address_id";s:1:"6";s:9:"consignee";s:6:"范波";s:7:"country";s:1:"1";s:8:"province";s:2:"25";s:4:"city";s:3:"321";s:8:"district";s:4:"2709";s:5:"email";s:16:"260436487@qq.com";s:7:"address";s:47:"中山北路2911号中关村科技大厦2402室";s:7:"zipcode";s:6:"200333";s:3:"tel";s:11:"15221019887";s:6:"mobile";s:0:"";s:13:"sign_building";s:0:"";s:9:"best_time";s:0:"";s:7:"user_id";s:2:"11";}}'),
('3406332714261116c6ab1c6d05a210c3','4294967295','a:9:{s:7:"from_ad";i:0;s:7:"referer";s:6:"本站";s:10:"login_fail";i:0;s:12:"captcha_word";s:16:"MzkyM2VhZTBlOQ==";s:9:"flow_type";i:4;s:9:"last_time";s:10:"1400114584";s:7:"last_ip";s:9:"127.0.0.1";s:14:"extension_code";s:14:"exchange_goods";s:12:"extension_id";i:153;}'),
('39c553ad7096020b806cc78c1bc35f29','4294967295','a:9:{s:7:"from_ad";i:0;s:7:"referer";s:6:"本站";s:10:"login_fail";i:0;s:9:"last_time";s:10:"1399834711";s:7:"last_ip";s:9:"127.0.0.1";s:9:"flow_type";i:0;s:12:"captcha_word";s:16:"MDI0MmJiNTMxNg==";s:10:"flow_order";a:8:{s:14:"extension_code";s:0:"";s:11:"shipping_id";s:1:"5";s:6:"pay_id";s:1:"4";s:7:"pack_id";i:0;s:7:"card_id";i:0;s:5:"bonus";i:0;s:8:"integral";i:0;s:7:"surplus";i:0;}s:14:"flow_consignee";a:15:{s:10:"address_id";s:1:"6";s:12:"address_name";s:0:"";s:7:"user_id";s:2:"11";s:9:"consignee";s:6:"范波";s:5:"email";s:16:"260436487@qq.com";s:7:"country";s:1:"1";s:8:"province";s:2:"25";s:4:"city";s:3:"321";s:8:"district";s:4:"2709";s:7:"address";s:47:"中山北路2911号中关村科技大厦2402室";s:7:"zipcode";s:6:"200333";s:3:"tel";s:11:"15221019887";s:6:"mobile";s:0:"";s:13:"sign_building";s:0:"";s:9:"best_time";s:0:"";}}'),
('3dd19ba3fcb0d5d63162a7922488b85c','4187214231','a:9:{s:7:"from_ad";i:0;s:7:"referer";s:6:"本站";s:10:"login_fail";i:0;s:9:"flow_type";i:0;s:10:"flow_order";a:8:{s:14:"extension_code";s:0:"";s:11:"shipping_id";s:1:"5";s:6:"pay_id";s:1:"4";s:7:"pack_id";i:0;s:7:"card_id";i:0;s:5:"bonus";i:0;s:8:"integral";i:0;s:7:"surplus";i:0;}s:12:"captcha_word";s:16:"NjA5NTE4YTVlOA==";s:9:"last_time";s:10:"1395689781";s:7:"last_ip";s:9:"127.0.0.1";s:14:"flow_consignee";a:15:{s:10:"address_id";s:1:"6";s:12:"address_name";s:0:"";s:7:"user_id";s:2:"11";s:9:"consignee";s:6:"范波";s:5:"email";s:16:"260436487@qq.com";s:7:"country";s:1:"1";s:8:"province";s:2:"25";s:4:"city";s:3:"321";s:8:"district";s:4:"2709";s:7:"address";s:47:"中山北路2911号中关村科技大厦2402室";s:7:"zipcode";s:6:"200333";s:3:"tel";s:11:"15221019887";s:6:"mobile";s:0:"";s:13:"sign_building";s:0:"";s:9:"best_time";s:0:"";}}'),
('40a6c875749a23db7cb99001c33f9aef','4294967295','a:7:{s:14:"ectouch_verify";s:4:"TEHY";s:9:"flow_type";i:0;s:9:"last_time";s:10:"1447207693";s:7:"last_ip";s:13:"192.168.1.109";s:10:"login_fail";i:0;s:10:"flow_order";a:8:{s:14:"extension_code";s:0:"";s:11:"shipping_id";s:1:"7";s:6:"pay_id";s:1:"4";s:7:"pack_id";i:0;s:7:"card_id";i:0;s:5:"bonus";i:0;s:8:"integral";i:0;s:7:"surplus";i:0;}s:14:"flow_consignee";a:15:{s:10:"address_id";s:2:"14";s:12:"address_name";s:0:"";s:7:"user_id";s:2:"19";s:9:"consignee";s:12:"青蜂网络";s:5:"email";s:0:"";s:7:"country";s:1:"1";s:8:"province";s:1:"6";s:4:"city";s:2:"79";s:8:"district";s:3:"715";s:7:"address";s:9:"光明路";s:7:"zipcode";s:0:"";s:3:"tel";s:0:"";s:6:"mobile";s:11:"15916852053";s:13:"sign_building";s:0:"";s:9:"best_time";s:0:"";}}'),
('42c1c6df63319ff1be55b924693912e9','4294967295','a:9:{s:10:"login_fail";i:0;s:9:"last_time";s:10:"1404927012";s:7:"last_ip";s:9:"127.0.0.1";s:9:"flow_type";i:0;s:10:"flow_order";a:9:{s:14:"extension_code";s:0:"";s:11:"shipping_id";i:6;s:6:"pay_id";i:3;s:7:"pack_id";i:0;s:7:"card_id";i:0;s:5:"bonus";i:0;s:8:"integral";i:0;s:7:"surplus";i:0;s:8:"bonus_id";s:0:"";}s:14:"flow_consignee";a:15:{s:10:"address_id";s:1:"6";s:12:"address_name";s:0:"";s:7:"user_id";s:2:"11";s:9:"consignee";s:6:"范波";s:5:"email";s:16:"260436487@qq.com";s:7:"country";s:1:"1";s:8:"province";s:2:"25";s:4:"city";s:3:"321";s:8:"district";s:4:"2709";s:7:"address";s:47:"中山北路2911号中关村科技大厦2402室";s:7:"zipcode";s:6:"200333";s:3:"tel";s:11:"15221019887";s:6:"mobile";s:0:"";s:13:"sign_building";s:0:"";s:9:"best_time";s:0:"";}s:12:"captcha_word";s:16:"NzU4MmNlZDA3MQ==";s:7:"from_ad";i:144;s:7:"referer";s:6:"本站";}'),
('47d0e778582d08bd1129888cd4fbf6b3','4294967295','a:9:{s:7:"from_ad";i:0;s:7:"referer";s:6:"本站";s:10:"login_fail";i:2;s:13:"captcha_login";s:16:"YTQzOTZhODBhNw==";s:12:"captcha_word";s:16:"YWVjYWRhOTQ3YQ==";s:9:"flow_type";i:0;s:10:"flow_order";a:1:{s:14:"extension_code";s:0:"";}s:15:"direct_shopping";i:1;s:14:"display_search";s:4:"grid";}'),
('48ad32981a8e8e8adb0452b152bf1385','4294967295','a:5:{s:10:"login_fail";i:0;s:10:"flow_order";a:8:{s:14:"extension_code";s:0:"";s:11:"shipping_id";s:1:"5";s:6:"pay_id";s:1:"2";s:7:"pack_id";i:0;s:7:"card_id";i:0;s:5:"bonus";i:0;s:8:"integral";i:0;s:7:"surplus";i:0;}s:9:"last_time";s:10:"1403482684";s:7:"last_ip";s:9:"127.0.0.1";s:14:"flow_consignee";a:15:{s:10:"address_id";s:1:"6";s:12:"address_name";s:0:"";s:7:"user_id";s:2:"11";s:9:"consignee";s:6:"范波";s:5:"email";s:16:"260436487@qq.com";s:7:"country";s:1:"1";s:8:"province";s:2:"25";s:4:"city";s:3:"321";s:8:"district";s:4:"2709";s:7:"address";s:47:"中山北路2911号中关村科技大厦2402室";s:7:"zipcode";s:6:"200333";s:3:"tel";s:11:"15221019887";s:6:"mobile";s:0:"";s:13:"sign_building";s:0:"";s:9:"best_time";s:0:"";}}'),
('4e088bf6cfaba8c33eb1ab5f7657104c','2801287077','a:9:{s:7:"from_ad";i:0;s:7:"referer";s:6:"本站";s:10:"login_fail";i:0;s:12:"captcha_word";s:16:"OWYyMGQyNzVjNg==";s:9:"flow_type";i:0;s:10:"flow_order";a:8:{s:14:"extension_code";s:0:"";s:11:"shipping_id";s:1:"5";s:6:"pay_id";s:1:"4";s:7:"pack_id";i:0;s:7:"card_id";i:0;s:5:"bonus";i:0;s:8:"integral";i:0;s:7:"surplus";i:0;}s:9:"last_time";s:10:"1400540778";s:7:"last_ip";s:9:"127.0.0.1";s:14:"flow_consignee";a:15:{s:10:"address_id";s:1:"6";s:12:"address_name";s:0:"";s:7:"user_id";s:2:"11";s:9:"consignee";s:6:"范波";s:5:"email";s:16:"260436487@qq.com";s:7:"country";s:1:"1";s:8:"province";s:2:"25";s:4:"city";s:3:"321";s:8:"district";s:4:"2709";s:7:"address";s:47:"中山北路2911号中关村科技大厦2402室";s:7:"zipcode";s:6:"200333";s:3:"tel";s:11:"15221019887";s:6:"mobile";s:0:"";s:13:"sign_building";s:0:"";s:9:"best_time";s:0:"";}}'),
('53d7f5265ff953ac8e19c827d55a7ae0','4294967295','a:7:{s:10:"login_fail";i:1;s:9:"flow_type";i:0;s:10:"flow_order";a:1:{s:14:"extension_code";s:0:"";}s:12:"captcha_word";s:16:"OThjOTJiN2Q3OQ==";s:7:"from_ad";i:72;s:7:"referer";s:6:"本站";s:13:"captcha_login";s:16:"N2Y1NmViNTFkNw==";}'),
('595d7952e78cc355cc2e394c2d3b07fb','4294967295','a:9:{s:7:"from_ad";i:0;s:7:"referer";s:6:"本站";s:10:"login_fail";i:0;s:12:"captcha_word";s:16:"MWZhYjIzMzE3Ng==";s:13:"captcha_login";s:16:"MTM2MWU5ZTRhMg==";s:9:"flow_type";i:0;s:10:"flow_order";a:1:{s:14:"extension_code";s:0:"";}s:9:"last_time";s:10:"1395107552";s:7:"last_ip";s:9:"127.0.0.1";}'),
('5e600cece5883afb2145beed77278ffb','4294967295','a:6:{s:10:"login_fail";i:0;s:10:"flow_order";a:8:{s:14:"extension_code";s:0:"";s:11:"shipping_id";i:0;s:6:"pay_id";i:0;s:7:"pack_id";i:1;s:7:"card_id";i:1;s:5:"bonus";i:0;s:8:"integral";i:0;s:7:"surplus";i:0;}s:12:"captcha_word";s:16:"MTczNzFhYjcyMw==";s:15:"direct_shopping";i:1;s:9:"flow_type";i:0;s:14:"flow_consignee";a:13:{s:10:"address_id";i:0;s:9:"consignee";s:6:"小付";s:7:"country";s:1:"1";s:8:"province";s:1:"5";s:4:"city";s:2:"65";s:8:"district";s:3:"628";s:5:"email";s:16:"290249130@qq.com";s:7:"address";s:37:"fdgasgk,sg;algmas/ma;lkga,,gsammlml;a";s:7:"zipcode";s:6:"123456";s:3:"tel";s:11:"12345678912";s:6:"mobile";s:0:"";s:13:"sign_building";s:0:"";s:9:"best_time";s:0:"";}}'),
('62ce1bb3c9ea8efc9ecefd11b8ac509c','4294967295','a:8:{s:7:"from_ad";i:0;s:7:"referer";s:6:"本站";s:10:"login_fail";i:0;s:9:"last_time";s:10:"1403572741";s:7:"last_ip";s:9:"127.0.0.1";s:9:"flow_type";i:0;s:10:"flow_order";a:8:{s:14:"extension_code";s:0:"";s:11:"shipping_id";s:1:"3";s:6:"pay_id";s:1:"1";s:7:"pack_id";i:0;s:7:"card_id";i:0;s:5:"bonus";i:0;s:8:"integral";i:0;s:7:"surplus";i:0;}s:14:"flow_consignee";a:15:{s:10:"address_id";s:1:"6";s:12:"address_name";s:0:"";s:7:"user_id";s:2:"11";s:9:"consignee";s:6:"范波";s:5:"email";s:16:"260436487@qq.com";s:7:"country";s:1:"1";s:8:"province";s:2:"25";s:4:"city";s:3:"321";s:8:"district";s:4:"2709";s:7:"address";s:47:"中山北路2911号中关村科技大厦2402室";s:7:"zipcode";s:6:"200333";s:3:"tel";s:11:"15221019887";s:6:"mobile";s:0:"";s:13:"sign_building";s:0:"";s:9:"best_time";s:0:"";}}'),
('791a5a51bc76b8349f60c8b6528e9cf3','4294967295','a:8:{s:7:"from_ad";i:0;s:7:"referer";s:6:"本站";s:10:"login_fail";i:0;s:12:"captcha_word";s:16:"MmZkYzcxMzQ4ZQ==";s:9:"flow_type";i:0;s:13:"captcha_login";s:16:"Y2E3MDBmMTgwYg==";s:9:"last_time";s:10:"1390267906";s:7:"last_ip";s:9:"127.0.0.1";}'),
('792c3577178c5ac5fa4fe530f51c4444','4294967295','a:9:{s:7:"from_ad";i:0;s:7:"referer";s:6:"本站";s:10:"login_fail";i:0;s:12:"captcha_word";s:16:"MTE0MDVkZmRhZQ==";s:9:"flow_type";i:0;s:9:"last_time";s:10:"1400623228";s:7:"last_ip";s:9:"127.0.0.1";s:10:"flow_order";a:8:{s:14:"extension_code";s:0:"";s:11:"shipping_id";s:1:"5";s:6:"pay_id";s:1:"2";s:7:"pack_id";i:0;s:7:"card_id";i:0;s:5:"bonus";i:0;s:8:"integral";i:0;s:7:"surplus";i:0;}s:14:"flow_consignee";a:14:{s:10:"address_id";i:0;s:9:"consignee";s:6:"小松";s:7:"country";s:1:"1";s:8:"province";s:1:"4";s:4:"city";s:2:"57";s:8:"district";s:3:"559";s:5:"email";s:16:"260436487@qq.com";s:7:"address";s:16:"龙吴路2588弄";s:7:"zipcode";s:0:"";s:3:"tel";s:11:"15221019887";s:6:"mobile";s:0:"";s:13:"sign_building";s:0:"";s:9:"best_time";s:0:"";s:7:"user_id";s:2:"11";}}'),
('796be97f98c6e6c83b158e4b3905315f','2773103758','a:8:{s:7:"from_ad";i:0;s:7:"referer";s:6:"本站";s:10:"login_fail";i:0;s:12:"captcha_word";s:16:"ZGI1NTc5MjNlNA==";s:9:"flow_type";i:0;s:10:"flow_order";a:1:{s:14:"extension_code";s:0:"";}s:13:"captcha_login";s:16:"MGQ4ZjBkZjdhNQ==";s:15:"direct_shopping";i:1;}'),
('7d7fb7f044f699173bb15f179ab4c6f7','4294967295','a:6:{s:10:"login_fail";i:0;s:9:"flow_type";i:0;s:10:"flow_order";a:8:{s:14:"extension_code";s:0:"";s:11:"shipping_id";s:1:"3";s:6:"pay_id";i:1;s:7:"pack_id";i:0;s:7:"card_id";i:0;s:5:"bonus";i:0;s:8:"integral";i:0;s:7:"surplus";i:0;}s:9:"last_time";s:10:"1403738825";s:7:"last_ip";s:9:"127.0.0.1";s:14:"flow_consignee";a:15:{s:10:"address_id";s:1:"6";s:12:"address_name";s:0:"";s:7:"user_id";s:2:"11";s:9:"consignee";s:6:"范波";s:5:"email";s:16:"260436487@qq.com";s:7:"country";s:1:"1";s:8:"province";s:2:"25";s:4:"city";s:3:"321";s:8:"district";s:4:"2709";s:7:"address";s:47:"中山北路2911号中关村科技大厦2402室";s:7:"zipcode";s:6:"200333";s:3:"tel";s:11:"15221019887";s:6:"mobile";s:0:"";s:13:"sign_building";s:0:"";s:9:"best_time";s:0:"";}}'),
('7e59410b21dfa083e6586096103c4fe2','4294967295','a:9:{s:7:"from_ad";i:0;s:7:"referer";s:6:"本站";s:10:"login_fail";i:0;s:12:"captcha_word";s:16:"MzJjZjMwYzY3Mw==";s:9:"flow_type";i:0;s:9:"last_time";s:10:"1399411478";s:7:"last_ip";s:9:"127.0.0.1";s:10:"flow_order";a:8:{s:14:"extension_code";s:0:"";s:11:"shipping_id";s:1:"5";s:6:"pay_id";s:1:"4";s:7:"pack_id";i:0;s:7:"card_id";i:0;s:5:"bonus";i:0;s:8:"integral";i:0;s:7:"surplus";i:0;}s:14:"flow_consignee";a:15:{s:10:"address_id";s:1:"6";s:12:"address_name";s:0:"";s:7:"user_id";s:2:"11";s:9:"consignee";s:6:"范波";s:5:"email";s:16:"260436487@qq.com";s:7:"country";s:1:"1";s:8:"province";s:2:"25";s:4:"city";s:3:"321";s:8:"district";s:4:"2709";s:7:"address";s:47:"中山北路2911号中关村科技大厦2402室";s:7:"zipcode";s:6:"200333";s:3:"tel";s:11:"15221019887";s:6:"mobile";s:0:"";s:13:"sign_building";s:0:"";s:9:"best_time";s:0:"";}}'),
('816b8a0500209ec05706acc8cd32510c','4294967295','a:7:{s:7:"from_ad";i:0;s:7:"referer";s:6:"本站";s:10:"login_fail";i:0;s:12:"captcha_word";s:16:"YTMzZjkwNTJmMw==";s:9:"flow_type";i:0;s:10:"flow_order";a:1:{s:14:"extension_code";s:0:"";}s:13:"captcha_login";s:16:"NjlkMzQyYmIyOA==";}'),
('84d4ffc6f5f5978540e16ede7e3c66c3','4294967295','a:9:{s:7:"from_ad";i:0;s:7:"referer";s:6:"本站";s:10:"login_fail";i:0;s:12:"captcha_word";s:16:"Y2IxNjY5NTAzMw==";s:9:"flow_type";i:0;s:13:"captcha_login";s:16:"YTRiYzI0ZWM1MA==";s:10:"flow_order";a:8:{s:14:"extension_code";s:0:"";s:11:"shipping_id";i:5;s:6:"pay_id";i:2;s:7:"pack_id";i:0;s:7:"card_id";i:0;s:5:"bonus";i:0;s:8:"integral";i:0;s:7:"surplus";i:0;}s:15:"direct_shopping";i:1;s:14:"flow_consignee";a:13:{s:10:"address_id";i:0;s:9:"consignee";s:3:"111";s:7:"country";s:1:"1";s:8:"province";s:1:"7";s:4:"city";s:3:"101";s:8:"district";s:3:"902";s:5:"email";s:10:"222@qq.com";s:7:"address";s:3:"333";s:7:"zipcode";s:3:"444";s:3:"tel";s:4:"5655";s:6:"mobile";s:0:"";s:13:"sign_building";s:0:"";s:9:"best_time";s:0:"";}}'),
('85b549c0c9b575dc9c8814c96545b6bd','4294967295','a:8:{s:7:"from_ad";i:0;s:7:"referer";s:6:"本站";s:10:"login_fail";i:0;s:12:"captcha_word";s:16:"NmFmMWZiYTE2Nw==";s:9:"flow_type";i:0;s:9:"last_time";s:10:"1402340517";s:7:"last_ip";s:9:"127.0.0.1";s:14:"display_search";s:4:"grid";}'),
('85d55ddf9b259769653f637adcc6092e','4205328710','a:7:{s:10:"login_fail";i:0;s:10:"flow_order";a:8:{s:14:"extension_code";s:0:"";s:11:"shipping_id";s:1:"5";s:6:"pay_id";s:1:"2";s:7:"pack_id";i:0;s:7:"card_id";i:0;s:5:"bonus";i:0;s:8:"integral";i:0;s:7:"surplus";i:0;}s:12:"captcha_word";s:16:"N2YwNTdiZjQzNw==";s:9:"flow_type";i:0;s:9:"last_time";s:10:"1401746428";s:7:"last_ip";s:12:"192.168.1.55";s:14:"flow_consignee";a:15:{s:10:"address_id";s:1:"6";s:12:"address_name";s:0:"";s:7:"user_id";s:2:"11";s:9:"consignee";s:6:"范波";s:5:"email";s:16:"260436487@qq.com";s:7:"country";s:1:"1";s:8:"province";s:2:"25";s:4:"city";s:3:"321";s:8:"district";s:4:"2709";s:7:"address";s:47:"中山北路2911号中关村科技大厦2402室";s:7:"zipcode";s:6:"200333";s:3:"tel";s:11:"15221019887";s:6:"mobile";s:0:"";s:13:"sign_building";s:0:"";s:9:"best_time";s:0:"";}}'),
('860fcc0a0336505e249eb3a549c9a4ba','2773106046','a:8:{s:7:"from_ad";i:0;s:7:"referer";s:6:"本站";s:10:"login_fail";i:0;s:9:"flow_type";i:0;s:12:"captcha_word";s:16:"MjlhMTc5NzQ2OQ==";s:10:"flow_order";a:1:{s:14:"extension_code";s:0:"";}s:13:"captcha_login";s:16:"MDFjZWMyZWFhNQ==";s:15:"direct_shopping";i:1;}'),
('8de4aaba193a1c4949d8eb4ad150e074','2809922340','a:7:{s:7:"from_ad";i:0;s:7:"referer";s:6:"本站";s:10:"login_fail";i:0;s:10:"flow_order";a:8:{s:14:"extension_code";s:0:"";s:11:"shipping_id";i:0;s:6:"pay_id";i:0;s:7:"pack_id";i:0;s:7:"card_id";i:0;s:5:"bonus";i:0;s:8:"integral";i:0;s:7:"surplus";i:0;}s:9:"flow_type";i:0;s:15:"direct_shopping";i:1;s:14:"flow_consignee";a:13:{s:10:"address_id";i:0;s:9:"consignee";s:3:"111";s:7:"country";s:1:"1";s:8:"province";s:1:"5";s:4:"city";s:2:"67";s:8:"district";s:3:"634";s:5:"email";s:10:"222@qq.com";s:7:"address";s:2:"33";s:7:"zipcode";s:3:"444";s:3:"tel";s:3:"222";s:6:"mobile";s:0:"";s:13:"sign_building";s:0:"";s:9:"best_time";s:0:"";}}'),
('8fae093d4edc796b985ef6582184ec32','2763601094','a:8:{s:7:"from_ad";i:0;s:7:"referer";s:6:"本站";s:10:"login_fail";i:0;s:12:"captcha_word";s:16:"NjBjZjdjYWMzZA==";s:9:"flow_type";i:0;s:10:"flow_order";a:8:{s:14:"extension_code";s:0:"";s:11:"shipping_id";i:0;s:6:"pay_id";i:0;s:7:"pack_id";i:0;s:7:"card_id";i:0;s:5:"bonus";i:0;s:8:"integral";i:0;s:7:"surplus";i:0;}s:15:"direct_shopping";i:1;s:14:"flow_consignee";a:13:{s:10:"address_id";i:0;s:9:"consignee";s:6:"asdasd";s:7:"country";s:1:"1";s:8:"province";s:1:"7";s:4:"city";s:3:"102";s:8:"district";s:3:"907";s:5:"email";s:11:"2222@qq.com";s:7:"address";s:3:"111";s:7:"zipcode";s:0:"";s:3:"tel";s:3:"111";s:6:"mobile";s:0:"";s:13:"sign_building";s:0:"";s:9:"best_time";s:0:"";}}'),
('9030d124b41fa065d387872aa5ff9b22','4294967295','a:9:{s:7:"from_ad";i:0;s:7:"referer";s:6:"本站";s:10:"login_fail";i:0;s:12:"captcha_word";s:16:"MTYxYTRjN2RiOQ==";s:9:"flow_type";i:0;s:13:"captcha_login";s:16:"OGVkYmNhMjljMg==";s:9:"last_time";s:10:"1395344328";s:7:"last_ip";s:9:"127.0.0.1";s:14:"display_search";s:4:"grid";}'),
('a124f4553fce4521978dd9271ec3284c','2775019185','a:9:{s:7:"from_ad";i:0;s:7:"referer";s:6:"本站";s:10:"login_fail";i:0;s:9:"flow_type";i:0;s:12:"captcha_word";s:16:"OGM2NWM5NjcwMQ==";s:14:"display_search";s:4:"grid";s:13:"captcha_login";s:16:"NzgzMmQ2ZDIwOA==";s:9:"last_time";s:10:"1387144282";s:7:"last_ip";s:9:"127.0.0.1";}'),
('a5e30bb27b806fd0e7e019a187f1c494','4294967295','a:4:{s:10:"admin_name";s:6:"221115";s:11:"action_list";s:886:"goods_manage,remove_back,cat_manage,cat_drop,attr_manage,brand_manage,comment_priv,tag_manage,goods_type,goods_auto,virualcard,picture_batch,goods_export,goods_batch,gen_goods_script,article_cat,article_manage,shopinfo_manage,shophelp_manage,vote_priv,article_auto,feedback_priv,integrate_users,sync_users,users_manage,users_drop,user_rank,surplus_manage,account_manage,shop_config,ship_manage,payment,shiparea_manage,area_manage,friendlink,flash_manage,navigator,cron,affiliate,affiliate_ck,sitemap,file_priv,file_check,reg_fields,shop_authorized,webcollect_manage,order_os_edit,order_ps_edit,order_ss_edit,order_edit,order_view,order_view_finished,repay_manage,booking,sale_order_stats,client_flow_stats,delivery_view,back_view,topic_manage,snatch_manage,ad_manage,gift_manage,card_manage,pack,bonus_manage,auction,group_by,favourable,whole_sale,package_manage,exchange_goods,sms_send";s:10:"last_check";i:1407829962;s:12:"suppliers_id";s:1:"0";}'),
('ab92f60073bf7316cb21bf45705e86df','2801654630','a:9:{s:7:"from_ad";i:0;s:7:"referer";s:6:"本站";s:10:"login_fail";i:0;s:12:"captcha_word";s:16:"NTk1MTJjOThlZg==";s:9:"flow_type";i:0;s:10:"flow_order";a:8:{s:14:"extension_code";s:0:"";s:11:"shipping_id";s:1:"5";s:6:"pay_id";s:1:"2";s:7:"pack_id";i:0;s:7:"card_id";i:0;s:5:"bonus";i:0;s:8:"integral";i:0;s:7:"surplus";i:0;}s:9:"last_time";s:10:"1400794217";s:7:"last_ip";s:9:"127.0.0.1";s:14:"flow_consignee";a:15:{s:10:"address_id";s:2:"11";s:12:"address_name";s:0:"";s:7:"user_id";s:2:"11";s:9:"consignee";s:6:"小松";s:5:"email";s:16:"260436487@qq.com";s:7:"country";s:1:"1";s:8:"province";s:1:"4";s:4:"city";s:2:"57";s:8:"district";s:3:"559";s:7:"address";s:16:"龙吴路2588弄";s:7:"zipcode";s:0:"";s:3:"tel";s:11:"15221019887";s:6:"mobile";s:0:"";s:13:"sign_building";s:0:"";s:9:"best_time";s:0:"";}}'),
('b29c7f07aab9809613bf079d3407890e','4294967295','a:9:{s:7:"from_ad";i:0;s:7:"referer";s:6:"本站";s:10:"login_fail";i:0;s:9:"flow_type";i:0;s:10:"flow_order";a:8:{s:14:"extension_code";s:0:"";s:11:"shipping_id";i:0;s:6:"pay_id";i:0;s:7:"pack_id";i:0;s:7:"card_id";i:0;s:5:"bonus";i:0;s:8:"integral";i:0;s:7:"surplus";i:0;}s:13:"captcha_login";s:16:"ZTQ2YzFmMmFmYg==";s:12:"captcha_word";s:16:"NzgzNmQxOTliNg==";s:15:"direct_shopping";i:1;s:14:"flow_consignee";a:13:{s:10:"address_id";i:0;s:9:"consignee";s:3:"111";s:7:"country";s:1:"1";s:8:"province";s:1:"3";s:4:"city";s:2:"38";s:8:"district";s:3:"417";s:5:"email";s:12:"11111@qq.com";s:7:"address";s:17:"11111111111111111";s:7:"zipcode";s:13:"1111111111111";s:3:"tel";s:16:"1111111111111111";s:6:"mobile";s:0:"";s:13:"sign_building";s:0:"";s:9:"best_time";s:0:"";}}'),
('b819d5c29db39cac8c67acc2ace46274','4294967295','a:9:{s:7:"from_ad";i:0;s:7:"referer";s:6:"本站";s:10:"login_fail";i:0;s:9:"flow_type";i:0;s:10:"flow_order";a:8:{s:14:"extension_code";s:0:"";s:11:"shipping_id";s:1:"5";s:6:"pay_id";s:1:"4";s:7:"pack_id";i:0;s:7:"card_id";i:0;s:5:"bonus";i:0;s:8:"integral";i:0;s:7:"surplus";i:0;}s:12:"captcha_word";s:16:"MzYzMTEzZjM5Mg==";s:9:"last_time";s:10:"1394998212";s:7:"last_ip";s:9:"127.0.0.1";s:14:"flow_consignee";a:15:{s:10:"address_id";s:1:"6";s:12:"address_name";s:0:"";s:7:"user_id";s:2:"11";s:9:"consignee";s:6:"范波";s:5:"email";s:16:"260436487@qq.com";s:7:"country";s:1:"1";s:8:"province";s:2:"25";s:4:"city";s:3:"321";s:8:"district";s:4:"2709";s:7:"address";s:47:"中山北路2911号中关村科技大厦2402室";s:7:"zipcode";s:6:"200333";s:3:"tel";s:11:"15221019887";s:6:"mobile";s:0:"";s:13:"sign_building";s:0:"";s:9:"best_time";s:0:"";}}'),
('b94bd74e94091f79c488a7c04fe8f8c8','4294967295','a:12:{s:7:"from_ad";i:0;s:7:"referer";s:6:"本站";s:10:"login_fail";i:0;s:12:"captcha_word";s:16:"NjIxM2JhNWJiZQ==";s:9:"flow_type";i:1;s:10:"flow_order";a:9:{s:14:"extension_code";s:9:"group_buy";s:11:"shipping_id";i:5;s:6:"pay_id";i:0;s:7:"pack_id";i:0;s:7:"card_id";i:0;s:5:"bonus";i:0;s:8:"integral";i:0;s:7:"surplus";i:0;s:12:"extension_id";i:42;}s:15:"direct_shopping";i:1;s:14:"flow_consignee";a:14:{s:10:"address_id";s:2:"12";s:9:"consignee";s:3:"123";s:7:"country";s:1:"1";s:8:"province";s:1:"2";s:4:"city";s:2:"52";s:8:"district";s:3:"500";s:5:"email";s:20:"yangting@ecmoban.com";s:7:"address";s:2:"ds";s:7:"zipcode";s:0:"";s:3:"tel";s:7:"2312323";s:6:"mobile";s:0:"";s:13:"sign_building";s:0:"";s:9:"best_time";s:0:"";s:7:"user_id";s:2:"15";}s:9:"last_time";s:10:"1404949047";s:7:"last_ip";s:12:"192.168.1.72";s:14:"extension_code";s:9:"group_buy";s:12:"extension_id";i:42;}'),
('bb306776f7af5cdc99d1cf388c8d8b25','4294967295','a:8:{s:7:"from_ad";i:0;s:7:"referer";s:6:"本站";s:10:"login_fail";i:0;s:12:"captcha_word";s:16:"NGRlMzY3NGNlZQ==";s:9:"flow_type";i:0;s:10:"flow_order";a:8:{s:14:"extension_code";s:0:"";s:11:"shipping_id";i:5;s:6:"pay_id";i:2;s:7:"pack_id";i:0;s:7:"card_id";i:0;s:5:"bonus";i:0;s:8:"integral";i:0;s:7:"surplus";i:0;}s:15:"direct_shopping";i:1;s:14:"flow_consignee";a:13:{s:10:"address_id";i:0;s:9:"consignee";s:9:"111111111";s:7:"country";s:1:"1";s:8:"province";s:1:"3";s:4:"city";s:2:"37";s:8:"district";s:3:"410";s:5:"email";s:16:"111111122@qq.com";s:7:"address";s:11:"11111111111";s:7:"zipcode";s:0:"";s:3:"tel";s:15:"111111111111111";s:6:"mobile";s:0:"";s:13:"sign_building";s:0:"";s:9:"best_time";s:0:"";}}'),
('be5742d6b73a28230b6e1dce342e8365','2774879484','a:7:{s:7:"from_ad";i:0;s:7:"referer";s:6:"本站";s:10:"login_fail";i:0;s:12:"captcha_word";s:16:"Y2ZhZjcxZDc0NA==";s:9:"flow_type";i:0;s:10:"flow_order";a:1:{s:14:"extension_code";s:0:"";}s:13:"captcha_login";s:16:"ZWM3YzEwNTFmZA==";}'),
('c1935a8f4c3e41928789c3eb71a7303a','4294967295','a:10:{s:7:"from_ad";i:0;s:7:"referer";s:6:"本站";s:10:"login_fail";i:0;s:12:"captcha_word";s:16:"NTFlY2ZmYjIwMw==";s:9:"flow_type";i:0;s:14:"display_search";s:4:"grid";s:10:"flow_order";a:1:{s:14:"extension_code";s:0:"";}s:15:"direct_shopping";i:1;s:9:"last_time";s:10:"1395783380";s:7:"last_ip";s:9:"127.0.0.1";}'),
('c1f78223e0d134ae743db57370f438a0','4223526548','a:8:{s:7:"from_ad";i:0;s:7:"referer";s:6:"本站";s:10:"login_fail";i:0;s:12:"captcha_word";s:16:"NDE0ZWU5YmNjOQ==";s:9:"flow_type";i:0;s:10:"flow_order";a:1:{s:14:"extension_code";s:0:"";}s:9:"last_time";s:10:"1407789978";s:7:"last_ip";s:12:"27.15.18.149";}'),
('c372fb51376d418264d66c76882582ac','4294967295','a:9:{s:7:"from_ad";i:0;s:7:"referer";s:6:"本站";s:10:"login_fail";i:0;s:12:"captcha_word";s:16:"MjVjMGE5ZGVkYw==";s:9:"flow_type";i:0;s:9:"last_time";s:10:"1399831200";s:7:"last_ip";s:13:"192.168.1.209";s:10:"flow_order";a:8:{s:14:"extension_code";s:0:"";s:11:"shipping_id";s:1:"5";s:6:"pay_id";s:1:"4";s:7:"pack_id";i:0;s:7:"card_id";i:0;s:5:"bonus";i:0;s:8:"integral";i:0;s:7:"surplus";i:0;}s:14:"flow_consignee";a:15:{s:10:"address_id";s:1:"6";s:12:"address_name";s:0:"";s:7:"user_id";s:2:"11";s:9:"consignee";s:6:"范波";s:5:"email";s:16:"260436487@qq.com";s:7:"country";s:1:"1";s:8:"province";s:2:"25";s:4:"city";s:3:"321";s:8:"district";s:4:"2709";s:7:"address";s:47:"中山北路2911号中关村科技大厦2402室";s:7:"zipcode";s:6:"200333";s:3:"tel";s:11:"15221019887";s:6:"mobile";s:0:"";s:13:"sign_building";s:0:"";s:9:"best_time";s:0:"";}}'),
('c43287bd251cebc115a5bb46f8d80d21','2799718004','a:9:{s:7:"from_ad";i:0;s:7:"referer";s:6:"本站";s:10:"login_fail";i:0;s:9:"flow_type";i:0;s:12:"captcha_word";s:16:"Njc4MmQ5YjJlMw==";s:10:"flow_order";a:8:{s:14:"extension_code";s:0:"";s:11:"shipping_id";s:1:"5";s:6:"pay_id";s:1:"4";s:7:"pack_id";i:0;s:7:"card_id";i:0;s:5:"bonus";i:0;s:8:"integral";i:0;s:7:"surplus";i:0;}s:9:"last_time";s:10:"1399829894";s:7:"last_ip";s:9:"127.0.0.1";s:14:"flow_consignee";a:15:{s:10:"address_id";s:1:"6";s:12:"address_name";s:0:"";s:7:"user_id";s:2:"11";s:9:"consignee";s:6:"范波";s:5:"email";s:16:"260436487@qq.com";s:7:"country";s:1:"1";s:8:"province";s:2:"25";s:4:"city";s:3:"321";s:8:"district";s:4:"2709";s:7:"address";s:47:"中山北路2911号中关村科技大厦2402室";s:7:"zipcode";s:6:"200333";s:3:"tel";s:11:"15221019887";s:6:"mobile";s:0:"";s:13:"sign_building";s:0:"";s:9:"best_time";s:0:"";}}'),
('c5f9c70e0689b882855b8e071e34bebf','4294967295','a:9:{s:7:"from_ad";i:0;s:7:"referer";s:6:"本站";s:10:"login_fail";i:0;s:12:"captcha_word";s:16:"MDJmN2ViZWQzYQ==";s:9:"flow_type";i:0;s:10:"flow_order";a:8:{s:14:"extension_code";s:0:"";s:11:"shipping_id";s:1:"6";s:6:"pay_id";s:1:"4";s:7:"pack_id";i:0;s:7:"card_id";i:0;s:5:"bonus";i:0;s:8:"integral";i:0;s:7:"surplus";i:0;}s:9:"last_time";s:10:"1501215602";s:7:"last_ip";s:7:"0.0.0.0";s:14:"flow_consignee";a:15:{s:10:"address_id";s:2:"16";s:12:"address_name";s:0:"";s:7:"user_id";s:2:"20";s:9:"consignee";s:3:"123";s:5:"email";s:13:"demo@demo.com";s:7:"country";s:1:"1";s:8:"province";s:1:"2";s:4:"city";s:2:"52";s:8:"district";s:3:"504";s:7:"address";s:6:"123132";s:7:"zipcode";s:0:"";s:3:"tel";s:10:"1383839438";s:6:"mobile";s:0:"";s:13:"sign_building";s:0:"";s:9:"best_time";s:0:"";}}'),
('c65675ad367e1f6fdc09da526ccc3c53','4210489892','a:5:{s:10:"login_fail";i:0;s:10:"flow_order";a:8:{s:14:"extension_code";s:0:"";s:11:"shipping_id";s:1:"5";s:6:"pay_id";s:1:"2";s:7:"pack_id";i:0;s:7:"card_id";i:0;s:5:"bonus";i:0;s:8:"integral";i:0;s:7:"surplus";i:0;}s:9:"last_time";s:10:"1403466278";s:7:"last_ip";s:9:"127.0.0.1";s:14:"flow_consignee";a:15:{s:10:"address_id";s:1:"6";s:12:"address_name";s:0:"";s:7:"user_id";s:2:"11";s:9:"consignee";s:6:"范波";s:5:"email";s:16:"260436487@qq.com";s:7:"country";s:1:"1";s:8:"province";s:2:"25";s:4:"city";s:3:"321";s:8:"district";s:4:"2709";s:7:"address";s:47:"中山北路2911号中关村科技大厦2402室";s:7:"zipcode";s:6:"200333";s:3:"tel";s:11:"15221019887";s:6:"mobile";s:0:"";s:13:"sign_building";s:0:"";s:9:"best_time";s:0:"";}}'),
('c7becbe9985339e07eab1337a04de368','4294967295','a:9:{s:7:"from_ad";i:0;s:7:"referer";s:6:"本站";s:10:"login_fail";i:0;s:12:"captcha_word";s:16:"MjA1NmM4YmEyMQ==";s:9:"last_time";s:10:"1394491473";s:7:"last_ip";s:9:"127.0.0.1";s:9:"flow_type";i:0;s:10:"flow_order";a:8:{s:14:"extension_code";s:0:"";s:11:"shipping_id";i:5;s:6:"pay_id";i:4;s:7:"pack_id";i:0;s:7:"card_id";i:0;s:5:"bonus";i:0;s:8:"integral";i:0;s:7:"surplus";i:0;}s:14:"flow_consignee";a:14:{s:10:"address_id";i:0;s:9:"consignee";s:6:"范波";s:7:"country";s:1:"1";s:8:"province";s:2:"25";s:4:"city";s:3:"321";s:8:"district";s:4:"2709";s:5:"email";s:16:"260436487@qq.com";s:7:"address";s:47:"中山北路2911号中关村科技大厦2402室";s:7:"zipcode";s:6:"200333";s:3:"tel";s:11:"15221019887";s:6:"mobile";s:0:"";s:13:"sign_building";s:0:"";s:9:"best_time";s:0:"";s:7:"user_id";s:2:"11";}}'),
('d2abb7fb4e277ec8bbe23f555d3b5c77','4294967295','a:11:{s:7:"from_ad";i:0;s:7:"referer";s:6:"本站";s:10:"login_fail";i:0;s:12:"captcha_word";s:16:"ZjE0MjFmY2FhNA==";s:9:"last_time";i:1404949049;s:7:"last_ip";s:0:"";s:9:"flow_type";i:0;s:14:"extension_code";s:9:"group_buy";s:12:"extension_id";i:42;s:14:"flow_consignee";a:14:{s:10:"address_id";i:0;s:9:"consignee";s:3:"123";s:7:"country";s:1:"1";s:8:"province";s:1:"2";s:4:"city";s:2:"52";s:8:"district";s:3:"500";s:5:"email";s:20:"yangting@ecmoban.com";s:7:"address";s:2:"ds";s:7:"zipcode";s:0:"";s:3:"tel";s:7:"2312323";s:6:"mobile";s:0:"";s:13:"sign_building";s:0:"";s:9:"best_time";s:0:"";s:7:"user_id";s:2:"15";}s:10:"flow_order";a:9:{s:11:"shipping_id";i:5;s:6:"pay_id";i:2;s:7:"pack_id";i:0;s:7:"card_id";i:0;s:5:"bonus";i:0;s:8:"integral";i:0;s:7:"surplus";i:0;s:14:"extension_code";s:0:"";s:12:"extension_id";i:42;}}'),
('d3a901dbac1befc3a4c30b577bff1548','2775058829','a:10:{s:7:"from_ad";i:0;s:7:"referer";s:6:"本站";s:10:"login_fail";i:0;s:12:"captcha_word";s:16:"MWY0ODdkMTQzYw==";s:13:"captcha_login";s:16:"MTgwOTI4YWFjYw==";s:9:"last_time";s:10:"1387499646";s:7:"last_ip";s:9:"127.0.0.1";s:9:"flow_type";i:1;s:14:"extension_code";s:9:"group_buy";s:12:"extension_id";i:18;}'),
('d957a2519fe8ea69e2ce7431439e74f2','2800120319','a:7:{s:10:"login_fail";i:0;s:12:"captcha_word";s:16:"YTc0MGM1Njc5Mg==";s:9:"flow_type";i:0;s:10:"flow_order";a:8:{s:14:"extension_code";s:0:"";s:11:"shipping_id";s:1:"5";s:6:"pay_id";s:1:"4";s:7:"pack_id";i:0;s:7:"card_id";i:0;s:5:"bonus";i:0;s:8:"integral";i:0;s:7:"surplus";i:0;}s:9:"last_time";s:10:"1400031226";s:7:"last_ip";s:9:"127.0.0.1";s:14:"flow_consignee";a:15:{s:10:"address_id";s:1:"6";s:12:"address_name";s:0:"";s:7:"user_id";s:2:"11";s:9:"consignee";s:6:"范波";s:5:"email";s:16:"260436487@qq.com";s:7:"country";s:1:"1";s:8:"province";s:2:"25";s:4:"city";s:3:"321";s:8:"district";s:4:"2709";s:7:"address";s:47:"中山北路2911号中关村科技大厦2402室";s:7:"zipcode";s:6:"200333";s:3:"tel";s:11:"15221019887";s:6:"mobile";s:0:"";s:13:"sign_building";s:0:"";s:9:"best_time";s:0:"";}}'),
('da74fecf2ebd2b2f5d187d7b53ea468d','4294967295','a:9:{s:7:"from_ad";i:0;s:7:"referer";s:6:"本站";s:10:"login_fail";i:0;s:9:"last_time";s:10:"1401823268";s:7:"last_ip";s:9:"127.0.0.1";s:12:"captcha_word";s:16:"YjE1ODdmOGMyMg==";s:9:"flow_type";i:0;s:10:"flow_order";a:9:{s:14:"extension_code";s:0:"";s:11:"shipping_id";s:1:"5";s:6:"pay_id";s:1:"2";s:7:"pack_id";i:0;s:7:"card_id";i:0;s:5:"bonus";i:0;s:8:"integral";i:0;s:7:"surplus";i:0;s:7:"how_oos";i:0;}s:14:"flow_consignee";a:15:{s:10:"address_id";s:1:"6";s:12:"address_name";s:0:"";s:7:"user_id";s:2:"11";s:9:"consignee";s:6:"范波";s:5:"email";s:16:"260436487@qq.com";s:7:"country";s:1:"1";s:8:"province";s:2:"25";s:4:"city";s:3:"321";s:8:"district";s:4:"2709";s:7:"address";s:47:"中山北路2911号中关村科技大厦2402室";s:7:"zipcode";s:6:"200333";s:3:"tel";s:11:"15221019887";s:6:"mobile";s:0:"";s:13:"sign_building";s:0:"";s:9:"best_time";s:0:"";}}'),
('dd898cbb577087557b66c68921f90a93','4294967295','a:9:{s:7:"from_ad";i:0;s:7:"referer";s:6:"本站";s:10:"login_fail";i:0;s:9:"flow_type";i:0;s:12:"captcha_word";s:16:"N2JhMTU2MTFiYQ==";s:10:"flow_order";a:8:{s:14:"extension_code";s:0:"";s:11:"shipping_id";s:1:"3";s:6:"pay_id";s:1:"1";s:7:"pack_id";i:0;s:7:"card_id";i:0;s:5:"bonus";i:0;s:8:"integral";i:0;s:7:"surplus";i:0;}s:9:"last_time";s:10:"1404671875";s:7:"last_ip";s:9:"127.0.0.1";s:14:"flow_consignee";a:15:{s:10:"address_id";s:1:"6";s:12:"address_name";s:0:"";s:7:"user_id";s:2:"11";s:9:"consignee";s:6:"范波";s:5:"email";s:16:"260436487@qq.com";s:7:"country";s:1:"1";s:8:"province";s:2:"25";s:4:"city";s:3:"321";s:8:"district";s:4:"2709";s:7:"address";s:47:"中山北路2911号中关村科技大厦2402室";s:7:"zipcode";s:6:"200333";s:3:"tel";s:11:"15221019887";s:6:"mobile";s:0:"";s:13:"sign_building";s:0:"";s:9:"best_time";s:0:"";}}'),
('ddc250518fba93b62baa9fbeb80ecf13','4294967295','a:8:{s:7:"from_ad";i:0;s:7:"referer";s:6:"本站";s:10:"login_fail";i:0;s:14:"display_search";s:4:"grid";s:12:"captcha_word";s:16:"YzIyMDg5MTIzZQ==";s:9:"flow_type";i:0;s:9:"last_time";s:10:"1401132531";s:7:"last_ip";s:9:"127.0.0.1";}'),
('df93ed4c4b6530feb8f1b175ac7167a3','4294967295','a:13:{s:7:"from_ad";i:0;s:7:"referer";s:6:"本站";s:10:"login_fail";i:0;s:12:"captcha_word";s:16:"NjYzNjFhNTM4Yg==";s:14:"display_search";s:4:"grid";s:13:"captcha_login";s:16:"ZWI1ZmQ0ZGZjYw==";s:9:"last_time";s:1:"0";s:7:"last_ip";s:0:"";s:9:"flow_type";i:1;s:14:"extension_code";s:9:"group_buy";s:12:"extension_id";i:17;s:14:"flow_consignee";a:14:{s:10:"address_id";s:1:"4";s:9:"consignee";s:2:"11";s:7:"country";s:1:"1";s:8:"province";s:1:"6";s:4:"city";s:2:"82";s:8:"district";s:3:"760";s:5:"email";s:15:"admin123@qq.com";s:7:"address";s:3:"111";s:7:"zipcode";s:0:"";s:3:"tel";s:4:"2222";s:6:"mobile";s:0:"";s:13:"sign_building";s:0:"";s:9:"best_time";s:0:"";s:7:"user_id";s:2:"10";}s:10:"flow_order";a:9:{s:11:"shipping_id";i:0;s:6:"pay_id";i:0;s:7:"pack_id";i:0;s:7:"card_id";i:0;s:5:"bonus";i:0;s:8:"integral";i:0;s:7:"surplus";i:0;s:14:"extension_code";s:9:"group_buy";s:12:"extension_id";i:17;}}'),
('e34004b7feb7fb0bd6adb60fe6e7426c','4294967295','a:8:{s:7:"from_ad";i:0;s:7:"referer";s:6:"本站";s:10:"login_fail";i:0;s:12:"captcha_word";s:16:"M2ViODRkYjU1MA==";s:9:"flow_type";i:0;s:13:"captcha_login";s:16:"NWE2Mjc0Mzg1OQ==";s:9:"last_time";i:1386542428;s:7:"last_ip";s:0:"";}'),
('e6d701608fd11d174686c1d179cbbf41','4294967295','a:9:{s:7:"from_ad";i:0;s:7:"referer";s:6:"本站";s:10:"login_fail";i:0;s:12:"captcha_word";s:16:"M2IxMThiYjQ5NQ==";s:9:"flow_type";i:0;s:10:"flow_order";a:8:{s:14:"extension_code";s:0:"";s:11:"shipping_id";i:5;s:6:"pay_id";i:2;s:7:"pack_id";i:0;s:7:"card_id";i:0;s:5:"bonus";i:0;s:8:"integral";i:0;s:7:"surplus";i:0;}s:13:"captcha_login";s:16:"YWU2MGI2ZmJiNA==";s:15:"direct_shopping";i:1;s:14:"flow_consignee";a:13:{s:10:"address_id";i:0;s:9:"consignee";s:6:"fshshs";s:7:"country";s:1:"1";s:8:"province";s:1:"5";s:4:"city";s:2:"64";s:8:"district";s:3:"618";s:5:"email";s:10:"123@qq.com";s:7:"address";s:12:"dagdsagarhga";s:7:"zipcode";s:6:"235462";s:3:"tel";s:11:"12354689522";s:6:"mobile";s:0:"";s:13:"sign_building";s:0:"";s:9:"best_time";s:0:"";}}'),
('ea470dd75439a329fe9a32ffe5b930fc','2809956224','a:9:{s:7:"from_ad";i:0;s:7:"referer";s:6:"本站";s:10:"login_fail";i:0;s:12:"captcha_word";s:16:"Mjc5MGYxOGNjMg==";s:9:"last_time";s:10:"1404947450";s:7:"last_ip";s:9:"127.0.0.1";s:9:"flow_type";i:1;s:14:"extension_code";s:9:"group_buy";s:12:"extension_id";i:36;}'),
('ea4aebbdfdbd8ed18b38fe4c035ce825','4294967295','a:7:{s:7:"from_ad";i:113;s:7:"referer";s:6:"本站";s:10:"login_fail";i:0;s:12:"captcha_word";s:16:"NjdkMGI2NDIyMQ==";s:9:"flow_type";i:0;s:10:"flow_order";a:1:{s:14:"extension_code";s:0:"";}s:13:"captcha_login";s:16:"ZTU2NzRmOGE4MA==";}'),
('ebfcae2f2a1794ecc99592b29683ad32','4294967295','a:8:{s:7:"from_ad";i:0;s:7:"referer";s:6:"本站";s:10:"login_fail";i:0;s:9:"flow_type";i:0;s:14:"display_search";s:4:"grid";s:12:"captcha_word";s:16:"YjlkZGE3OThmNw==";s:9:"last_time";s:10:"1399499283";s:7:"last_ip";s:9:"127.0.0.1";}'),
('ec223baaf3d482d64ea2ed190c4dfcf6','2801304056','a:9:{s:7:"from_ad";i:0;s:7:"referer";s:6:"本站";s:10:"login_fail";i:0;s:12:"captcha_word";s:16:"ODkyY2E0MTg2Mw==";s:9:"flow_type";i:0;s:10:"flow_order";a:8:{s:14:"extension_code";s:0:"";s:11:"shipping_id";s:1:"5";s:6:"pay_id";s:1:"4";s:7:"pack_id";i:0;s:7:"card_id";i:0;s:5:"bonus";i:0;s:8:"integral";i:0;s:7:"surplus";i:0;}s:9:"last_time";s:10:"1400614738";s:7:"last_ip";s:9:"127.0.0.1";s:14:"flow_consignee";a:15:{s:10:"address_id";s:1:"6";s:12:"address_name";s:0:"";s:7:"user_id";s:2:"11";s:9:"consignee";s:6:"范波";s:5:"email";s:16:"260436487@qq.com";s:7:"country";s:1:"1";s:8:"province";s:2:"25";s:4:"city";s:3:"321";s:8:"district";s:4:"2709";s:7:"address";s:47:"中山北路2911号中关村科技大厦2402室";s:7:"zipcode";s:6:"200333";s:3:"tel";s:11:"15221019887";s:6:"mobile";s:0:"";s:13:"sign_building";s:0:"";s:9:"best_time";s:0:"";}}'),
('ef018b5d1ea3d02ddaa7c99438a54b4b','4294967295','a:7:{s:10:"login_fail";i:0;s:12:"captcha_word";s:16:"ZjE2ZGE4YzFjMA==";s:9:"flow_type";i:0;s:10:"flow_order";a:8:{s:14:"extension_code";s:0:"";s:11:"shipping_id";s:1:"5";s:6:"pay_id";i:4;s:7:"pack_id";i:0;s:7:"card_id";i:0;s:5:"bonus";i:0;s:8:"integral";i:0;s:7:"surplus";i:0;}s:9:"last_time";s:10:"1395352333";s:7:"last_ip";s:9:"127.0.0.1";s:14:"flow_consignee";a:14:{s:10:"address_id";s:1:"6";s:9:"consignee";s:6:"范波";s:7:"country";s:1:"1";s:8:"province";s:2:"25";s:4:"city";s:3:"321";s:8:"district";s:4:"2709";s:5:"email";s:16:"260436487@qq.com";s:7:"address";s:47:"中山北路2911号中关村科技大厦2402室";s:7:"zipcode";s:6:"200333";s:3:"tel";s:11:"15221019887";s:6:"mobile";s:0:"";s:13:"sign_building";s:0:"";s:9:"best_time";s:0:"";s:7:"user_id";s:2:"11";}}'),
('f36b1a3b7dc2a9957dba8921c534b13b','4294967295','a:10:{s:7:"from_ad";i:0;s:7:"referer";s:6:"本站";s:10:"login_fail";i:0;s:9:"flow_type";i:0;s:10:"flow_order";a:1:{s:14:"extension_code";s:0:"";}s:12:"captcha_word";s:16:"NWE3NDkzOTE1NA==";s:15:"direct_shopping";i:1;s:9:"last_time";s:10:"1395189698";s:7:"last_ip";s:9:"127.0.0.1";s:14:"display_search";s:4:"grid";}'),
('f60a93e06f59a0433a7bafe5e8458c9f','4294967295','a:9:{s:7:"from_ad";i:0;s:7:"referer";s:6:"本站";s:10:"login_fail";i:0;s:12:"captcha_word";s:16:"ZjM3ZTBiYjUwOQ==";s:9:"flow_type";i:0;s:10:"flow_order";a:8:{s:14:"extension_code";s:0:"";s:11:"shipping_id";i:5;s:6:"pay_id";i:4;s:7:"pack_id";i:0;s:7:"card_id";i:0;s:5:"bonus";i:0;s:8:"integral";i:0;s:7:"surplus";i:0;}s:9:"last_time";s:10:"1407813333";s:7:"last_ip";s:13:"27.15.142.129";s:14:"flow_consignee";a:14:{s:10:"address_id";i:0;s:9:"consignee";s:6:"胡辉";s:7:"country";s:1:"1";s:8:"province";s:2:"32";s:4:"city";s:3:"394";s:8:"district";s:4:"3341";s:5:"email";s:17:"2232783008@qq.com";s:7:"address";s:15:"何家榜318号";s:7:"zipcode";s:6:"409000";s:3:"tel";s:11:"13355892255";s:6:"mobile";s:11:"13355892255";s:13:"sign_building";s:9:"肯德基";s:9:"best_time";s:0:"";s:7:"user_id";s:2:"16";}}'),
('f8e79fb3fab910fed7c513412aa28638','2809964144','a:6:{s:10:"login_fail";i:0;s:9:"flow_type";i:0;s:10:"flow_order";a:8:{s:14:"extension_code";s:0:"";s:11:"shipping_id";s:1:"3";s:6:"pay_id";s:1:"1";s:7:"pack_id";i:0;s:7:"card_id";i:0;s:5:"bonus";i:0;s:8:"integral";i:0;s:7:"surplus";i:0;}s:9:"last_time";s:10:"1404951620";s:7:"last_ip";s:9:"127.0.0.1";s:14:"flow_consignee";a:15:{s:10:"address_id";s:1:"6";s:12:"address_name";s:0:"";s:7:"user_id";s:2:"11";s:9:"consignee";s:6:"范波";s:5:"email";s:16:"260436487@qq.com";s:7:"country";s:1:"1";s:8:"province";s:2:"25";s:4:"city";s:3:"321";s:8:"district";s:4:"2709";s:7:"address";s:47:"中山北路2911号中关村科技大厦2402室";s:7:"zipcode";s:6:"200333";s:3:"tel";s:11:"15221019887";s:6:"mobile";s:0:"";s:13:"sign_building";s:0:"";s:9:"best_time";s:0:"";}}'),
('fb956c6dc2ceee9e646e461d09423e26','4294967295','a:9:{s:7:"from_ad";i:0;s:7:"referer";s:6:"本站";s:10:"login_fail";i:0;s:12:"captcha_word";s:16:"MjcxNGZlZWZlZA==";s:9:"flow_type";i:0;s:10:"flow_order";a:37:{s:11:"shipping_id";i:3;s:6:"pay_id";i:2;s:7:"pack_id";i:0;s:7:"card_id";i:0;s:12:"card_message";s:0:"";s:7:"surplus";i:0;s:8:"integral";i:0;s:8:"bonus_id";i:0;s:8:"need_inv";i:0;s:8:"inv_type";s:0:"";s:9:"inv_payee";s:0:"";s:11:"inv_content";s:0:"";s:10:"postscript";s:0:"";s:7:"how_oos";s:33:"等待所有商品备齐后再发";s:11:"need_insure";i:0;s:7:"user_id";s:1:"7";s:8:"add_time";i:1395614877;s:12:"order_status";i:0;s:15:"shipping_status";i:0;s:10:"pay_status";i:0;s:9:"agency_id";i:0;s:14:"extension_code";s:0:"";s:12:"extension_id";i:0;s:10:"address_id";s:1:"0";s:9:"consignee";s:19:"1111111111111111111";s:7:"country";s:1:"1";s:8:"province";s:1:"4";s:4:"city";s:2:"54";s:8:"district";s:3:"532";s:5:"email";s:13:"123456@qq.com";s:7:"address";s:17:"11111111111111111";s:7:"zipcode";s:12:"111111111111";s:3:"tel";s:15:"111111111111111";s:6:"mobile";s:13:"1111111111111";s:13:"sign_building";s:10:"1111111111";s:9:"best_time";s:11:"11111111111";s:5:"bonus";i:0;}s:9:"last_time";s:10:"1384818204";s:7:"last_ip";s:9:"127.0.0.1";s:14:"flow_consignee";a:14:{s:10:"address_id";i:0;s:9:"consignee";s:19:"1111111111111111111";s:7:"country";s:1:"1";s:8:"province";s:1:"4";s:4:"city";s:2:"54";s:8:"district";s:3:"532";s:5:"email";s:13:"123456@qq.com";s:7:"address";s:17:"11111111111111111";s:7:"zipcode";s:12:"111111111111";s:3:"tel";s:15:"111111111111111";s:6:"mobile";s:13:"1111111111111";s:13:"sign_building";s:10:"1111111111";s:9:"best_time";s:11:"11111111111";s:7:"user_id";s:1:"7";}}'),
('fbd7f60c6cacdfd68be65d2c860d5241','4294967295','a:8:{s:7:"from_ad";i:0;s:7:"referer";s:6:"本站";s:10:"login_fail";i:0;s:13:"captcha_login";s:16:"ZDRjOTA3MTJlNg==";s:9:"flow_type";i:0;s:12:"captcha_word";s:16:"ZWQ1OTdhNWE2OQ==";s:9:"last_time";s:10:"1390435364";s:7:"last_ip";s:9:"127.0.0.1";}'),
('fbe4dbf979f5785119ed95bec1f87adc','4294967295','a:12:{s:7:"from_ad";i:0;s:7:"referer";s:6:"本站";s:10:"login_fail";i:0;s:12:"captcha_word";s:16:"NTI3YjAzN2ZjOA==";s:13:"captcha_login";s:16:"OTk1NTdlYTlhNg==";s:9:"last_time";s:10:"1387480730";s:7:"last_ip";s:9:"127.0.0.1";s:9:"flow_type";i:1;s:14:"extension_code";s:9:"group_buy";s:12:"extension_id";i:18;s:14:"flow_consignee";a:14:{s:10:"address_id";s:1:"3";s:9:"consignee";s:4:"1111";s:7:"country";s:1:"1";s:8:"province";s:1:"6";s:4:"city";s:2:"82";s:8:"district";s:3:"760";s:5:"email";s:16:"123456789@qq.com";s:7:"address";s:11:"11111111111";s:7:"zipcode";s:5:"11111";s:3:"tel";s:11:"11111199999";s:6:"mobile";s:0:"";s:13:"sign_building";s:0:"";s:9:"best_time";s:0:"";s:7:"user_id";s:1:"9";}s:10:"flow_order";a:9:{s:11:"shipping_id";i:0;s:6:"pay_id";i:0;s:7:"pack_id";i:0;s:7:"card_id";i:0;s:5:"bonus";i:0;s:8:"integral";i:0;s:7:"surplus";i:0;s:14:"extension_code";s:9:"group_buy";s:12:"extension_id";i:18;}}'),
('fe42e8f2573fc0247ac0b84c749d619c','4294967295','a:6:{s:14:"ectouch_verify";s:4:"CFXD";s:9:"last_time";i:1501115095;s:7:"last_ip";s:0:"";s:10:"login_fail";i:0;s:10:"flow_order";a:8:{s:14:"extension_code";s:0:"";s:11:"shipping_id";i:6;s:6:"pay_id";i:4;s:7:"pack_id";i:0;s:7:"card_id";i:0;s:5:"bonus";i:0;s:8:"integral";i:0;s:7:"surplus";i:0;}s:14:"flow_consignee";a:9:{s:10:"address_id";i:0;s:9:"consignee";s:6:"234123";s:7:"country";s:1:"1";s:8:"province";s:1:"2";s:4:"city";s:2:"52";s:8:"district";s:3:"500";s:7:"address";s:3:"123";s:6:"mobile";s:11:"13838389438";s:7:"user_id";s:2:"20";}}');
DROP TABLE IF EXISTS  `ecs_shipping`;
CREATE TABLE `ecs_shipping` (
  `shipping_id` tinyint(3) unsigned NOT NULL AUTO_INCREMENT,
  `shipping_code` varchar(20) NOT NULL DEFAULT '',
  `shipping_name` varchar(120) NOT NULL DEFAULT '',
  `shipping_desc` varchar(255) NOT NULL DEFAULT '',
  `insure` varchar(10) NOT NULL DEFAULT '0',
  `support_cod` tinyint(1) unsigned NOT NULL DEFAULT '0',
  `enabled` tinyint(1) unsigned NOT NULL DEFAULT '0',
  `shipping_print` text NOT NULL,
  `print_bg` varchar(255) DEFAULT NULL,
  `config_lable` text,
  `print_model` tinyint(1) DEFAULT '0',
  `shipping_order` tinyint(3) unsigned NOT NULL DEFAULT '0',
  PRIMARY KEY (`shipping_id`),
  KEY `shipping_code` (`shipping_code`,`enabled`)
) ENGINE=InnoDB AUTO_INCREMENT=8 DEFAULT CHARSET=utf8 ROW_FORMAT=DYNAMIC;

insert into `ecs_shipping`(`shipping_id`,`shipping_code`,`shipping_name`,`shipping_desc`,`insure`,`support_cod`,`enabled`,`shipping_print`,`print_bg`,`config_lable`,`print_model`,`shipping_order`) values
('1','post_express','邮政快递包裹','邮政快递包裹的描述内容。','1%','0','1','','','','0','0'),
('2','yto','圆通速递','上海圆通物流（速递）有限公司经过多年的网络快速发展，在中国速递行业中一直处于领先地位。为了能更好的发展国际快件市场，加快与国际市场的接轨，强化圆通的整体实力，圆通已在东南亚、欧美、中东、北美洲、非洲等许多城市运作国际快件业务','0','1','1','','','','0','0'),
('3','city_express','城际快递','配送的运费是固定的','0','1','1','','','','0','0'),
('4','flat','市内快递','固定运费的配送方式内容','0','1','1','','','','0','0'),
('5','sto_express','申通快递','江、浙、沪地区首重为15元/KG，其他地区18元/KG， 续重均为5-6元/KG， 云南地区为8元','0','0','1','','','','0','0'),
('6','post_mail','邮局平邮','邮局平邮的描述内容。','0','0','1','','','','0','0'),
('7','fpd','运费到付','所购商品到达即付运费','0','0','1','','','','0','0');
DROP TABLE IF EXISTS  `ecs_shipping_area`;
CREATE TABLE `ecs_shipping_area` (
  `shipping_area_id` smallint(5) unsigned NOT NULL AUTO_INCREMENT,
  `shipping_area_name` varchar(150) NOT NULL DEFAULT '',
  `shipping_id` tinyint(3) unsigned NOT NULL DEFAULT '0',
  `configure` text NOT NULL,
  PRIMARY KEY (`shipping_area_id`),
  KEY `shipping_id` (`shipping_id`)
) ENGINE=InnoDB AUTO_INCREMENT=5 DEFAULT CHARSET=utf8 ROW_FORMAT=DYNAMIC;

insert into `ecs_shipping_area`(`shipping_area_id`,`shipping_area_name`,`shipping_id`,`configure`) values
('1','申通','5','a:5:{i:0;a:2:{s:4:"name";s:8:"item_fee";s:5:"value";s:2:"15";}i:1;a:2:{s:4:"name";s:8:"base_fee";s:5:"value";s:2:"15";}i:2;a:2:{s:4:"name";s:8:"step_fee";s:5:"value";s:1:"5";}i:3;a:2:{s:4:"name";s:10:"free_money";s:5:"value";s:1:"0";}i:4;a:2:{s:4:"name";s:16:"fee_compute_mode";s:5:"value";s:9:"by_weight";}}'),
('2','1','3','a:4:{i:0;a:2:{s:4:"name";s:8:"base_fee";s:5:"value";s:2:"10";}i:1;a:2:{s:4:"name";s:10:"free_money";s:5:"value";s:6:"100000";}i:2;a:2:{s:4:"name";s:16:"fee_compute_mode";s:5:"value";N;}i:3;a:2:{s:4:"name";s:7:"pay_fee";s:5:"value";s:1:"5";}}'),
('3','邮局','6','a:7:{i:0;a:2:{s:4:"name";s:8:"item_fee";s:5:"value";s:1:"4";}i:1;a:2:{s:4:"name";s:8:"base_fee";s:5:"value";s:3:"3.5";}i:2;a:2:{s:4:"name";s:8:"step_fee";s:5:"value";s:3:"2.5";}i:3;a:2:{s:4:"name";s:9:"step_fee1";s:5:"value";N;}i:4;a:2:{s:4:"name";s:8:"pack_fee";s:5:"value";s:1:"0";}i:5;a:2:{s:4:"name";s:10:"free_money";s:5:"value";s:5:"50000";}i:6;a:2:{s:4:"name";s:16:"fee_compute_mode";s:5:"value";s:9:"by_weight";}}'),
('4','运费到付','7','a:2:{i:0;a:2:{s:4:"name";s:10:"free_money";s:5:"value";s:5:"50000";}i:1;a:2:{s:4:"name";s:16:"fee_compute_mode";s:5:"value";N;}}');
DROP TABLE IF EXISTS  `ecs_shop_config`;
CREATE TABLE `ecs_shop_config` (
  `id` smallint(5) unsigned NOT NULL AUTO_INCREMENT,
  `parent_id` smallint(5) unsigned NOT NULL DEFAULT '0',
  `code` varchar(30) NOT NULL DEFAULT '',
  `type` varchar(10) NOT NULL DEFAULT '',
  `store_range` varchar(255) NOT NULL DEFAULT '',
  `store_dir` varchar(255) NOT NULL DEFAULT '',
  `value` text NOT NULL,
  `sort_order` tinyint(3) unsigned NOT NULL DEFAULT '1',
  PRIMARY KEY (`id`),
  UNIQUE KEY `code` (`code`),
  KEY `parent_id` (`parent_id`)
) ENGINE=InnoDB AUTO_INCREMENT=909 DEFAULT CHARSET=utf8 ROW_FORMAT=DYNAMIC;

insert into `ecs_shop_config`(`id`,`parent_id`,`code`,`type`,`store_range`,`store_dir`,`value`,`sort_order`) values
('1','0','shop_info','group','','','','1'),
('2','0','basic','group','','','','1'),
('3','0','display','group','','','','1'),
('4','0','shopping_flow','group','','','','1'),
('5','0','smtp','group','','','','1'),
('6','0','hidden','hidden','','','','1'),
('7','0','goods','group','','','','1'),
('8','0','sms','group','','','','1'),
('9','0','wap','group','','','','1'),
('101','1','shop_name','text','','','德卫机油','1'),
('102','1','shop_title','text','','','德卫机油','1'),
('103','1','shop_desc','text','','','德卫机油','1'),
('104','1','shop_keywords','text','','','德卫机油','1'),
('105','1','shop_country','manual','','','1','1'),
('106','1','shop_province','manual','','','6','1'),
('107','1','shop_city','manual','','','76','1'),
('108','1','shop_address','text','','','','1'),
('109','1','qq','text','','','','1'),
('110','1','ww','text','','','','1'),
('111','1','skype','text','','','','1'),
('112','1','ym','text','','','','1'),
('113','1','msn','text','','','','1'),
('114','1','service_email','text','','','','1'),
('115','1','service_phone','text','','','','1'),
('116','1','shop_closed','select','0,1','','0','1'),
('117','1','close_comment','textarea','','','','1'),
('118','1','shop_logo','file','','../themes/{$template}/images/','../themes/weipinhui/images/logo.gif','1'),
('119','1','licensed','select','0,1','','1','1'),
('120','1','user_notice','textarea','','','用户中心公告！','1'),
('121','1','shop_notice','textarea','','','<a href="#" target="_blank">会员俱乐部，天天免费抽豪礼>></a>','1'),
('122','1','shop_reg_closed','select','1,0','','0','1'),
('201','2','lang','manual','','','zh_cn','1'),
('202','2','icp_number','text','','','粤ICP备17080745号-1','1'),
('203','2','icp_file','file','','../cert/','','1'),
('204','2','watermark','file','','../images/','','1'),
('205','2','watermark_place','select','0,1,2,3,4,5','','1','1'),
('206','2','watermark_alpha','text','','','65','1'),
('207','2','use_storage','select','1,0','','1','1'),
('208','2','market_price_rate','text','','','1.2','1'),
('209','2','rewrite','select','0,1,2','','1','1'),
('210','2','integral_name','text','','','积分','1'),
('211','2','integral_scale','text','','','1','1'),
('212','2','integral_percent','text','','','1','1'),
('213','2','sn_prefix','text','','','ECS','1'),
('214','2','comment_check','select','0,1','','1','1'),
('215','2','no_picture','file','','../images/','','1'),
('218','2','stats_code','textarea','','','','1'),
('219','2','cache_time','text','','','3600','1'),
('220','2','register_points','text','','','0','1'),
('221','2','enable_gzip','select','0,1','','0','1'),
('222','2','top10_time','select','0,1,2,3,4','','0','1'),
('223','2','timezone','options','-12,-11,-10,-9,-8,-7,-6,-5,-4,-3.5,-3,-2,-1,0,1,2,3,3.5,4,4.5,5,5.5,5.75,6,6.5,7,8,9,9.5,10,11,12','','8','1'),
('224','2','upload_size_limit','options','-1,0,64,128,256,512,1024,2048,4096','','64','1'),
('226','2','cron_method','select','0,1','','0','1'),
('227','2','comment_factor','select','0,1,2,3','','0','1'),
('228','2','enable_order_check','select','0,1','','1','1'),
('229','2','default_storage','text','','','1000','1'),
('230','2','bgcolor','text','','','#FFFFFF','1'),
('231','2','visit_stats','select','on,off','','off','1'),
('232','2','send_mail_on','select','on,off','','off','1'),
('233','2','auto_generate_gallery','select','1,0','','1','1'),
('234','2','retain_original_img','select','1,0','','1','1'),
('235','2','member_email_validate','select','1,0','','1','1'),
('236','2','message_board','select','1,0','','1','1'),
('239','2','certificate_id','hidden','','','1521193133','1'),
('240','2','token','hidden','','','9ca34a0b95f2713af97fbc7c9564915f46870fed8525271b3807d42bcc57a9e3','1'),
('241','2','certi','hidden','','','http://service.shopex.cn/openapi/api.php','1'),
('242','2','send_verify_email','select','1,0','','0','1'),
('243','2','ent_id','hidden','','','','1'),
('244','2','ent_ac','hidden','','','','1'),
('245','2','ent_sign','hidden','','','','1'),
('246','2','ent_email','hidden','','','','1'),
('301','3','date_format','hidden','','','Y-m-d','1'),
('302','3','time_format','text','','','Y-m-d H:i:s','1'),
('303','3','currency_format','text','','','<span>%s</span>','1'),
('304','3','thumb_width','text','','','400','1'),
('305','3','thumb_height','text','','','400','1'),
('306','3','image_width','text','','','600','1'),
('307','3','image_height','text','','','600','1'),
('312','3','top_number','text','','','10','1'),
('313','3','history_number','text','','','10','1'),
('314','3','comments_number','text','','','20','1'),
('315','3','bought_goods','text','','','3','1'),
('316','3','article_number','text','','','8','1'),
('317','3','goods_name_length','text','','','30','1'),
('318','3','price_format','select','0,1,2,3,4,5','','5','1'),
('319','3','page_size','text','','','20','1'),
('320','3','sort_order_type','select','0,1,2','','0','1'),
('321','3','sort_order_method','select','0,1','','0','1'),
('322','3','show_order_type','select','0,1,2','','1','1'),
('323','3','attr_related_number','text','','','5','1'),
('324','3','goods_gallery_number','text','','','','1'),
('325','3','article_title_length','text','','','16','1'),
('326','3','name_of_region_1','text','','','国家','1'),
('327','3','name_of_region_2','text','','','省','1'),
('328','3','name_of_region_3','text','','','市','1'),
('329','3','name_of_region_4','text','','','区','1'),
('330','3','search_keywords','text','','','','0'),
('332','3','related_goods_number','text','','','5','1'),
('333','3','help_open','select','0,1','','1','1'),
('334','3','article_page_size','text','','','10','1'),
('335','3','page_style','select','0,1','','1','1'),
('336','3','recommend_order','select','0,1','','0','1'),
('337','3','index_ad','hidden','','','sys','1'),
('401','4','can_invoice','select','1,0','','1','1'),
('402','4','use_integral','select','1,0','','1','1'),
('403','4','use_bonus','select','1,0','','1','1'),
('404','4','use_surplus','select','1,0','','1','1'),
('405','4','use_how_oos','select','1,0','','1','1'),
('406','4','send_confirm_email','select','1,0','','0','1'),
('407','4','send_ship_email','select','1,0','','0','1'),
('408','4','send_cancel_email','select','1,0','','0','1'),
('409','4','send_invalid_email','select','1,0','','0','1'),
('410','4','order_pay_note','select','1,0','','1','1'),
('411','4','order_unpay_note','select','1,0','','1','1'),
('412','4','order_ship_note','select','1,0','','1','1'),
('413','4','order_receive_note','select','1,0','','1','1'),
('414','4','order_unship_note','select','1,0','','1','1'),
('415','4','order_return_note','select','1,0','','1','1'),
('416','4','order_invalid_note','select','1,0','','1','1'),
('417','4','order_cancel_note','select','1,0','','1','1'),
('418','4','invoice_content','textarea','','','','1'),
('419','4','anonymous_buy','select','1,0','','1','1'),
('420','4','min_goods_amount','text','','','0','1'),
('421','4','one_step_buy','select','1,0','','0','1'),
('422','4','invoice_type','manual','','','a:2:{s:4:"type";a:3:{i:0;s:1:"1";i:1;s:1:"2";i:2;s:0:"";}s:4:"rate";a:3:{i:0;d:1;i:1;d:1.5;i:2;d:0;}}','1'),
('423','4','stock_dec_time','select','1,0','','0','1'),
('424','4','cart_confirm','options','1,2,3,4','','3','0'),
('425','4','send_service_email','select','1,0','','0','1'),
('426','4','show_goods_in_cart','select','1,2,3','','3','1'),
('427','4','show_attr_in_cart','select','1,0','','1','1'),
('501','5','smtp_host','text','','','smtp.qq.com','1'),
('502','5','smtp_port','text','','','25','1'),
('503','5','smtp_user','text','','','497110669','1'),
('504','5','smtp_pass','password','','','shouwen9041','1'),
('505','5','smtp_mail','text','','','497110669@qq.com','1'),
('506','5','mail_charset','select','UTF8,GB2312,BIG5','','GB2312','1'),
('507','5','mail_service','select','0,1','','1','0'),
('508','5','smtp_ssl','select','0,1','','0','0'),
('601','6','integrate_code','hidden','','','ecshop','1'),
('602','6','integrate_config','hidden','','','','1'),
('603','6','hash_code','hidden','','','b76989c756aab2c64cf941eb31dec09c','1'),
('604','6','template','hidden','','','weipinhui','1'),
('605','6','install_date','hidden','','','1379320265','1'),
('606','6','ecs_version','hidden','','','v2.7.3','1'),
('607','6','sms_user_name','hidden','','','','1'),
('608','6','sms_password','hidden','','','','1'),
('609','6','sms_auth_str','hidden','','','','1'),
('610','6','sms_domain','hidden','','','','1'),
('611','6','sms_count','hidden','','','','1'),
('612','6','sms_total_money','hidden','','','','1'),
('613','6','sms_balance','hidden','','','','1'),
('614','6','sms_last_request','hidden','','','','1'),
('616','6','affiliate','hidden','','','a:3:{s:6:"config";a:7:{s:6:"expire";d:24;s:11:"expire_unit";s:4:"hour";s:11:"separate_by";i:0;s:15:"level_point_all";s:2:"5%";s:15:"level_money_all";s:2:"1%";s:18:"level_register_all";i:2;s:17:"level_register_up";i:60;}s:4:"item";a:4:{i:0;a:2:{s:11:"level_point";s:3:"60%";s:11:"level_money";s:3:"60%";}i:1;a:2:{s:11:"level_point";s:3:"30%";s:11:"level_money";s:3:"30%";}i:2;a:2:{s:11:"level_point";s:2:"7%";s:11:"level_money";s:2:"7%";}i:3;a:2:{s:11:"level_point";s:2:"3%";s:11:"level_money";s:2:"3%";}}s:2:"on";i:1;}','1'),
('617','6','captcha','hidden','','','37','1'),
('618','6','captcha_width','hidden','','','100','1'),
('619','6','captcha_height','hidden','','','20','1'),
('620','6','sitemap','hidden','','','a:6:{s:19:"homepage_changefreq";s:6:"hourly";s:17:"homepage_priority";s:3:"0.9";s:19:"category_changefreq";s:6:"hourly";s:17:"category_priority";s:3:"0.8";s:18:"content_changefreq";s:6:"weekly";s:16:"content_priority";s:3:"0.7";}','0'),
('621','6','points_rule','hidden','','','','0'),
('622','6','flash_theme','hidden','','','dynfocus','1'),
('623','6','stylename','hidden','','','','1'),
('701','7','show_goodssn','select','1,0','','0','1'),
('702','7','show_brand','select','1,0','','0','1'),
('703','7','show_goodsweight','select','1,0','','0','1'),
('704','7','show_goodsnumber','select','1,0','','1','1'),
('705','7','show_addtime','select','1,0','','0','1'),
('706','7','goodsattr_style','select','1,0','','1','1'),
('707','7','show_marketprice','select','1,0','','1','1'),
('801','8','sms_shop_mobile','text','','','','1'),
('802','8','sms_order_placed','select','1,0','','0','1'),
('803','8','sms_order_payed','select','1,0','','0','1'),
('804','8','sms_order_shipped','select','1,0','','0','1'),
('901','9','wap_config','select','1,0','','1','1'),
('902','9','wap_logo','file','','../images/','','1'),
('903','2','message_check','select','1,0','','1','1'),
('904','3','auction_ad','text','','','20','1'),
('905','3','show_oauth_qq','select','1,0','','1','0'),
('906','3','show_oauth_weibo','select','1,0','','1','0'),
('907','3','show_oauth_alipay','select','1,0','','1','0'),
('908','3','show_oauth_taobao','select','1,0','','1','0');
DROP TABLE IF EXISTS  `ecs_snatch_log`;
CREATE TABLE `ecs_snatch_log` (
  `log_id` mediumint(8) unsigned NOT NULL AUTO_INCREMENT,
  `snatch_id` tinyint(3) unsigned NOT NULL DEFAULT '0',
  `user_id` mediumint(8) unsigned NOT NULL DEFAULT '0',
  `bid_price` decimal(10,2) NOT NULL DEFAULT '0.00',
  `bid_time` int(10) unsigned NOT NULL DEFAULT '0',
  PRIMARY KEY (`log_id`),
  KEY `snatch_id` (`snatch_id`)
) ENGINE=InnoDB AUTO_INCREMENT=3 DEFAULT CHARSET=utf8 ROW_FORMAT=DYNAMIC;

insert into `ecs_snatch_log`(`log_id`,`snatch_id`,`user_id`,`bid_price`,`bid_time`) values
('1','2','1',17.00,'1242142910'),
('2','1','1',50.00,'1242142935');
DROP TABLE IF EXISTS  `ecs_stats`;
CREATE TABLE `ecs_stats` (
  `access_time` int(10) unsigned NOT NULL DEFAULT '0',
  `ip_address` varchar(15) NOT NULL DEFAULT '',
  `visit_times` smallint(5) unsigned NOT NULL DEFAULT '1',
  `browser` varchar(60) NOT NULL DEFAULT '',
  `system` varchar(20) NOT NULL DEFAULT '',
  `language` varchar(20) NOT NULL DEFAULT '',
  `area` varchar(30) NOT NULL DEFAULT '',
  `referer_domain` varchar(100) NOT NULL DEFAULT '',
  `referer_path` varchar(200) NOT NULL DEFAULT '',
  `access_url` varchar(255) NOT NULL DEFAULT '',
  KEY `access_time` (`access_time`)
) ENGINE=InnoDB DEFAULT CHARSET=utf8 ROW_FORMAT=DYNAMIC;

insert into `ecs_stats`(`access_time`,`ip_address`,`visit_times`,`browser`,`system`,`language`,`area`,`referer_domain`,`referer_path`,`access_url`) values
('1240294063','0.0.0.0','196','FireFox 3.0.8','Windows XP','zh-cn','IANA','http://localhost:8080','/shoujitiyan/admin/index.php?act=top','/shoujitiyan/index.php'),
('1240298833','0.0.0.0','198','FireFox 3.0.8','Windows XP','zh-cn','IANA','http://localhost:8080','/shoujitiyan/admin/index.php?act=top','/shoujitiyan/index.php'),
('1240380013','0.0.0.0','204','FireFox 3.0.8','Windows XP','zh-cn','IANA','http://localhost:8080','/','/shoujitiyan/index.php'),
('1240463462','0.0.0.0','208','FireFox 3.0.9','Windows XP','zh-cn','IANA','http://localhost:8080','/shoujitiyan/admin/index.php?act=top','/shoujitiyan/index.php'),
('1240800901','0.0.0.0','222','FireFox 3.0.9','Windows XP','zh-cn','IANA','http://localhost:8080','/shoujitiyan/admin/index.php?act=top','/shoujitiyan/index.php'),
('1240803254','0.0.0.0','227','FireFox 3.0.9','Windows XP','zh-cn','IANA','http://localhost:8080','/shoujitiyan/admin/index.php?act=top','/shoujitiyan/index.php'),
('1240904381','0.0.0.0','237','FireFox 3.0.9','Windows XP','zh-cn','IANA','http://localhost:8080','/shoujitiyan/admin/index.php?act=top','/shoujitiyan/index.php'),
('1241419322','0.0.0.0','250','FireFox 3.0.10','Windows XP','zh-cn','IANA','http://localhost:8080','/shoujitiyan/admin/goods.php?act=list','/shoujitiyan/goods.php'),
('1241420999','0.0.0.0','252','FireFox 3.0.10','Windows XP','zh-cn','IANA','http://localhost:8080','/shoujitiyan/admin/index.php?act=top','/shoujitiyan/index.php'),
('1241424831','0.0.0.0','253','FireFox 3.0.10','Windows XP','zh-cn','IANA','http://localhost:8080','/shoujitiyan/admin/goods.php?act=list','/shoujitiyan/goods.php'),
('1241498580','0.0.0.0','257','FireFox 3.0.10','Windows XP','zh-cn','IANA','http://localhost:8080','/shoujitiyan/admin/index.php?act=top','/shoujitiyan/index.php'),
('1241511324','0.0.0.0','262','FireFox 3.0.10','Windows XP','zh-cn','IANA','http://localhost:8080','/shoujitiyan/admin/goods.php?act=list','/shoujitiyan/goods.php'),
('1241514671','0.0.0.0','263','FireFox 3.0.10','Windows XP','zh-cn','IANA','http://localhost:8080','/shoujitiyan/admin/index.php?act=top','/shoujitiyan/index.php'),
('1241517726','0.0.0.0','265','FireFox 3.0.10','Windows XP','zh-cn','IANA','','','/shoujitiyan/index.php'),
('1241946350','127.0.0.1','39','FireFox 2.0.0.20','Windows XP','zh-cn','LAN','http://localhost:8080','/shoujitiyan/admin/index.php?act=top','/shoujitiyan/index.php'),
('1241965138','127.0.0.1','41','FireFox 2.0.0.20','Windows XP','zh-cn','LAN','http://localhost:8080','/','/shoujitiyan/index.php'),
('1241966751','127.0.0.1','43','FireFox 2.0.0.20','Windows XP','zh-cn','LAN','http://localhost:8080','/shoujitiyan/admin/index.php?act=top','/shoujitiyan/index.php'),
('1241970153','127.0.0.1','45','FireFox 2.0.0.20','Windows XP','zh-cn','LAN','http://localhost:8080','/shoujitiyan/admin/goods.php?act=list','/shoujitiyan/goods.php'),
('1241970640','127.0.0.1','47','FireFox 2.0.0.20','Windows XP','zh-cn','LAN','http://localhost:8080','/shoujitiyan/admin/index.php?act=top','/shoujitiyan/index.php'),
('1242105962','0.0.0.0','310','FireFox 3.0.10','Windows XP','zh-cn','IANA','http://localhost:8080','/shoujitiyan/admin/goods.php?act=list','/shoujitiyan/goods.php'),
('1242140915','127.0.0.1','52','FireFox 2.0.0.20','Windows XP','zh-cn','LAN','http://localhost:8080','/shoujitiyan/admin/index.php?act=top','/shoujitiyan/index.php'),
('1242141002','127.0.0.1','54','FireFox 2.0.0.20','Windows XP','zh-cn','LAN','http://localhost:8080','/shoujitiyan/user.php','/shoujitiyan/user.php'),
('1242141352','127.0.0.1','57','FireFox 2.0.0.20','Windows XP','zh-cn','LAN','http://localhost:8080','/shoujitiyan/user.php?act=address_list','/shoujitiyan/user.php'),
('1242141605','127.0.0.1','59','FireFox 2.0.0.20','Windows XP','zh-cn','LAN','http://localhost:8080','/shoujitiyan/user.php','/shoujitiyan/user.php'),
('1242576210','127.0.0.1','72','FireFox 2.0.0.20','Windows XP','zh-cn','LAN','http://localhost:8080','/shoujitiyan/admin/index.php?act=top','/shoujitiyan/index.php'),
('1242576982','127.0.0.1','74','FireFox 2.0.0.20','Windows XP','zh-cn','LAN','http://localhost:8080','/shoujitiyan/admin/article.php?act=list&uselastfilter=1','/shoujitiyan/article.php'),
('1242577205','127.0.0.1','76','FireFox 2.0.0.20','Windows XP','zh-cn','LAN','http://localhost:8080','/shoujitiyan/admin/article.php?act=list','/shoujitiyan/article.php'),
('1242579230','127.0.0.1','78','FireFox 2.0.0.20','Windows XP','zh-cn','LAN','http://localhost:8080','/shoujitiyan/admin/index.php?act=top','/shoujitiyan/index.php'),
('1242973907','0.0.0.0','375','FireFox 3.0.10','Windows XP','zh-cn','IANA','http://localhost:8080','/shoujitiyan/admin/index.php?act=top','/shoujitiyan/index.php'),
('1242974337','0.0.0.0','377','FireFox 3.0.10','Windows XP','zh-cn','IANA','http://localhost:8080','/shoujitiyan/','/shoujitiyan/search.php'),
('1242976474','0.0.0.0','379','FireFox 3.0.10','Windows XP','zh-cn','IANA','http://localhost:8080','/shoujitiyan/admin/index.php?act=top','/shoujitiyan/index.php'),
('1244189098','0.0.0.0','418','FireFox 3.0.10','Windows XP','zh-cn','IANA','http://localhost:8080','/shoujitiyan/admin/index.php?act=top','/shoujitiyan/index.php'),
('1244191271','0.0.0.0','420','FireFox 3.0.10','Windows XP','zh-cn','IANA','http://localhost:8080','/shoujitiyan/index.php','/shoujitiyan/article.php'),
('1244191479','0.0.0.0','422','FireFox 3.0.10','Windows XP','zh-cn','IANA','http://localhost:8080','/shoujitiyan/admin/index.php?act=top','/shoujitiyan/index.php'),
('1244193068','0.0.0.0','426','FireFox 3.0.10','Windows XP','zh-cn','IANA','http://localhost:8080','/shoujitiyan/article.php?id=33','/shoujitiyan/index.php'),
('1244772987','0.0.0.0','466','FireFox 3.0.10','Windows XP','zh-cn','IANA','http://localhost:8080','/shoujitiyan/admin/index.php?act=top','/shoujitiyan/index.php'),
('1245042503','0.0.0.0','472','FireFox 3.0.11','Windows XP','zh-cn','IANA','http://localhost:8080','/shouji/admin/privilege.php?act=login','/shouji/index.php'),
('1245042507','0.0.0.0','472','FireFox 3.0.11','Windows XP','zh-cn','IANA','http://localhost:8080','/shouji/admin/index.php?act=top','/shouji/index.php'),
('1245046089','0.0.0.0','474','FireFox 3.0.11','Windows XP','zh-cn','IANA','http://localhost:8080','/shouji/admin/index.php?act=top','/shouji/index.php'),
('1245047906','0.0.0.0','476','FireFox 3.0.11','Windows XP','zh-cn','IANA','http://localhost:8080','/shouji/goods.php?id=24','/shouji/user.php'),
('1245047951','0.0.0.0','478','FireFox 3.0.11','Windows XP','zh-cn','IANA','http://localhost:8080','/shouji/group_buy.php?act=view&id=8','/shouji/goods.php'),
('1245048514','0.0.0.0','480','FireFox 3.0.11','Windows XP','zh-cn','IANA','http://localhost:8080','/shouji/flow.php?step=checkout','/shouji/index.php'),
('1245139613','0.0.0.0','488','FireFox 3.0.11','Windows XP','zh-cn','IANA','http://localhost:8080','/shouji/admin/index.php?act=top','/shouji/index.php'),
('1245140082','0.0.0.0','490','FireFox 3.0.11','Windows XP','zh-cn','IANA','','','/shouji/article.php'),
('1245145064','0.0.0.0','493','FireFox 3.0.11','Windows XP','zh-cn','IANA','http://localhost:8080','/shouji/admin/index.php?act=top','/shouji/index.php'),
('1245217308','0.0.0.0','498','FireFox 3.0.11','Windows XP','zh-cn','IANA','http://localhost:8080','/','/shouji/index.php'),
('1245219380','0.0.0.0','499','FireFox 3.0.11','Windows XP','zh-cn','IANA','http://localhost:8080','/shouji/admin/index.php?act=top','/shouji/index.php'),
('1245222219','0.0.0.0','500','FireFox 3.0.11','Windows XP','zh-cn','IANA','http://localhost:8080','/shouji/admin/goods.php?act=list','/shouji/goods.php'),
('1379291473','127.0.0.1','19','Safari 537.31','Windows NT','zh-CN,zh','LAN','http://localhost','/ecshop/admin/index.php?act=top','/ecshop/index.php'),
('1379800357','127.0.0.1','1723','FireFox 23.0','Windows NT','zh-cn,zh','LAN','http://localhost','/','/ecshop/index.php'),
('1379964157','127.0.0.1','1754','FireFox 23.0','Windows NT','zh-cn,zh','LAN','http://localhost','/','/ecshop/index.php'),
('1379977030','127.0.0.1','1763','FireFox 23.0','Windows NT','zh-cn,zh','LAN','http://localhost','/','/ecshop/index.php'),
('1379980998','127.0.0.1','1767','FireFox 23.0','Windows NT','zh-cn,zh','LAN','http://localhost','/','/ecshop/index.php'),
('1379981928','127.0.0.1','1769','FireFox 23.0','Windows NT','zh-cn,zh','LAN','http://localhost','/ecshop/','/ecshop/goods.php'),
('1380045274','127.0.0.1','1773','FireFox 23.0','Windows NT','zh-cn,zh','LAN','http://localhost','/','/ecshop/index.php'),
('1380060616','127.0.0.1','1781','FireFox 23.0','Windows NT','zh-cn,zh','LAN','http://localhost','/','/ecshop/index.php'),
('1380132898','127.0.0.1','1790','FireFox 23.0','Windows NT','zh-cn,zh','LAN','http://localhost','/','/ecshop/index.php'),
('1380241406','127.0.0.1','1811','FireFox 23.0','Windows NT','zh-cn,zh','LAN','','','/ecshop/index.php'),
('1380392709','127.0.0.1','1818','FireFox 23.0','Windows NT','zh-cn,zh','LAN','','','/ecshop/index.php'),
('1381276090','127.0.0.1','1861','FireFox 23.0','Windows NT','zh-cn,zh','LAN','http://localhost','/','/ecshop/index.php'),
('1381343224','127.0.0.1','204','Internet Explorer 10.0','Windows NT','zh-CN','LAN','','','/ecshop/index.php'),
('1381346827','127.0.0.1','1868','FireFox 24.0','Windows NT','zh-cn,zh','LAN','','','/ecshop/index.php'),
('1381443287','127.0.0.1','1888','FireFox 24.0','Windows NT','zh-cn,zh','LAN','http://localhost','/','/ecshop/index.php'),
('1381520087','127.0.0.1','1901','FireFox 24.0','Windows NT','zh-cn,zh','LAN','http://localhost','/','/ecshop/index.php'),
('1381521529','127.0.0.1','210','Safari 537.1','Windows NT','zh-CN,zh','LAN','','','/ecshop/index.php'),
('1381771600','127.0.0.1','1917','FireFox 24.0','Windows NT','zh-cn,zh','LAN','http://localhost','/','/ecshop/index.php'),
('1383001907','127.0.0.1','5','Safari 537.31','Windows NT','zh-CN,zh','LAN','','','/miqinew2013273/index.php'),
('1383006851','127.0.0.1','6','Safari 537.31','Windows NT','zh-CN,zh','LAN','http://127.0.0.1','/miqinew2013273/','/miqinew2013273/index.php'),
('1383006926','127.0.0.1','7','Safari 537.31','Windows NT','zh-CN,zh','LAN','http://127.0.0.1','/miqinew2013273/admin/index.php?act=top','/miqinew2013273/index.php'),
('1383066629','127.0.0.1','8','Safari 537.31','Windows NT','zh-CN,zh','LAN','http://127.0.0.1','/','/miqinew2013273/index.php'),
('1383072022','127.0.0.1','10','Safari 537.31','Windows NT','zh-CN,zh','LAN','http://127.0.0.1','/miqinew2013273/index.php','/miqinew2013273/brand.php'),
('1383072609','127.0.0.1','12','Safari 537.31','Windows NT','zh-CN,zh','LAN','http://127.0.0.1','/miqinew2013273/brand.php?category=0&display=grid&brand=1&price_min=&price_max=&filter_attr=&page=1&sort=shop_price&order=ASC','/miqinew2013273/brand.php'),
('1383075369','127.0.0.1','14','Safari 537.31','Windows NT','zh-CN,zh','LAN','http://127.0.0.1','/miqinew2013273/flow.php','/miqinew2013273/index.php'),
('1383075496','127.0.0.1','16','Safari 537.31','Windows NT','zh-CN,zh','LAN','http://127.0.0.1','/miqinew2013273/flow.php','/miqinew2013273/index.php'),
('1383080716','127.0.0.1','18','Internet Explorer 7.0','Windows NT','zh-CN','LAN','http://127.0.0.1','/miqinew2013273/admin/index.php?act=top','/miqinew2013273/index.php'),
('1383085255','127.0.0.1','20','Safari 537.31','Windows NT','zh-CN,zh','LAN','http://127.0.0.1','/miqinew2013273/flow.php?step=cart','/miqinew2013273/index.php'),
('1383089409','127.0.0.1','23','Internet Explorer 7.0','Windows NT','zh-CN','LAN','','','/miqinew2013273/index.php'),
('1383152872','127.0.0.1','24','Safari 537.31','Windows NT','zh-CN,zh','LAN','http://127.0.0.1','/','/miqinew2013273/index.php'),
('1383160384','127.0.0.1','1','Safari 537.31','Windows NT','zh-CN,zh','LAN','http://127.0.0.1','/','/miqinew2013273/index.php'),
('1383162309','127.0.0.1','3','Safari 537.31','Windows NT','zh-CN,zh','LAN','http://127.0.0.1','/','/miqinew2013273/index.php'),
('1383168193','127.0.0.1','6','Safari 537.31','Windows NT','zh-CN,zh','LAN','http://127.0.0.1','/miqinew2013273/','/miqinew2013273/category.php'),
('1383173628','127.0.0.1','12','Safari 537.31','Windows NT','zh-CN,zh','LAN','http://127.0.0.1','/miqinew2013273/category.php?id=3','/miqinew2013273/index.php'),
('1383176818','127.0.0.1','14','Safari 537.31','Windows NT','zh-CN,zh','LAN','http://127.0.0.1','/miqinew2013273/index.php','/miqinew2013273/index.php'),
('1383179369','127.0.0.1','15','Safari 537.31','Windows NT','zh-CN,zh','LAN','http://127.0.0.1','/miqinew2013273/index.php','/miqinew2013273/index.php'),
('1383585816','127.0.0.1','1','Safari 537.31','Windows NT','zh-CN,zh','LAN','http://127.0.0.1','/','/miqinew2013273/index.php'),
('1383591023','127.0.0.1','2','Safari 537.31','Windows NT','zh-CN,zh','LAN','','','/miqinew2013273/index.php'),
('1383601467','127.0.0.1','3','Safari 537.31','Windows NT','zh-CN,zh','LAN','','','/miqinew2013273/index.php'),
('1384737028','127.0.0.1','42','Safari 537.31','Windows NT','zh-CN,zh','LAN','http://localhost','/','/miqinew2013273/index.php'),
('1384812015','127.0.0.1','79','Safari 537.31','Windows NT','zh-CN,zh','LAN','http://localhost','/','/miqinew2013273/index.php'),
('1384814824','127.0.0.1','88','Safari 537.31','Windows NT','zh-CN,zh','LAN','http://localhost','/','/miqinew2013273/index.php'),
('1384817886','127.0.0.1','94','Safari 537.31','Windows NT','zh-CN,zh','LAN','http://localhost','/','/miqinew2013273/index.php'),
('1384823015','127.0.0.1','96','Safari 537.31','Windows NT','zh-CN,zh','LAN','http://localhost','/miqinew2013273/admin/index.php?act=top','/miqinew2013273/index.php'),
('1384880799','127.0.0.1','97','Safari 537.31','Windows NT','zh-CN,zh','LAN','http://localhost','/','/miqinew2013273/index.php'),
('1384886137','127.0.0.1','99','Internet Explorer 8.0','Windows NT','zh-CN','LAN','http://localhost','/miqinew2013273/group_buy.php','/miqinew2013273/index.php'),
('1384889042','127.0.0.1','103','Safari 537.31','Windows NT','zh-CN,zh','LAN','http://localhost','/miqinew2013273/group_buy.php?act=view&id=18','/miqinew2013273/index.php'),
('1384896885','127.0.0.1','106','Safari 537.31','Windows NT','zh-CN,zh','LAN','http://localhost','/miqinew2013273/index.php','/miqinew2013273/user.php'),
('1384897792','127.0.0.1','108','Safari 537.31','Windows NT','zh-CN,zh','LAN','http://localhost','/','/miqinew2013273/index.php'),
('1384908017','127.0.0.1','118','Safari 537.31','Windows NT','zh-CN,zh','LAN','http://localhost','/','/miqinew2013273/index.php'),
('1384966922','127.0.0.1','119','Safari 537.31','Windows NT','zh-CN,zh','LAN','http://localhost','/','/miqinew2013273/index.php'),
('1384968390','127.0.0.1','121','Safari 537.31','Windows NT','zh-CN,zh','LAN','http://localhost','/miqinew2013273/','/miqinew2013273/index.php'),
('1384968493','127.0.0.1','123','Safari 537.31','Windows NT','zh-CN,zh','LAN','http://localhost','/miqinew2013273/','/miqinew2013273/index.php'),
('1384968618','127.0.0.1','125','Safari 537.31','Windows NT','zh-CN,zh','LAN','','','/miqinew2013273/index.php'),
('1384971303','127.0.0.1','127','Safari 537.31','Windows NT','zh-CN,zh','LAN','','','/miqinew2013273/index.php'),
('1384982729','127.0.0.1','132','Safari 537.31','Windows NT','zh-CN,zh','LAN','http://localhost','/','/miqinew2013273/index.php'),
('1384987550','127.0.0.1','134','Safari 537.31','Windows NT','zh-CN,zh','LAN','http://localhost','/miqinew2013273/admin/index.php?act=top','/miqinew2013273/index.php'),
('1384989870','127.0.0.1','4','FireFox 25.0','Windows NT','zh-cn,zh','LAN','','','/miqinew2013273/index.php'),
('1384996467','127.0.0.1','5','FireFox 25.0','Windows NT','zh-cn,zh','LAN','','','/miqinew2013273/index.php'),
('1385053886','127.0.0.1','136','Safari 537.31','Windows NT','zh-CN,zh','LAN','http://localhost','/','/miqinew2013273/index.php'),
('1385057193','127.0.0.1','138','Safari 537.31','Windows NT','zh-CN,zh','LAN','http://localhost','/miqinew2013273/category.php?id=6','/miqinew2013273/index.php'),
('1385058139','127.0.0.1','140','Safari 537.31','Windows NT','zh-CN,zh','LAN','http://localhost','/miqinew2013273/category.php?id=6','/miqinew2013273/index.php'),
('1385063527','127.0.0.1','142','Safari 537.31','Windows NT','zh-CN,zh','LAN','http://localhost','/miqinew2013273/category.php?id=6','/miqinew2013273/index.php'),
('1385069309','127.0.0.1','143','Safari 537.31','Windows NT','zh-CN,zh','LAN','http://localhost','/miqinew2013273/category.php?id=6','/miqinew2013273/index.php'),
('1385069952','127.0.0.1','145','Safari 537.31','Windows NT','zh-CN,zh','LAN','http://localhost','/miqinew2013273/category.php?id=6','/miqinew2013273/index.php'),
('1385312936','127.0.0.1','147','Safari 537.31','Windows NT','zh-CN,zh','LAN','http://localhost','/','/miqinew2013273/index.php'),
('1385316546','127.0.0.1','149','Safari 537.31','Windows NT','zh-CN,zh','LAN','http://localhost','/miqinew2013273/admin/index.php?act=top','/miqinew2013273/index.php'),
('1385320147','127.0.0.1','151','Safari 537.31','Windows NT','zh-CN,zh','LAN','http://localhost','/miqinew2013273/index.php','/miqinew2013273/index.php'),
('1385329064','127.0.0.1','152','Safari 537.31','Windows NT','zh-CN,zh','LAN','http://localhost','/miqinew2013273/index.php','/miqinew2013273/index.php'),
('1385330478','127.0.0.1','6','FireFox 25.0','Windows NT','zh-cn,zh','LAN','','','/miqinew2013273/index.php'),
('1385333826','127.0.0.1','154','Safari 537.31','Windows NT','zh-CN,zh','LAN','http://localhost','/miqinew2013273/goods.php?id=73','/miqinew2013273/index.php'),
('1385341042','127.0.0.1','155','Safari 537.31','Windows NT','zh-CN,zh','LAN','http://localhost','/miqinew2013273/flow.php','/miqinew2013273/category.php'),
('1385485576','127.0.0.1','156','Safari 537.31','Windows NT','zh-CN,zh','LAN','http://localhost','/','/miqinew2013273/index.php'),
('1385488828','127.0.0.1','158','Internet Explorer 8.0','Windows NT','zh-CN','LAN','http://localhost','/','/miqinew2013273/index.php'),
('1385493858','127.0.0.1','6','Safari 537.1','Windows NT','zh-CN,zh','LAN','http://localhost','/','/miqinew2013273/index.php'),
('1385500218','127.0.0.1','7','Safari 537.1','Windows NT','zh-CN,zh','LAN','http://localhost','/','/miqinew2013273/index.php'),
('1385500464','127.0.0.1','1','Safari 537.31','Windows NT','zh-CN,zh','LAN','','','/miqinew2013273/category.php'),
('1385507478','127.0.0.1','2','Safari 537.31','Windows NT','zh-CN,zh','LAN','http://localhost','/miqinew2013273/category.php?id=20','/miqinew2013273/category.php'),
('1385511028','127.0.0.1','3','Safari 537.31','Windows NT','zh-CN,zh','LAN','http://localhost','/miqinew2013273/category.php?id=20','/miqinew2013273/category.php'),
('1385596036','127.0.0.1','47','Safari 537.31','Windows NT','zh-CN,zh','LAN','http://localhost','/','/miqinew2013273/index.php'),
('1385600613','127.0.0.1','48','Safari 537.31','Windows NT','zh-CN,zh','LAN','http://localhost','/miqinew2013273/category.php?id=6&price_min=0&price_max=0&page=3&sort=goods_id&order=DESC','/miqinew2013273/index.php'),
('1385658728','127.0.0.1','49','Safari 537.31','Windows NT','zh-CN,zh','LAN','http://localhost','/','/miqinew2013273/index.php'),
('1385672444','127.0.0.1','50','Safari 537.31','Windows NT','zh-CN,zh','LAN','http://localhost','/','/miqinew2013273/index.php'),
('1385673460','127.0.0.1','52','Safari 537.31','Windows NT','zh-CN,zh','LAN','http://localhost','/miqinew2013273/category.php?id=6','/miqinew2013273/category.php'),
('1385677533','127.0.0.1','54','Safari 537.31','Windows NT','zh-CN,zh','LAN','http://localhost','/miqinew2013273/','/miqinew2013273/category.php'),
('1385684108','127.0.0.1','56','Safari 537.31','Windows NT','zh-CN,zh','LAN','http://localhost','/miqinew2013273/category.php?id=6&price_min=0&price_max=0&page=3&sort=last_update&order=DESC','/miqinew2013273/category.php'),
('1385917794','127.0.0.1','57','Safari 537.31','Windows NT','zh-CN,zh','LAN','http://localhost','/','/miqinew2013273/index.php'),
('1385920440','127.0.0.1','59','Safari 537.31','Windows NT','zh-CN,zh','LAN','http://localhost','/miqinew2013273/category.php?id=19','/miqinew2013273/category.php'),
('1385922446','127.0.0.1','63','Safari 537.31','Windows NT','zh-CN,zh','LAN','http://localhost','/miqinew2013273/category.php?id=19','/miqinew2013273/category.php'),
('1385938888','127.0.0.1','69','Safari 537.31','Windows NT','zh-CN,zh','LAN','http://localhost','/miqinew2013273/category.php?id=19&brand=50&price_min=0&price_max=0&filter_attr=285.0','/miqinew2013273/category.php'),
('1385939377','127.0.0.1','71','Safari 537.31','Windows NT','zh-CN,zh','LAN','http://localhost','/miqinew2013273/index.php','/miqinew2013273/goods.php'),
('1385941924','127.0.0.1','73','Safari 537.31','Windows NT','zh-CN,zh','LAN','http://localhost','/miqinew2013273/goods.php?id=53','/miqinew2013273/goods.php'),
('1385943673','127.0.0.1','75','Safari 537.31','Windows NT','zh-CN,zh','LAN','http://localhost','/miqinew2013273/goods.php?id=53','/miqinew2013273/goods.php'),
('1385943910','127.0.0.1','77','Safari 537.31','Windows NT','zh-CN,zh','LAN','http://localhost','/miqinew2013273/goods.php?id=53','/miqinew2013273/goods.php'),
('1385944011','127.0.0.1','79','Safari 537.31','Windows NT','zh-CN,zh','LAN','','','/miqinew2013273/goods.php'),
('1385945698','127.0.0.1','81','Internet Explorer 9.0','Windows NT','zh-CN','LAN','http://localhost','/miqinew2013273/goods.php?id=53','/miqinew2013273/goods.php'),
('1386004071','127.0.0.1','82','Safari 537.31','Windows NT','zh-CN,zh','LAN','http://localhost','/','/miqinew2013273/index.php'),
('1386006149','127.0.0.1','84','Safari 537.31','Windows NT','zh-CN,zh','LAN','http://localhost','/miqinew2013273/index.php','/miqinew2013273/goods.php'),
('1386006483','127.0.0.1','86','Safari 537.31','Windows NT','zh-CN,zh','LAN','http://localhost','/miqinew2013273/index.php','/miqinew2013273/goods.php'),
('1386007402','127.0.0.1','89','Safari 537.31','Windows NT','zh-CN,zh','LAN','http://localhost','/miqinew2013273/index.php','/miqinew2013273/goods.php'),
('1386020207','127.0.0.1','91','Safari 537.31','Windows NT','zh-CN,zh','LAN','http://localhost','/miqinew2013273/flow.php','/miqinew2013273/goods.php'),
('1386023203','127.0.0.1','93','Safari 537.31','Windows NT','zh-CN,zh','LAN','http://localhost','/miqinew2013273/category.php?id=92','/miqinew2013273/goods.php'),
('1386023887','127.0.0.1','95','Safari 537.31','Windows NT','zh-CN,zh','LAN','http://localhost','/miqinew2013273/index.php','/miqinew2013273/goods.php'),
('1386030273','127.0.0.1','97','Safari 537.31','Windows NT','zh-CN,zh','LAN','http://localhost','/miqinew2013273/brand.php?id=14','/miqinew2013273/goods.php'),
('1386034318','127.0.0.1','99','Safari 537.31','Windows NT','zh-CN,zh','LAN','http://localhost','/miqinew2013273/brand.php?id=14','/miqinew2013273/goods.php'),
('1386090200','127.0.0.1','100','Safari 537.31','Windows NT','zh-CN,zh','LAN','http://localhost','/','/miqinew2013273/index.php'),
('1386091492','127.0.0.1','1','FireFox 25.0','Windows NT','zh-cn,zh','LAN','','','/miqinew2013273/goods.php'),
('1386106719','127.0.0.1','101','Safari 537.31','Windows NT','zh-CN,zh','LAN','http://localhost','/miqinew2013273/goods.php?id=123','/miqinew2013273/flow.php'),
('1386120809','127.0.0.1','2','FireFox 25.0','Windows NT','zh-cn,zh','LAN','http://localhost','/miqinew2013273/admin/index.php?act=top','/miqinew2013273/index.php'),
('1386176515','127.0.0.1','18','Safari 537.1','Windows NT','zh-CN,zh','LAN','http://localhost','/','/miqinew2013273/index.php'),
('1386176707','127.0.0.1','102','Safari 537.31','Windows NT','zh-CN,zh','LAN','','','/miqinew2013273/goods.php'),
('1386180037','127.0.0.1','104','Safari 537.31','Windows NT','zh-CN,zh','LAN','http://localhost','/miqinew2013273/admin/goods.php?act=list','/miqinew2013273/goods.php'),
('1386184993','127.0.0.1','106','Safari 537.31','Windows NT','zh-CN,zh','LAN','http://localhost','/miqinew2013273/admin/goods.php?act=list','/miqinew2013273/goods.php'),
('1386189650','127.0.0.1','107','Safari 537.31','Windows NT','zh-CN,zh','LAN','','','/miqinew2013273/goods.php'),
('1386192168','127.0.0.1','3','FireFox 25.0','Windows NT','zh-cn,zh','LAN','','','/miqinew2013273/goods.php'),
('1386197147','127.0.0.1','4','FireFox 25.0','Windows NT','zh-cn,zh','LAN','http://localhost','/miqinew2013273/goods.php?id=123','/miqinew2013273/index.php'),
('1386197488','127.0.0.1','19','Safari 537.1','Windows NT','zh-CN,zh','LAN','','','/miqinew2013273/goods.php'),
('1386199167','127.0.0.1','109','Internet Explorer 9.0','Windows NT','zh-CN','LAN','','','/miqinew2013273/goods.php'),
('1386199758','127.0.0.1','111','Internet Explorer 9.0','Windows NT','zh-CN','LAN','','','/miqinew2013273/goods.php'),
('1386201266','127.0.0.1','5','FireFox 25.0','Windows NT','zh-cn,zh','LAN','','','/miqinew2013273/goods.php'),
('1386263421','127.0.0.1','112','Safari 537.31','Windows NT','zh-CN,zh','LAN','http://localhost','/','/miqinew2013273/index.php'),
('1386277415','127.0.0.1','113','Safari 537.31','Windows NT','zh-CN,zh','LAN','http://localhost','/','/miqinew2013273/index.php'),
('1386286478','127.0.0.1','115','Safari 537.31','Windows NT','zh-CN,zh','LAN','http://localhost','/miqinew2013273/flow.php','/miqinew2013273/flow.php'),
('1386523046','127.0.0.1','116','Safari 537.31','Windows NT','zh-CN,zh','LAN','http://localhost','/','/miqinew2013273/index.php'),
('1386524134','127.0.0.1','117','Safari 537.31','Windows NT','zh-CN,zh','LAN','http://localhost','/','/miqinew2013273/index.php'),
('1386525333','127.0.0.1','119','Safari 537.31','Windows NT','zh-CN,zh','LAN','http://localhost','/miqinew2013273/flow.php?step=login','/miqinew2013273/flow.php'),
('1386525531','127.0.0.1','120','Safari 537.31','Windows NT','zh-CN,zh','LAN','http://localhost','/miqinew2013273/flow.php','/miqinew2013273/flow.php'),
('1386530426','127.0.0.1','122','Safari 537.31','Windows NT','zh-CN,zh','LAN','http://localhost','/miqinew2013273/flow.php','/miqinew2013273/flow.php'),
('1386539562','127.0.0.1','124','Safari 537.31','Windows NT','zh-CN,zh','LAN','http://localhost','/miqinew2013273/flow.php?step=consignee','/miqinew2013273/flow.php'),
('1386694936','127.0.0.1','136','Safari 537.31','Windows NT','zh-CN,zh','LAN','http://localhost','/','/miqinew2013273/index.php'),
('1386709664','127.0.0.1','137','Safari 537.31','Windows NT','zh-CN,zh','LAN','http://localhost','/miqinew2013273/article_cat.php?id=3','/miqinew2013273/article_cat.php'),
('1386709914','127.0.0.1','140','Safari 537.31','Windows NT','zh-CN,zh','LAN','http://localhost','/miqinew2013273/article.php?id=33','/miqinew2013273/article_cat.php'),
('1386710070','127.0.0.1','143','Safari 537.31','Windows NT','zh-CN,zh','LAN','http://localhost','/miqinew2013273/article_cat.php?id=3','/miqinew2013273/article_cat.php'),
('1386711951','127.0.0.1','146','Safari 537.31','Windows NT','zh-CN,zh','LAN','http://localhost','/miqinew2013273/article_cat.php?id=5','/miqinew2013273/article.php'),
('1386718891','127.0.0.1','147','Safari 537.31','Windows NT','zh-CN,zh','LAN','http://localhost','/miqinew2013273/user.php?act=profile','/miqinew2013273/user.php'),
('1386782091','127.0.0.1','148','Safari 537.31','Windows NT','zh-CN,zh','LAN','http://localhost','/','/miqinew2013273/index.php'),
('1386783417','127.0.0.1','150','Safari 537.31','Windows NT','zh-CN,zh','LAN','http://localhost','/miqinew2013273/','/miqinew2013273/category.php'),
('1386783854','127.0.0.1','152','Safari 537.31','Windows NT','zh-CN,zh','LAN','http://localhost','/miqinew2013273/index.php','/miqinew2013273/category.php'),
('1386784742','127.0.0.1','154','Safari 537.31','Windows NT','zh-CN,zh','LAN','http://localhost','/miqinew2013273/category.php?id=12','/miqinew2013273/category.php'),
('1386784911','127.0.0.1','156','Safari 537.31','Windows NT','zh-CN,zh','LAN','http://localhost','/miqinew2013273/category.php?id=12','/miqinew2013273/category.php'),
('1386796870','127.0.0.1','157','Safari 537.31','Windows NT','zh-CN,zh','LAN','http://localhost','/miqinew2013273/category.php?id=6','/miqinew2013273/index.php'),
('1386797611','127.0.0.1','159','Safari 537.31','Windows NT','zh-CN,zh','LAN','http://localhost','/miqinew2013273/category.php?id=6','/miqinew2013273/index.php'),
('1386799353','127.0.0.1','163','Safari 537.31','Windows NT','zh-CN,zh','LAN','http://localhost','/miqinew2013273/goods.php?id=16','/miqinew2013273/group_buy.php'),
('1386800589','127.0.0.1','165','Safari 537.31','Windows NT','zh-CN,zh','LAN','http://localhost','/miqinew2013273/goods.php?id=16','/miqinew2013273/group_buy.php'),
('1386800979','127.0.0.1','167','Safari 537.31','Windows NT','zh-CN,zh','LAN','http://localhost','/miqinew2013273/goods.php?id=16','/miqinew2013273/group_buy.php'),
('1386801971','127.0.0.1','169','Safari 537.31','Windows NT','zh-CN,zh','LAN','http://localhost','/miqinew2013273/group_buy.php?act=view&id=12','/miqinew2013273/group_buy.php'),
('1386804245','127.0.0.1','171','Safari 537.31','Windows NT','zh-CN,zh','LAN','http://localhost','/miqinew2013273/group_buy.php?act=view&id=12','/miqinew2013273/group_buy.php'),
('1386806074','127.0.0.1','173','Safari 537.31','Windows NT','zh-CN,zh','LAN','http://localhost','/miqinew2013273/group_buy.php?act=view&id=12','/miqinew2013273/group_buy.php'),
('1386806282','127.0.0.1','175','Safari 537.31','Windows NT','zh-CN,zh','LAN','http://localhost','/miqinew2013273/group_buy.php?act=view&id=12','/miqinew2013273/group_buy.php'),
('1386806562','127.0.0.1','177','Safari 537.31','Windows NT','zh-CN,zh','LAN','http://localhost','/miqinew2013273/group_buy.php?act=view&id=12','/miqinew2013273/group_buy.php'),
('1386806963','127.0.0.1','179','Safari 537.31','Windows NT','zh-CN,zh','LAN','http://localhost','/miqinew2013273/group_buy.php?act=view&id=12','/miqinew2013273/group_buy.php'),
('1386807195','127.0.0.1','181','Safari 537.31','Windows NT','zh-CN,zh','LAN','http://localhost','/miqinew2013273/group_buy.php?act=view&id=12','/miqinew2013273/group_buy.php'),
('1386807437','127.0.0.1','183','Safari 537.31','Windows NT','zh-CN,zh','LAN','http://localhost','/miqinew2013273/group_buy.php?act=view&id=12','/miqinew2013273/group_buy.php'),
('1386807769','127.0.0.1','185','Safari 537.31','Windows NT','zh-CN,zh','LAN','http://localhost','/miqinew2013273/group_buy.php?act=view&id=12','/miqinew2013273/group_buy.php'),
('1386808111','127.0.0.1','187','Safari 537.31','Windows NT','zh-CN,zh','LAN','http://localhost','/miqinew2013273/group_buy.php?act=view&id=12','/miqinew2013273/group_buy.php'),
('1386808334','127.0.0.1','189','Safari 537.31','Windows NT','zh-CN,zh','LAN','http://localhost','/miqinew2013273/group_buy.php?act=view&id=12','/miqinew2013273/group_buy.php'),
('1386808826','127.0.0.1','191','Safari 537.31','Windows NT','zh-CN,zh','LAN','http://localhost','/miqinew2013273/group_buy.php?act=view&id=12','/miqinew2013273/group_buy.php'),
('1386809031','127.0.0.1','193','Safari 537.31','Windows NT','zh-CN,zh','LAN','http://localhost','/miqinew2013273/group_buy.php?act=view&id=12','/miqinew2013273/group_buy.php'),
('1386809266','127.0.0.1','195','Safari 537.31','Windows NT','zh-CN,zh','LAN','http://localhost','/miqinew2013273/group_buy.php?act=view&id=12','/miqinew2013273/group_buy.php'),
('1386809538','127.0.0.1','197','Safari 537.31','Windows NT','zh-CN,zh','LAN','http://localhost','/miqinew2013273/group_buy.php?act=view&id=12','/miqinew2013273/group_buy.php'),
('1386810249','127.0.0.1','199','Safari 537.31','Windows NT','zh-CN,zh','LAN','http://localhost','/miqinew2013273/group_buy.php?act=view&id=12','/miqinew2013273/group_buy.php'),
('1386810445','127.0.0.1','201','Safari 537.31','Windows NT','zh-CN,zh','LAN','http://localhost','/miqinew2013273/group_buy.php?act=view&id=12','/miqinew2013273/group_buy.php'),
('1386811101','127.0.0.1','203','Safari 537.31','Windows NT','zh-CN,zh','LAN','http://localhost','/miqinew2013273/group_buy.php?act=view&id=12','/miqinew2013273/group_buy.php'),
('1386811411','127.0.0.1','205','Safari 537.31','Windows NT','zh-CN,zh','LAN','http://localhost','/miqinew2013273/group_buy.php?act=view&id=12','/miqinew2013273/group_buy.php'),
('1386811631','127.0.0.1','207','Safari 537.31','Windows NT','zh-CN,zh','LAN','http://localhost','/miqinew2013273/group_buy.php?act=view&id=12','/miqinew2013273/group_buy.php'),
('1386812003','127.0.0.1','209','Safari 537.31','Windows NT','zh-CN,zh','LAN','http://localhost','/miqinew2013273/group_buy.php?act=view&id=12','/miqinew2013273/group_buy.php'),
('1386812234','127.0.0.1','211','Safari 537.31','Windows NT','zh-CN,zh','LAN','http://localhost','/miqinew2013273/group_buy.php?act=view&id=12','/miqinew2013273/group_buy.php'),
('1386868505','127.0.0.1','212','Safari 537.31','Windows NT','zh-CN,zh','LAN','http://localhost','/','/miqinew2013273/index.php'),
('1386887881','127.0.0.1','214','Safari 537.31','Windows NT','zh-CN,zh','LAN','http://localhost','/','/miqinew2013273/index.php'),
('1386890134','127.0.0.1','215','Safari 537.31','Windows NT','zh-CN,zh','LAN','http://localhost','/miqinew2013273/group_buy.php','/miqinew2013273/group_buy.php'),
('1387128675','127.0.0.1','222','Safari 537.31','Windows NT','zh-CN,zh','LAN','http://localhost','/','/miqinew2013273/index.php'),
('1387130624','127.0.0.1','224','Safari 537.31','Windows NT','zh-CN,zh','LAN','http://localhost','/miqinew2013273/category.php?id=6','/miqinew2013273/index.php'),
('1387152971','127.0.0.1','225','Safari 537.31','Windows NT','zh-CN,zh','LAN','http://localhost','/','/miqinew2013273/index.php'),
('1387213852','127.0.0.1','226','Safari 537.31','Windows NT','zh-CN,zh','LAN','http://localhost','/','/miqinew2013273/index.php'),
('1387219967','127.0.0.1','228','Safari 537.31','Windows NT','zh-CN,zh','LAN','http://localhost','/','/miqinew2013273/index.php'),
('1387228504','127.0.0.1','229','Safari 537.31','Windows NT','zh-CN,zh','LAN','http://localhost','/miqinew2013273/','/miqinew2013273/goods.php'),
('1387228646','127.0.0.1','7','FireFox 25.0','Windows NT','zh-cn,zh','LAN','','','/miqinew2013273/goods.php'),
('1387235309','127.0.0.1','231','Safari 537.31','Windows NT','zh-CN,zh','LAN','http://localhost','/miqinew2013273/group_buy.php?act=view&id=18','/miqinew2013273/index.php'),
('1387238244','127.0.0.1','8','FireFox 25.0','Windows NT','zh-cn,zh','LAN','','','/miqinew2013273/index.php'),
('1387239606','127.0.0.1','21','Internet Explorer 9.0','Windows NT','zh-CN','LAN','','','/miqinew2013273/index.php'),
('1387239714','127.0.0.1','9','FireFox 25.0','Windows NT','zh-cn,zh','LAN','http://localhost','/','/miqinew2013273/index.php'),
('1387300026','127.0.0.1','158','Internet Explorer 10.0','Windows NT','zh-CN','LAN','','','/miqinew2013273/index.php'),
('1387300319','127.0.0.1','2359','FireFox 25.0','Windows NT','zh-cn,zh','LAN','','','/miqinew2013273/index.php'),
('1387302335','127.0.0.1','2361','FireFox 25.0','Windows NT','zh-cn,zh','LAN','http://localhost','/miqinew2013273/goods.php?id=9','/miqinew2013273/index.php'),
('1387305962','127.0.0.1','2362','FireFox 25.0','Windows NT','zh-cn,zh','LAN','http://localhost','/miqinew2013273/index.php','/miqinew2013273/group_buy.php'),
('1387321807','127.0.0.1','2367','FireFox 25.0','Windows NT','zh-cn,zh','LAN','http://localhost','/','/miqinew2013273/index.php'),
('1387390832','127.0.0.1','2374','FireFox 25.0','Windows NT','zh-cn,zh','LAN','http://localhost','/','/miqinew2013273/index.php'),
('1387391257','127.0.0.1','160','Internet Explorer 10.0','Windows NT','zh-CN','LAN','','','/miqinew2013273/index.php'),
('1387400891','127.0.0.1','2375','FireFox 25.0','Windows NT','zh-cn,zh','LAN','','','/miqinew2013273/index.php'),
('1387401369','127.0.0.1','161','Safari 537.1','Windows NT','zh-CN,zh','LAN','','','/miqinew2013273/index.php'),
('1387403082','127.0.0.1','2376','FireFox 25.0','Windows NT','zh-cn,zh','LAN','http://localhost','/','/miqinew2013273/index.php'),
('1387403283','127.0.0.1','2377','FireFox 25.0','Windows NT','zh-cn,zh','LAN','http://localhost','/miqinew2013273/','/miqinew2013273/flow.php'),
('1387406149','127.0.0.1','162','Safari 537.1','Windows NT','zh-CN,zh','LAN','','','/miqinew2013273/goods.php'),
('1387413178','127.0.0.1','2378','FireFox 25.0','Windows NT','zh-cn,zh','LAN','http://localhost','/miqinew2013273/admin/index.php?act=top','/miqinew2013273/index.php'),
('1387474492','127.0.0.1','2379','FireFox 25.0','Windows NT','zh-cn,zh','LAN','http://localhost','/','/miqinew2013273/index.php'),
('1387476590','127.0.0.1','2381','FireFox 26.0','Windows NT','zh-cn,zh','LAN','','','/miqinew2013273/index.php'),
('1387481715','127.0.0.1','2383','FireFox 26.0','Windows NT','zh-cn,zh','LAN','http://localhost','/miqinew2013273/group_buy.php','/miqinew2013273/group_buy.php'),
('1387487231','127.0.0.1','2384','FireFox 26.0','Windows NT','zh-cn,zh','LAN','http://localhost','/miqinew2013273/user.php','/miqinew2013273/group_buy.php'),
('1387488702','127.0.0.1','2389','FireFox 26.0','Windows NT','zh-cn,zh','LAN','http://localhost','/miqinew2013273/group_buy.php?act=view&id=15','/miqinew2013273/captcha.php'),
('1387491718','127.0.0.1','165','Internet Explorer 10.0','Windows NT','zh-CN','LAN','','','/miqinew2013273/group_buy.php'),
('1387491819','127.0.0.1','166','Internet Explorer 10.0','Windows NT','zh-CN','LAN','','','/miqinew2013273/group_buy.php'),
('1387493180','127.0.0.1','2391','FireFox 26.0','Windows NT','zh-cn,zh','LAN','','','/miqinew2013273/index.php'),
('1387496293','127.0.0.1','2393','FireFox 26.0','Windows NT','zh-cn,zh','LAN','http://localhost','/miqinew2013273/index.php','/miqinew2013273/group_buy.php'),
('1387498396','127.0.0.1','2394','FireFox 26.0','Windows NT','zh-cn,zh','LAN','http://localhost','/miqinew2013273/group_buy.php?act=view&id=18','/miqinew2013273/group_buy.php'),
('1387499624','127.0.0.1','167','Safari 537.1','Windows NT','zh-CN,zh','LAN','','','/miqinew2013273/group_buy.php'),
('1387732878','127.0.0.1','2397','FireFox 26.0','Windows NT','zh-cn,zh','LAN','http://localhost','/','/miqinew2013273/index.php'),
('1388092809','127.0.0.1','2494','FireFox 26.0','Windows NT','zh-cn,zh','LAN','','','/miqinew2013273/index.php'),
('1388094729','127.0.0.1','2495','FireFox 26.0','Windows NT','zh-cn,zh','LAN','http://localhost','/miqinew2013273/goods.php?id=24','/miqinew2013273/index.php'),
('1388106772','127.0.0.1','2496','FireFox 26.0','Windows NT','zh-cn,zh','LAN','','','/miqinew2013273/goods.php'),
('1388337500','127.0.0.1','2497','FireFox 26.0','Windows NT','zh-cn,zh','LAN','http://localhost','/','/miqinew2013273/index.php'),
('1388337660','127.0.0.1','200','Internet Explorer 10.0','Windows NT','zh-CN','LAN','','','/miqinew2013273/group_buy.php'),
('1388342357','127.0.0.1','2498','FireFox 26.0','Windows NT','zh-cn,zh','LAN','http://localhost','/miqinew2013273/goods.php?id=9','/miqinew2013273/comment.php'),
('1388344145','127.0.0.1','2500','FireFox 26.0','Windows NT','zh-cn,zh','LAN','','','/miqinew2013273/goods.php'),
('1388344825','127.0.0.1','2502','FireFox 26.0','Windows NT','zh-cn,zh','LAN','','','/miqinew2013273/message.php'),
('1388346575','127.0.0.1','201','Internet Explorer 10.0','Windows NT','zh-CN','LAN','','','/miqinew2013273/goods.php'),
('1388351138','127.0.0.1','202','Safari 537.1','Windows NT','zh-CN,zh','LAN','','','/miqinew2013273/goods.php'),
('1388351415','127.0.0.1','2503','FireFox 26.0','Windows NT','zh-cn,zh','LAN','','','/miqinew2013273/goods.php'),
('1388353540','127.0.0.1','203','Safari 537.1','Windows NT','zh-CN,zh','LAN','','','/miqinew2013273/goods.php'),
('1388353565','127.0.0.1','230','Internet Explorer 6.0','Windows NT','zh-cn','LAN','','','/miqinew2013273/goods.php'),
('1388353579','127.0.0.1','231','Internet Explorer 7.0','Windows NT','zh-cn','LAN','','','/miqinew2013273/goods.php'),
('1388354224','127.0.0.1','232','Internet Explorer 6.0','Windows NT','zh-cn','LAN','','','/miqinew2013273/goods.php'),
('1388358308','127.0.0.1','2504','FireFox 26.0','Windows NT','zh-cn,zh','LAN','','','/miqinew2013273/goods.php'),
('1388358685','127.0.0.1','233','Internet Explorer 7.0','Windows NT','zh-cn','LAN','','','/miqinew2013273/goods.php'),
('1388423649','127.0.0.1','2512','FireFox 26.0','Windows NT','zh-cn,zh','LAN','','','/miqinew2013273/index.php'),
('1388424486','127.0.0.1','204','Internet Explorer 10.0','Windows NT','zh-CN','LAN','','','/miqinew2013273/index.php'),
('1388447769','127.0.0.1','2513','FireFox 26.0','Windows NT','zh-cn,zh','LAN','','','/miqinew2013273/index.php'),
('1388611193','127.0.0.1','2519','FireFox 26.0','Windows NT','zh-cn,zh','LAN','','','/miqinew2013273/index.php'),
('1388611479','127.0.0.1','2521','FireFox 26.0','Windows NT','zh-cn,zh','LAN','http://localhost','/miqinew2013273/category.php?id=1','/miqinew2013273/category.php'),
('1388613561','127.0.0.1','207','Safari 537.1','Windows NT','zh-CN,zh','LAN','','','/miqinew2013273/index.php'),
('1388708433','127.0.0.1','375','Safari 537.31','Windows NT','zh-CN,zh','LAN','http://localhost','/','/miqinew2013273/index.php'),
('1388711553','127.0.0.1','377','Safari 537.31','Windows NT','zh-CN,zh','LAN','http://localhost','/miqinew2013273/brand.php?id=14','/miqinew2013273/index.php'),
('1388712404','127.0.0.1','379','Safari 537.31','Windows NT','zh-CN,zh','LAN','http://localhost','/miqinew2013273/index.php','/miqinew2013273/category.php'),
('1388941896','127.0.0.1','380','Safari 537.31','Windows NT','zh-CN,zh','LAN','http://localhost','/','/miqinew2013273/index.php'),
('1388942018','127.0.0.1','382','Safari 537.31','Windows NT','zh-CN,zh','LAN','http://localhost','/miqinew2013273/','/miqinew2013273/category.php'),
('1388944096','127.0.0.1','384','Safari 537.31','Windows NT','zh-CN,zh','LAN','http://localhost','/miqinew2013273/index.php','/miqinew2013273/goods.php'),
('1388950916','127.0.0.1','385','Safari 537.31','Windows NT','zh-CN,zh','LAN','http://localhost','/miqinew2013273/flow.php','/miqinew2013273/index.php'),
('1388955575','127.0.0.1','386','Safari 537.31','Windows NT','zh-CN,zh','LAN','http://localhost','/miqinew2013273/flow.php','/miqinew2013273/flow.php'),
('1388958156','127.0.0.1','388','Safari 537.31','Windows NT','zh-CN,zh','LAN','','','/miqinew2013273/activity.php'),
('1388958259','127.0.0.1','390','Safari 537.31','Windows NT','zh-CN,zh','LAN','','','/miqinew2013273/snatch.php'),
('1388958273','127.0.0.1','392','Safari 537.31','Windows NT','zh-CN,zh','LAN','','','/miqinew2013273/auction.php'),
('1388958980','127.0.0.1','394','Safari 537.31','Windows NT','zh-CN,zh','LAN','','','/miqinew2013273/exchange.php'),
('1388960174','127.0.0.1','396','Safari 537.31','Windows NT','zh-CN,zh','LAN','http://localhost','/miqinew2013273/exchange.php','/miqinew2013273/exchange.php'),
('1388961411','127.0.0.1','398','Safari 537.31','Windows NT','zh-CN,zh','LAN','','','/miqinew2013273/message.php'),
('1388961657','127.0.0.1','400','Safari 537.31','Windows NT','zh-CN,zh','LAN','','','/miqinew2013273/pick_out.php'),
('1388962367','127.0.0.1','402','Safari 537.31','Windows NT','zh-CN,zh','LAN','','','/miqinew2013273/exchange.php'),
('1388962505','127.0.0.1','404','Safari 537.31','Windows NT','zh-CN,zh','LAN','','','/miqinew2013273/auction.php'),
('1388962629','127.0.0.1','406','Safari 537.31','Windows NT','zh-CN,zh','LAN','','','/miqinew2013273/snatch.php'),
('1388962643','127.0.0.1','408','Safari 537.31','Windows NT','zh-CN,zh','LAN','','','/miqinew2013273/auction.php'),
('1388962651','127.0.0.1','410','Safari 537.31','Windows NT','zh-CN,zh','LAN','','','/miqinew2013273/exchange.php'),
('1388962661','127.0.0.1','412','Safari 537.31','Windows NT','zh-CN,zh','LAN','','','/miqinew2013273/message.php'),
('1388963107','127.0.0.1','414','Safari 537.31','Windows NT','zh-CN,zh','LAN','','','/miqinew2013273/exchange.php'),
('1388963888','127.0.0.1','416','Safari 537.31','Windows NT','zh-CN,zh','LAN','','','/miqinew2013273/message.php'),
('1388964099','127.0.0.1','418','Safari 537.31','Windows NT','zh-CN,zh','LAN','http://localhost','/miqinew2013273/message.php','/miqinew2013273/message.php'),
('1389289435','127.0.0.1','462','Safari 537.31','Windows NT','zh-CN,zh','LAN','http://localhost','/','/miqinew2013273/index.php'),
('1389290263','127.0.0.1','464','Safari 537.31','Windows NT','zh-CN,zh','LAN','http://localhost','/miqinew2013273/','/miqinew2013273/group_buy.php'),
('1389296785','127.0.0.1','466','Safari 537.31','Windows NT','zh-CN,zh','LAN','http://localhost','/','/miqinew2013273/index.php'),
('1389301830','127.0.0.1','469','Safari 537.31','Windows NT','zh-CN,zh','LAN','http://localhost','/','/miqinew2013273/index.php'),
('1389302015','127.0.0.1','471','Safari 537.31','Windows NT','zh-CN,zh','LAN','http://localhost','/miqinew2013273/group_buy.php?act=view&id=14','/miqinew2013273/group_buy.php'),
('1389304601','127.0.0.1','473','Safari 537.31','Windows NT','zh-CN,zh','LAN','http://localhost','/miqinew2013273/group_buy.php','/miqinew2013273/group_buy.php'),
('1389305462','127.0.0.1','476','Safari 537.31','Windows NT','zh-CN,zh','LAN','http://localhost','/miqinew2013273/group_buy.php','/miqinew2013273/group_buy.php'),
('1389310492','127.0.0.1','478','Safari 537.31','Windows NT','zh-CN,zh','LAN','http://localhost','/miqinew2013273/admin/index.php?act=top','/miqinew2013273/index.php'),
('1389548660','127.0.0.1','492','Safari 537.31','Windows NT','zh-CN,zh','LAN','http://localhost','/','/miqinew2013273/index.php'),
('1390262459','127.0.0.1','620','Safari 537.36','Windows NT','zh-CN,zh','LAN','http://localhost','/','/miqinew2013273/index.php'),
('1390264816','127.0.0.1','621','Safari 537.36','Windows NT','zh-CN,zh','LAN','','','/miqinew2013273/index.php'),
('1390323336','127.0.0.1','622','Safari 537.36','Windows NT','zh-CN,zh','LAN','http://localhost','/','/miqinew2013273/index.php'),
('1390331219','127.0.0.1','623','Internet Explorer 9.0','Windows NT','zh-CN','LAN','http://localhost','/miqinew2013273/index.php','/miqinew2013273/category.php'),
('1390333774','127.0.0.1','625','Safari 537.36','Windows NT','zh-CN,zh','LAN','','','/miqinew2013273/category.php'),
('1390333887','127.0.0.1','627','Internet Explorer 9.0','Windows NT','zh-CN','LAN','','','/miqinew2013273/category.php'),
('1390338273','127.0.0.1','628','Internet Explorer 9.0','Windows NT','zh-CN','LAN','','','/miqinew2013273/category.php'),
('1390344731','127.0.0.1','630','Safari 537.36','Windows NT','zh-CN,zh','LAN','','','/miqinew2013273/goods.php'),
('1390347201','127.0.0.1','632','Safari 537.36','Windows NT','zh-CN,zh','LAN','','','/miqinew2013273/snatch.php'),
('1390347211','127.0.0.1','634','Safari 537.36','Windows NT','zh-CN,zh','LAN','','','/miqinew2013273/auction.php'),
('1390347227','127.0.0.1','636','Safari 537.36','Windows NT','zh-CN,zh','LAN','','','/miqinew2013273/exchange.php'),
('1390347341','127.0.0.1','638','Safari 537.36','Windows NT','zh-CN,zh','LAN','','','/miqinew2013273/message.php'),
('1390347361','127.0.0.1','640','Internet Explorer 9.0','Windows NT','zh-CN','LAN','http://localhost','/miqinew2013273/user.php','/miqinew2013273/index.php'),
('1390409311','127.0.0.1','641','Safari 537.36','Windows NT','zh-CN,zh','LAN','http://localhost','/','/miqinew2013273/index.php'),
('1390417162','127.0.0.1','1','Internet Explorer 6.0','Windows NT','zh-cn','LAN','','','/miqinew2013273/index.php'),
('1390423784','127.0.0.1','642','Safari 537.36','Windows NT','zh-CN,zh','LAN','http://localhost','/miqinew2013273/index.php','/miqinew2013273/category.php'),
('1390428269','127.0.0.1','6','FireFox 26.0','Windows NT','zh-cn,zh','LAN','','','/miqinew2013273/group_buy.php'),
('1390436335','127.0.0.1','643','Safari 537.36','Windows NT','zh-CN,zh','LAN','http://localhost','/','/miqinew2013273/index.php'),
('1390497157','127.0.0.1','645','Safari 537.36','Windows NT','zh-CN,zh','LAN','http://localhost','/','/miqinew2013273/index.php'),
('1390503514','127.0.0.1','646','Safari 537.36','Windows NT','zh-CN,zh','LAN','http://localhost','/miqinew2013273/category.php?id=6','/miqinew2013273/group_buy.php'),
('1390512754','127.0.0.1','647','Safari 537.36','Windows NT','zh-CN,zh','LAN','http://localhost','/miqinew2013273/group_buy.php','/miqinew2013273/index.php'),
('1390515488','127.0.0.1','648','Safari 537.36','Windows NT','zh-CN,zh','LAN','http://localhost','/miqinew2013273/admin/index.php?act=top','/miqinew2013273/index.php'),
('1392573120','127.0.0.1','397','FireFox 26.0','Windows NT','zh-cn,zh','LAN','http://localhost','/','/miqinew2013273/index.php'),
('1392580267','127.0.0.1','400','FireFox 27.0','Windows NT','zh-cn,zh','LAN','http://localhost','/','/miqinew2013273/index.php'),
('1392682317','127.0.0.1','407','FireFox 27.0','Windows NT','zh-cn,zh','LAN','http://localhost','/','/miqinew2013273/index.php'),
('1392772592','127.0.0.1','421','FireFox 27.0','Windows NT','zh-cn,zh','LAN','http://localhost','/','/miqinew2013273/index.php'),
('1392772811','127.0.0.1','63','Unknow browser','Windows NT','zh-CN','LAN','','','/miqinew2013273/index.php'),
('1393356929','127.0.0.1','467','FireFox 27.0','Windows NT','zh-cn,zh','LAN','http://localhost','/','/miqinew2013273/index.php'),
('1393799319','127.0.0.1','2','FireFox 27.0','Windows NT','zh-cn,zh','LAN','','','/miqinew2013273/index.php'),
('1393799696','127.0.0.1','3','Safari 537.36','Windows NT','zh-CN,zh','LAN','','','/yiguo273/index.php'),
('1393806768','127.0.0.1','5','Safari 537.36','Windows NT','zh-CN,zh','LAN','http://localhost','/yiguo273/index.php','/yiguo273/index.php'),
('1393807237','127.0.0.1','4','FireFox 27.0','Windows NT','zh-cn,zh','LAN','http://localhost','/','/yiguo273/index.php'),
('1393807739','127.0.0.1','6','FireFox 27.0','Windows NT','zh-cn,zh','LAN','','','/yiguo273/index.php'),
('1393808763','127.0.0.1','8','Safari 537.36','Windows NT','zh-CN,zh','LAN','http://localhost','/yiguo273/search.php?encode=YTozOntzOjc6ImtleXdvcmQiO3M6MToiMSI7czoxMDoiaW1hZ2VGaWVsZCI7czowOiIiO3M6MTg6InNlYXJjaF9lbmNvZGVfdGltZSI7aToxMzkzODM2ODg2O30=','/yiguo273/index.php'),
('1393810297','127.0.0.1','10','Safari 537.36','Windows NT','zh-CN,zh','LAN','http://localhost','/yiguo273/search.php?encode=YTozOntzOjc6ImtleXdvcmQiO3M6MToiMSI7czoxMDoiaW1hZ2VGaWVsZCI7czowOiIiO3M6MTg6InNlYXJjaF9lbmNvZGVfdGltZSI7aToxMzkzODM2ODg2O30=','/yiguo273/index.php'),
('1393810337','127.0.0.1','7','FireFox 27.0','Windows NT','zh-cn,zh','LAN','','','/yiguo273/index.php'),
('1393810587','127.0.0.1','12','Safari 537.36','Windows NT','zh-CN,zh','LAN','http://localhost','/yiguo273/search.php?encode=YTozOntzOjc6ImtleXdvcmQiO3M6MToiMSI7czoxMDoiaW1hZ2VGaWVsZCI7czowOiIiO3M6MTg6InNlYXJjaF9lbmNvZGVfdGltZSI7aToxMzkzODM2ODg2O30=','/yiguo273/index.php'),
('1393811416','127.0.0.1','14','Safari 537.36','Windows NT','zh-CN,zh','LAN','http://localhost','/yiguo273/user.php','/yiguo273/index.php'),
('1393867319','127.0.0.1','4','Internet Explorer 9.0','Windows NT','zh-CN','LAN','http://localhost','/','/yiguo273/index.php'),
('1393868386','127.0.0.1','5','Internet Explorer 9.0','Windows NT','zh-CN','LAN','http://localhost','/','/yiguo273/index.php'),
('1393868392','127.0.0.1','15','Safari 537.36','Windows NT','zh-CN,zh','LAN','','','/yiguo273/index.php'),
('1393872347','127.0.0.1','17','Safari 537.36','Windows NT','zh-CN,zh','LAN','http://localhost','/yiguo273/','/yiguo273/user.php'),
('1393872837','127.0.0.1','19','Safari 537.36','Windows NT','zh-CN,zh','LAN','http://localhost','/yiguo273/','/yiguo273/user.php'),
('1393873064','127.0.0.1','21','Safari 537.36','Windows NT','zh-CN,zh','LAN','http://localhost','/yiguo273/user.php','/yiguo273/user.php'),
('1393874478','127.0.0.1','23','Safari 537.36','Windows NT','zh-CN,zh','LAN','','','/yiguo273/index.php'),
('1393875363','127.0.0.1','8','FireFox 27.0','Windows NT','zh-cn,zh','LAN','','','/yiguo273/index.php'),
('1393875436','127.0.0.1','9','FireFox 27.0','Windows NT','zh-cn,zh','LAN','','','/yiguo273/index.php'),
('1393878275','127.0.0.1','25','Safari 537.36','Windows NT','zh-CN,zh','LAN','http://localhost','/yiguo273/index.php','/yiguo273/index.php'),
('1393879401','127.0.0.1','27','Safari 537.36','Windows NT','zh-CN,zh','LAN','http://localhost','/yiguo273/index.php','/yiguo273/index.php'),
('1393880425','127.0.0.1','29','Safari 537.36','Windows NT','zh-CN,zh','LAN','http://localhost','/yiguo273/index.php','/yiguo273/index.php'),
('1393881184','127.0.0.1','31','Safari 537.36','Windows NT','zh-CN,zh','LAN','http://localhost','/yiguo273/index.php','/yiguo273/index.php'),
('1393882298','127.0.0.1','33','Safari 537.36','Windows NT','zh-CN,zh','LAN','http://localhost','/yiguo273/user.php','/yiguo273/user.php'),
('1393882591','127.0.0.1','35','Safari 537.36','Windows NT','zh-CN,zh','LAN','http://localhost','/yiguo273/user.php','/yiguo273/index.php'),
('1393882787','127.0.0.1','37','Safari 537.36','Windows NT','zh-CN,zh','LAN','http://localhost','/yiguo273/user.php','/yiguo273/index.php'),
('1393891150','127.0.0.1','39','Safari 537.36','Windows NT','zh-CN,zh','LAN','http://localhost','/yiguo273/user.php','/yiguo273/index.php'),
('1393892516','127.0.0.1','41','Safari 537.36','Windows NT','zh-CN,zh','LAN','http://localhost','/yiguo273/user.php','/yiguo273/index.php'),
('1393952559','127.0.0.1','7','Internet Explorer 9.0','Windows NT','zh-CN','LAN','http://localhost','/','/yiguo273/index.php'),
('1393952628','127.0.0.1','42','Safari 537.36','Windows NT','zh-CN,zh','LAN','','','/yiguo273/index.php'),
('1393953756','127.0.0.1','44','Safari 537.36','Windows NT','zh-CN,zh','LAN','','','/yiguo273/index.php'),
('1393954536','127.0.0.1','46','Safari 537.36','Windows NT','zh-CN,zh','LAN','','','/yiguo273/index.php'),
('1393955429','127.0.0.1','48','Safari 537.36','Windows NT','zh-CN,zh','LAN','','','/yiguo273/index.php'),
('1393962770','127.0.0.1','50','Safari 537.36','Windows NT','zh-CN,zh','LAN','','','/yiguo273/index.php'),
('1393965170','127.0.0.1','52','Safari 537.36','Windows NT','zh-CN,zh','LAN','','','/yiguo273/index.php'),
('1393968039','127.0.0.1','54','Safari 537.36','Windows NT','zh-CN,zh','LAN','http://localhost','/yiguo273/user.php','/yiguo273/user.php'),
('1393968281','127.0.0.1','56','Safari 537.36','Windows NT','zh-CN,zh','LAN','http://localhost','/yiguo273/user.php','/yiguo273/index.php'),
('1393972849','127.0.0.1','58','Safari 537.36','Windows NT','zh-CN,zh','LAN','http://localhost','/yiguo273/user.php','/yiguo273/index.php'),
('1393974283','127.0.0.1','60','Safari 537.36','Windows NT','zh-CN,zh','LAN','http://localhost','/yiguo273/user.php','/yiguo273/index.php'),
('1393974487','127.0.0.1','62','Safari 537.36','Windows NT','zh-CN,zh','LAN','http://localhost','/yiguo273/user.php','/yiguo273/index.php'),
('1393977094','127.0.0.1','64','Safari 537.36','Windows NT','zh-CN,zh','LAN','http://localhost','/yiguo273/index.php','/yiguo273/flow.php'),
('1393982682','127.0.0.1','8','Internet Explorer 9.0','Windows NT','zh-CN','LAN','','','/yiguo273/index.php'),
('1393982683','127.0.0.1','8','Internet Explorer 9.0','Windows NT','zh-CN','LAN','','','/yiguo273/index.php'),
('1393982687','127.0.0.1','9','Internet Explorer 9.0','Windows NT','zh-CN','LAN','','','/yiguo273/index.php'),
('1393982748','127.0.0.1','10','Internet Explorer 6.0','Windows NT','zh-cn','LAN','','','/yiguo273/index.php'),
('1393982887','127.0.0.1','11','Internet Explorer 7.0','Windows NT','zh-cn','LAN','','','/yiguo273/index.php'),
('1394037548','127.0.0.1','12','Internet Explorer 9.0','Windows NT','zh-CN','LAN','http://localhost','/','/yiguo273/index.php'),
('1394037594','127.0.0.1','66','Safari 537.36','Windows NT','zh-CN,zh','LAN','','','/yiguo273/index.php'),
('1394040425','127.0.0.1','68','Safari 537.36','Windows NT','zh-CN,zh','LAN','','','/yiguo273/index.php'),
('1394041102','127.0.0.1','70','Safari 537.36','Windows NT','zh-CN,zh','LAN','','','/yiguo273/index.php'),
('1394042568','127.0.0.1','72','Safari 537.36','Windows NT','zh-CN,zh','LAN','http://localhost','/yiguo273/','/yiguo273/flow.php'),
('1394044135','127.0.0.1','1','Internet Explorer 6.0','Windows NT','zh-cn','LAN','','','/yiguo273/index.php'),
('1394045063','127.0.0.1','2','Internet Explorer 6.0','Windows NT','zh-cn','LAN','','','/yiguo273/index.php'),
('1394045106','127.0.0.1','3','Internet Explorer 6.0','Windows NT','zh-cn','LAN','','','/yiguo273/index.php'),
('1394045310','127.0.0.1','4','Internet Explorer 6.0','Windows NT','zh-cn','LAN','','','/yiguo273/index.php'),
('1394045327','127.0.0.1','5','Internet Explorer 6.0','Windows NT','zh-cn','LAN','','','/yiguo273/index.php'),
('1394045374','127.0.0.1','6','Internet Explorer 6.0','Windows NT','zh-cn','LAN','','','/yiguo273/index.php'),
('1394045687','127.0.0.1','74','Safari 537.36','Windows NT','zh-CN,zh','LAN','','','/yiguo273/index.php'),
('1394052044','127.0.0.1','75','Safari 537.36','Windows NT','zh-CN,zh','LAN','','','/yiguo273/index.php'),
('1394058509','127.0.0.1','77','Safari 537.36','Windows NT','zh-CN,zh','LAN','','','/yiguo273/index.php'),
('1394059140','127.0.0.1','7','Internet Explorer 6.0','Windows NT','zh-cn','LAN','','','/yiguo273/index.php'),
('1394059141','127.0.0.1','8','Internet Explorer 9.0','Windows NT','zh-CN','LAN','','','/yiguo273/index.php'),
('1394059167','127.0.0.1','9','Internet Explorer 8.0','Windows NT','zh-cn','LAN','http://localhost','/yiguo273/','/yiguo273/flow.php'),
('1394059195','127.0.0.1','10','Internet Explorer 7.0','Windows NT','zh-cn','LAN','http://localhost','/yiguo273/','/yiguo273/flow.php'),
('1394060239','127.0.0.1','11','Internet Explorer 6.0','Windows NT','zh-cn','LAN','','','/yiguo273/index.php'),
('1394060644','127.0.0.1','12','Internet Explorer 6.0','Windows NT','zh-cn','LAN','','','/yiguo273/index.php'),
('1394063673','127.0.0.1','79','Safari 537.36','Windows NT','zh-CN,zh','LAN','http://localhost','/yiguo273/user.php','/yiguo273/index.php'),
('1394063897','127.0.0.1','81','Safari 537.36','Windows NT','zh-CN,zh','LAN','http://localhost','/yiguo273/user.php','/yiguo273/index.php'),
('1394064222','127.0.0.1','83','Safari 537.36','Windows NT','zh-CN,zh','LAN','http://localhost','/yiguo273/index.php','/yiguo273/category.php'),
('1394064286','127.0.0.1','85','Safari 537.36','Windows NT','zh-CN,zh','LAN','http://localhost','/','/yiguo273/index.php'),
('1394071156','127.0.0.1','10','FireFox 27.0','Windows NT','zh-cn,zh','LAN','','','/yiguo273/index.php'),
('1394127221','127.0.0.1','86','Safari 537.36','Windows NT','zh-CN,zh','LAN','http://localhost','/yiguo273/','/yiguo273/index.php'),
('1394127222','127.0.0.1','86','Safari 537.36','Windows NT','zh-CN,zh','LAN','http://localhost','/yiguo273/','/yiguo273/index.php'),
('1394128272','127.0.0.1','87','Safari 537.36','Windows NT','zh-CN,zh','LAN','http://localhost','/','/yiguo273/index.php'),
('1394128286','127.0.0.1','11','FireFox 27.0','Windows NT','zh-cn,zh','LAN','','','/yiguo273/index.php'),
('1394128992','127.0.0.1','13','Internet Explorer 6.0','Windows NT','zh-cn','LAN','','','/yiguo273/index.php'),
('1394128993','127.0.0.1','13','Internet Explorer 7.0','Windows NT','zh-cn','LAN','','','/yiguo273/index.php'),
('1394128994','127.0.0.1','14','Internet Explorer 9.0','Windows NT','zh-CN','LAN','','','/yiguo273/index.php'),
('1394133670','127.0.0.1','15','Internet Explorer 6.0','Windows NT','zh-cn','LAN','','','/yiguo273/index.php'),
('1394133670','127.0.0.1','15','Internet Explorer 9.0','Windows NT','zh-CN','LAN','','','/yiguo273/index.php'),
('1394133670','127.0.0.1','15','Internet Explorer 7.0','Windows NT','zh-cn','LAN','','','/yiguo273/index.php'),
('1394133670','127.0.0.1','15','Internet Explorer 8.0','Windows NT','zh-cn','LAN','','','/yiguo273/index.php'),
('1394134832','127.0.0.1','12','FireFox 27.0','Windows NT','zh-cn,zh','LAN','','','/yiguo273/index.php'),
('1394138107','127.0.0.1','88','Safari 537.36','Windows NT','zh-CN,zh','LAN','http://localhost','/yiguo273/group_buy.php','/yiguo273/index.php'),
('1394140614','127.0.0.1','89','Safari 537.36','Windows NT','zh-CN,zh','LAN','http://localhost','/','/yiguo273/index.php'),
('1394145643','127.0.0.1','90','Safari 537.36','Windows NT','zh-CN,zh','LAN','http://localhost','/yiguo273/category.php?id=1','/yiguo273/index.php'),
('1394150704','127.0.0.1','13','FireFox 27.0','Windows NT','zh-cn,zh','LAN','','','/yiguo273/category.php'),
('1394153153','127.0.0.1','92','Safari 537.36','Windows NT','zh-CN,zh','LAN','http://localhost','/yiguo273/category.php?id=1','/yiguo273/category.php'),
('1394153309','127.0.0.1','14','FireFox 27.0','Windows NT','zh-cn,zh','LAN','','','/yiguo273/category.php'),
('1394154059','127.0.0.1','94','Safari 537.36','Windows NT','zh-CN,zh','LAN','http://localhost','/yiguo273/category.php?category=1&display=grid&brand=0&price_min=0&price_max=0&filter_attr=0&page=1&sort=sales_volume&order=DESC','/yiguo273/index.php'),
('1394385012','127.0.0.1','95','Safari 537.36','Windows NT','zh-CN,zh','LAN','http://localhost','/','/yiguo273/index.php'),
('1394387297','127.0.0.1','97','Safari 537.36','Windows NT','zh-CN,zh','LAN','http://localhost','/yiguo273/category.php?category=1&display=grid&brand=0&price_min=0&price_max=0&filter_attr=0&page=1&sort=goods_id&order=DESC','/yiguo273/category.php'),
('1394397772','127.0.0.1','98','Safari 537.36','Windows NT','zh-CN,zh','LAN','http://localhost','/yiguo273/category.php?id=1','/yiguo273/category.php'),
('1394399871','127.0.0.1','100','Safari 537.36','Windows NT','zh-CN,zh','LAN','http://localhost','/yiguo273/category.php?id=6&price_min=0&price_max=0&page=2&sort=goods_id&order=DESC','/yiguo273/category.php'),
('1394400415','127.0.0.1','102','Safari 537.36','Windows NT','zh-CN,zh','LAN','http://localhost','/yiguo273/category.php?id=6&price_min=0&price_max=0&page=2&sort=goods_id&order=DESC','/yiguo273/index.php'),
('1394400497','127.0.0.1','104','Safari 537.36','Windows NT','zh-CN,zh','LAN','http://localhost','/yiguo273/index.php','/yiguo273/category.php'),
('1394400642','127.0.0.1','106','Safari 537.36','Windows NT','zh-CN,zh','LAN','http://localhost','/yiguo273/index.php','/yiguo273/category.php'),
('1394401292','127.0.0.1','108','Safari 537.36','Windows NT','zh-CN,zh','LAN','http://localhost','/yiguo273/index.php','/yiguo273/category.php'),
('1394401991','127.0.0.1','110','Safari 537.36','Windows NT','zh-CN,zh','LAN','http://localhost','/yiguo273/category.php?category=6&display=grid&brand=0&price_min=0&price_max=0&filter_attr=&page=1&sort=shop_price&order=','/yiguo273/category.php'),
('1394408987','127.0.0.1','112','Safari 537.36','Windows NT','zh-CN,zh','LAN','http://localhost','/yiguo273/goods.php?id=13','/yiguo273/category.php'),
('1394409659','127.0.0.1','114','Safari 537.36','Windows NT','zh-CN,zh','LAN','http://localhost','/yiguo273/goods.php?id=124','/yiguo273/captcha.php'),
('1394471804','127.0.0.1','115','Safari 537.36','Windows NT','zh-CN,zh','LAN','http://localhost','/','/yiguo273/index.php'),
('1394480691','127.0.0.1','117','Safari 537.36','Windows NT','zh-CN,zh','LAN','http://localhost','/yiguo273/category.php?id=1','/yiguo273/goods.php'),
('1394483238','127.0.0.1','118','Safari 537.36','Windows NT','zh-CN,zh','LAN','http://localhost','/yiguo273/category.php?id=1','/yiguo273/goods.php'),
('1394486002','127.0.0.1','120','Safari 537.36','Windows NT','zh-CN,zh','LAN','http://localhost','/yiguo273/category.php?id=1','/yiguo273/goods.php'),
('1394486765','127.0.0.1','122','Safari 537.36','Windows NT','zh-CN,zh','LAN','http://localhost','/yiguo273/category.php?id=1','/yiguo273/goods.php'),
('1394492778','127.0.0.1','124','Safari 537.36','Windows NT','zh-CN,zh','LAN','http://localhost','/yiguo273/goods.php?id=124','/yiguo273/index.php'),
('1394500423','127.0.0.1','126','Safari 537.36','Windows NT','zh-CN,zh','LAN','http://localhost','/yiguo273/category.php?id=1','/yiguo273/goods.php'),
('1394559266','127.0.0.1','127','Safari 537.36','Windows NT','zh-CN,zh','LAN','http://localhost','/','/yiguo273/index.php'),
('1394559532','127.0.0.1','128','Safari 537.36','Windows NT','zh-CN,zh','LAN','http://localhost','/','/yiguo273/index.php'),
('1394571838','127.0.0.1','129','Safari 537.36','Windows NT','zh-CN,zh','LAN','http://localhost','/yiguo273/index.php','/yiguo273/user.php'),
('1394585762','127.0.0.1','16','Internet Explorer 6.0','Windows NT','zh-cn','LAN','','','/yiguo273/index.php'),
('1394585762','127.0.0.1','16','Internet Explorer 7.0','Windows NT','zh-cn','LAN','','','/yiguo273/index.php'),
('1394585762','127.0.0.1','16','Internet Explorer 8.0','Windows NT','zh-cn','LAN','','','/yiguo273/index.php'),
('1394585762','127.0.0.1','16','Internet Explorer 9.0','Windows NT','zh-CN','LAN','','','/yiguo273/index.php'),
('1394586250','127.0.0.1','17','Internet Explorer 9.0','Windows NT','zh-CN','LAN','','','/yiguo273/index.php'),
('1394587371','127.0.0.1','18','Internet Explorer 7.0','Windows NT','zh-cn','LAN','','','/yiguo273/index.php'),
('1394587371','127.0.0.1','18','Internet Explorer 6.0','Windows NT','zh-cn','LAN','','','/yiguo273/index.php'),
('1394587371','127.0.0.1','18','Internet Explorer 9.0','Windows NT','zh-CN','LAN','','','/yiguo273/index.php'),
('1394587371','127.0.0.1','18','Internet Explorer 8.0','Windows NT','zh-cn','LAN','','','/yiguo273/index.php'),
('1394642510','127.0.0.1','130','Safari 537.36','Windows NT','zh-CN,zh','LAN','http://localhost','/','/yiguo273/index.php'),
('1394643553','127.0.0.1','132','Safari 537.36','Windows NT','zh-CN,zh','LAN','http://localhost','/yiguo273/category.php?id=16','/yiguo273/category.php'),
('1394644569','127.0.0.1','19','Internet Explorer 9.0','Windows NT','zh-CN','LAN','','','/yiguo273/goods.php'),
('1394644936','127.0.0.1','20','Internet Explorer 6.0','Windows NT','zh-cn','LAN','','','/yiguo273/goods.php'),
('1394644937','127.0.0.1','20','Internet Explorer 9.0','Windows NT','zh-CN','LAN','','','/yiguo273/goods.php'),
('1394644937','127.0.0.1','20','Internet Explorer 7.0','Windows NT','zh-cn','LAN','','','/yiguo273/goods.php'),
('1394644937','127.0.0.1','20','Internet Explorer 8.0','Windows NT','zh-cn','LAN','','','/yiguo273/goods.php'),
('1394730516','127.0.0.1','133','Safari 537.36','Windows NT','zh-CN,zh','LAN','http://localhost','/','/yiguo273/index.php'),
('1394733768','127.0.0.1','135','Safari 537.36','Windows NT','zh-CN,zh','LAN','http://localhost','/yiguo273/article.php?id=9','/yiguo273/article.php'),
('1394736891','127.0.0.1','21','Internet Explorer 9.0','Windows NT','zh-CN','LAN','','','/yiguo273/goods.php'),
('1394736975','127.0.0.1','22','Internet Explorer 8.0','Windows NT','zh-cn','LAN','','','/yiguo273/goods.php'),
('1394736975','127.0.0.1','22','Internet Explorer 6.0','Windows NT','zh-cn','LAN','','','/yiguo273/goods.php'),
('1394736975','127.0.0.1','22','Internet Explorer 7.0','Windows NT','zh-cn','LAN','','','/yiguo273/goods.php'),
('1394736976','127.0.0.1','22','Internet Explorer 9.0','Windows NT','zh-CN','LAN','','','/yiguo273/goods.php'),
('1394739933','127.0.0.1','23','Internet Explorer 9.0','Windows NT','zh-CN','LAN','','','/yiguo273/user.php'),
('1394743268','127.0.0.1','136','Safari 537.36','Windows NT','zh-CN,zh','LAN','http://localhost','/yiguo273/category.php?category=1&display=grid&brand=0&price_min=0&price_max=0&filter_attr=0&page=1&sort=last_update&order=DESC','/yiguo273/index.php'),
('1394746097','127.0.0.1','138','Safari 537.36','Windows NT','zh-CN,zh','LAN','http://localhost','/yiguo273/user.php?act=logout','/yiguo273/user.php'),
('1394746146','127.0.0.1','15','FireFox 27.0','Windows NT','zh-cn,zh','LAN','','','/yiguo273/user.php'),
('1394748331','127.0.0.1','18','FireFox 27.0','Windows NT','zh-cn,zh','LAN','','','/yiguo273/user.php'),
('1394748822','127.0.0.1','139','Safari 537.36','Windows NT','zh-CN,zh','LAN','http://localhost','/yiguo273/user.php?act=logout','/yiguo273/user.php'),
('1394755459','127.0.0.1','140','Safari 537.36','Windows NT','zh-CN,zh','LAN','http://localhost','/','/yiguo273/index.php'),
('1394756219','127.0.0.1','24','Internet Explorer 9.0','Windows NT','zh-CN','LAN','','','/yiguo273/goods.php'),
('1394756295','127.0.0.1','142','Safari 537.36','Windows NT','zh-CN,zh','LAN','http://localhost','/yiguo273/goods.php?id=124','/yiguo273/user.php'),
('1394990041','127.0.0.1','143','Safari 537.36','Windows NT','zh-CN,zh','LAN','http://localhost','/','/yiguo273/index.php'),
('1394993522','127.0.0.1','25','Internet Explorer 6.0','Windows NT','zh-cn','LAN','','','/yiguo273/index.php'),
('1394994867','127.0.0.1','145','Safari 537.36','Windows NT','zh-CN,zh','LAN','http://localhost','/yiguo273/goods.php?id=124','/yiguo273/index.php'),
('1394995250','127.0.0.1','147','Safari 537.36','Windows NT','zh-CN,zh','LAN','','','/yiguo273/exchange.php'),
('1394995379','127.0.0.1','149','Safari 537.36','Windows NT','zh-CN,zh','LAN','','','/yiguo273/group_buy.php'),
('1394996965','127.0.0.1','151','Safari 537.36','Windows NT','zh-CN,zh','LAN','http://localhost','/','/yiguo273/index.php'),
('1394996986','127.0.0.1','153','Safari 537.36','Windows NT','zh-CN,zh','LAN','','','/yiguo273/group_buy.php'),
('1395000192','127.0.0.1','155','Safari 537.36','Windows NT','zh-CN,zh','LAN','http://localhost','/yiguo273/user.php','/yiguo273/index.php'),
('1395004026','127.0.0.1','156','Safari 537.36','Windows NT','zh-CN,zh','LAN','http://localhost','/yiguo273/user.php','/yiguo273/index.php'),
('1395008422','127.0.0.1','158','Safari 537.36','Windows NT','zh-CN,zh','LAN','http://localhost','/yiguo273/admin/index.php?act=top','/yiguo273/index.php'),
('1395011531','127.0.0.1','160','Safari 537.36','Windows NT','zh-CN,zh','LAN','http://localhost','/yiguo273/search.php?encode=YTozOntzOjc6ImtleXdvcmQiO3M6MjQ6Iui%2bk%2bWFpeS6p%2bWTgeWQjeaIlue8luWPtyI7czoxMDoiaW1hZ2VGaWVsZCI7czowOiIiO3M6MTg6InNlYXJjaF9lbmNvZGVfdGltZSI7aToxMzk1MDQwMTM1O30=','/yiguo273/index.php'),
('1395012553','127.0.0.1','162','Safari 537.36','Windows NT','zh-CN,zh','LAN','http://localhost','/yiguo273/category.php?id=1','/yiguo273/search.php'),
('1395076781','127.0.0.1','163','Safari 537.36','Windows NT','zh-CN,zh','LAN','','','/yiguo273/index.php'),
('1395077049','127.0.0.1','165','Safari 537.36','Windows NT','zh-CN,zh','LAN','','','/yiguo273/package.php'),
('1395079205','127.0.0.1','167','Safari 537.36','Windows NT','zh-CN,zh','LAN','','','/yiguo273/package.php'),
('1395080703','127.0.0.1','169','Safari 537.36','Windows NT','zh-CN,zh','LAN','http://localhost','/yiguo273/pick_out.php','/yiguo273/pick_out.php'),
('1395088894','127.0.0.1','170','Safari 537.36','Windows NT','zh-CN,zh','LAN','','','/yiguo273/brand.php'),
('1395089199','127.0.0.1','172','Safari 537.36','Windows NT','zh-CN,zh','LAN','','','/yiguo273/brand.php'),
('1395090635','127.0.0.1','174','Safari 537.36','Windows NT','zh-CN,zh','LAN','http://localhost','/yiguo273/brand.php','/yiguo273/brand.php'),
('1395090833','127.0.0.1','176','Safari 537.36','Windows NT','zh-CN,zh','LAN','http://localhost','/yiguo273/brand.php','/yiguo273/brand.php'),
('1395090919','127.0.0.1','178','Safari 537.36','Windows NT','zh-CN,zh','LAN','','','/yiguo273/article.php'),
('1395091389','127.0.0.1','27','Internet Explorer 9.0','Windows NT','zh-CN','LAN','','','/yiguo273/group_buy.php'),
('1395091389','127.0.0.1','27','Internet Explorer 6.0','Windows NT','zh-cn','LAN','','','/yiguo273/group_buy.php'),
('1395091389','127.0.0.1','27','Internet Explorer 7.0','Windows NT','zh-cn','LAN','','','/yiguo273/group_buy.php'),
('1395091389','127.0.0.1','27','Internet Explorer 8.0','Windows NT','zh-cn','LAN','','','/yiguo273/group_buy.php'),
('1395091606','127.0.0.1','180','Safari 537.36','Windows NT','zh-CN,zh','LAN','http://localhost','/yiguo273/group_buy.php','/yiguo273/index.php'),
('1395091626','127.0.0.1','28','Internet Explorer 6.0','Windows NT','zh-cn','LAN','','','/yiguo273/index.php'),
('1395091626','127.0.0.1','28','Internet Explorer 9.0','Windows NT','zh-CN','LAN','','','/yiguo273/index.php'),
('1395091626','127.0.0.1','28','Internet Explorer 8.0','Windows NT','zh-cn','LAN','','','/yiguo273/index.php'),
('1395091626','127.0.0.1','28','Internet Explorer 7.0','Windows NT','zh-cn','LAN','','','/yiguo273/index.php'),
('1395094485','127.0.0.1','29','Internet Explorer 7.0','Windows NT','zh-cn','LAN','','','/yiguo273/index.php'),
('1395094707','127.0.0.1','19','FireFox 27.0','Windows NT','zh-cn,zh','LAN','','','/yiguo273/index.php'),
('1395095226','127.0.0.1','182','Safari 537.36','Windows NT','zh-CN,zh','LAN','http://localhost','/yiguo273/group_buy.php','/yiguo273/index.php'),
('1395095540','127.0.0.1','184','Safari 537.36','Windows NT','zh-CN,zh','LAN','','','/yiguo273/group_buy.php'),
('1395102653','127.0.0.1','30','Internet Explorer 9.0','Windows NT','zh-CN','LAN','','','/yiguo273/index.php'),
('1395102653','127.0.0.1','30','Internet Explorer 6.0','Windows NT','zh-cn','LAN','','','/yiguo273/index.php'),
('1395102654','127.0.0.1','30','Internet Explorer 8.0','Windows NT','zh-cn','LAN','','','/yiguo273/index.php'),
('1395102654','127.0.0.1','30','Internet Explorer 7.0','Windows NT','zh-cn','LAN','','','/yiguo273/index.php'),
('1395104008','127.0.0.1','31','Internet Explorer 6.0','Windows NT','zh-cn','LAN','','','/yiguo273/goods.php'),
('1395162711','127.0.0.1','185','Safari 537.36','Windows NT','zh-CN,zh','LAN','','','/yiguo273/index.php'),
('1395171020','127.0.0.1','187','Safari 537.36','Windows NT','zh-CN,zh','LAN','http://localhost','/yiguo273/category.php?id=16','/yiguo273/index.php'),
('1395171594','127.0.0.1','189','Safari 537.36','Windows NT','zh-CN,zh','LAN','http://localhost','/yiguo273/category.php?id=16','/yiguo273/index.php'),
('1395177057','127.0.0.1','190','Safari 537.36','Windows NT','zh-CN,zh','LAN','http://localhost','/yiguo273/category.php?id=16','/yiguo273/index.php'),
('1395178080','127.0.0.1','192','Safari 537.36','Windows NT','zh-CN,zh','LAN','http://localhost','/yiguo273/category.php?id=16','/yiguo273/index.php'),
('1395183654','127.0.0.1','193','Safari 537.36','Windows NT','zh-CN,zh','LAN','http://localhost','/yiguo273/category.php?id=16','/yiguo273/index.php'),
('1395184862','127.0.0.1','195','Safari 537.36','Windows NT','zh-CN,zh','LAN','http://localhost','/yiguo273/category.php?id=1','/yiguo273/index.php'),
('1395185293','127.0.0.1','197','Safari 537.36','Windows NT','zh-CN,zh','LAN','http://localhost','/yiguo273/category.php?id=1','/yiguo273/index.php'),
('1395187414','127.0.0.1','32','Internet Explorer 6.0','Windows NT','zh-cn','LAN','','','/yiguo273/index.php'),
('1395187592','127.0.0.1','33','Internet Explorer 6.0','Windows NT','zh-cn','LAN','','','/yiguo273/index.php'),
('1395189074','127.0.0.1','34','Internet Explorer 6.0','Windows NT','zh-cn','LAN','','','/yiguo273/index.php'),
('1395189204','127.0.0.1','35','Internet Explorer 9.0','Windows NT','zh-CN','LAN','','','/yiguo273/goods.php'),
('1395189328','127.0.0.1','36','Internet Explorer 7.0','Windows NT','zh-cn','LAN','','','/yiguo273/index.php'),
('1395192361','127.0.0.1','198','Safari 537.36','Windows NT','zh-CN,zh','LAN','http://localhost','/yiguo273/search.php?encode=YTozOntzOjg6ImtleXdvcmRzIjtzOjI3OiLor7fovpPlhaXkuqflk4HlkI3miJbnvJblj7ciO3M6MTA6ImltYWdlRmllbGQiO3M6MDoiIjtzOjE4OiJzZWFyY2hfZW5jb2RlX3RpbWUiO2k6MTM5NTIyMDg1NDt9','/yiguo273/category.php'),
('1395275397','127.0.0.1','205','Safari 537.36','Windows NT','zh-CN,zh','LAN','','','/yiguo2733/index.php'),
('1395275399','127.0.0.1','206','Safari 537.36','Windows NT','zh-CN,zh','LAN','','','/yiguo273/index.php'),
('1395279592','127.0.0.1','207','Safari 537.36','Windows NT','zh-CN,zh','LAN','http://localhost','/yiguo273/goods.php?id=124','/yiguo273/index.php'),
('1395335479','127.0.0.1','208','Safari 537.36','Windows NT','zh-CN,zh','LAN','http://localhost','/','/yiguo273/index.php'),
('1395335589','127.0.0.1','24','FireFox 28.0','Windows NT','zh-cn,zh','LAN','','','/yiguo273/index.php'),
('1395337814','127.0.0.1','210','Safari 537.36','Windows NT','zh-CN,zh','LAN','http://localhost','/yiguo273/index.php','/yiguo273/goods.php'),
('1395337852','127.0.0.1','211','Safari 537.36','Windows NT','zh-CN,zh','LAN','','','/yiguo2733/goods.php'),
('1395337947','127.0.0.1','212','Safari 537.36','Windows NT','zh-CN,zh','LAN','http://localhost','/yiguo273/category.php?id=196','/yiguo273/goods.php'),
('1395341767','127.0.0.1','25','FireFox 28.0','Windows NT','zh-cn,zh','LAN','','','/yiguo273/goods.php'),
('1395342397','127.0.0.1','213','Safari 537.36','Windows NT','zh-CN,zh','LAN','http://localhost','/','/yiguo273/index.php'),
('1395343812','127.0.0.1','1','Internet Explorer 6.0','Windows NT','zh-cn','LAN','','','/yiguo273/index.php'),
('1395343812','127.0.0.1','1','Internet Explorer 7.0','Windows NT','zh-cn','LAN','','','/yiguo273/index.php'),
('1395343813','127.0.0.1','1','Internet Explorer 9.0','Windows NT','zh-CN','LAN','','','/yiguo273/index.php'),
('1395343813','127.0.0.1','1','Internet Explorer 8.0','Windows NT','zh-cn','LAN','','','/yiguo273/index.php'),
('1395348001','127.0.0.1','214','Safari 537.36','Windows NT','zh-CN,zh','LAN','','','/yiguo273/exchange.php'),
('1395350435','127.0.0.1','215','Safari 537.36','Windows NT','zh-CN,zh','LAN','http://localhost','/yiguo273/search.php?encode=YTozOntzOjg6ImtleXdvcmRzIjtzOjM6IuawtCI7czoxMDoiaW1hZ2VGaWVsZCI7czowOiIiO3M6MTg6InNlYXJjaF9lbmNvZGVfdGltZSI7aToxMzk1MzczMjA2O30=','/yiguo273/index.php'),
('1395356178','127.0.0.1','26','FireFox 28.0','Windows NT','zh-cn,zh','LAN','','','/yiguo273/article.php'),
('1395359640','127.0.0.1','216','Safari 537.36','Windows NT','zh-CN,zh','LAN','http://localhost','/yiguo273/goods.php?id=124','/yiguo273/captcha.php'),
('1395362291','127.0.0.1','27','FireFox 28.0','Windows NT','zh-cn,zh','LAN','','','/yiguo273/index.php'),
('1395363021','127.0.0.1','219','Safari 537.36','Windows NT','zh-CN,zh','LAN','http://localhost','/yiguo273/goods.php?id=124','/yiguo273/index.php'),
('1395595366','127.0.0.1','220','Safari 537.36','Windows NT','zh-CN,zh','LAN','http://localhost','/','/yiguo273/index.php'),
('1395598854','192.168.1.212','2','Safari 537.36','Windows NT','zh-CN,zh','LAN','','','/yiguo273/index.php'),
('1395598889','127.0.0.1','227','Safari 537.36','Windows NT','zh-CN,zh','LAN','http://localhost','/','/yiguo273/index.php'),
('1395598993','192.168.1.212','4','Safari 537.36','Windows NT','zh-CN,zh','LAN','','','/yiguo273/index.php'),
('1395599130','192.168.1.212','1','FireFox 28.0','Windows NT','zh-cn,zh','LAN','','','/yiguo273/index.php'),
('1395599480','192.168.1.16','1','Internet Explorer 9.0','Windows NT','zh-CN','LAN','','','/yiguo273/index.php'),
('1395599480','192.168.1.209','1','Unknow browser','Windows NT','zh-CN','LAN','','','/yiguo273/index.php'),
('1395599484','192.168.1.223','1','Internet Explorer 9.0','Windows NT','zh-CN','LAN','','','/yiguo273/index.php'),
('1395599494','192.168.1.224','1','Safari 537.74.9','Unknown','en-us','LAN','','','/yiguo273/index.php'),
('1395599525','192.168.1.16','2','Internet Explorer 9.0','Windows NT','zh-CN','LAN','http://192.168.1.212','/yiguo273/','/yiguo273/category.php'),
('1395599528','192.168.1.215','1','FireFox 27.0','Windows NT','zh-cn,zh','LAN','http://192.168.1.212','/','/yiguo273/index.php'),
('1395599530','192.168.1.212','5','Safari 537.36','Windows NT','zh-CN,zh','LAN','','','/yiguo273/user.php'),
('1395599547','192.168.1.216','1','Internet Explorer 7.0','Windows NT','zh-CN','LAN','','','/yiguo273/index.php'),
('1395599550','192.168.1.209','2','Internet Explorer 7.0','Windows NT','zh-CN','LAN','','','/yiguo273/index.php'),
('1395599556','192.168.1.212','6','Safari 537.36','Windows NT','zh-CN,zh','LAN','','','/yiguo273/index.php'),
('1395599590','192.168.1.208','1','FireFox 27.0','Windows NT','zh-cn,zh','LAN','','','/yiguo273/index.php'),
('1395599650','192.168.1.226','1','Internet Explorer 10.0','Windows NT','zh-CN','LAN','','','/yiguo273/index.php'),
('1395599719','192.168.1.226','5','Internet Explorer 10.0','Windows NT','zh-CN','LAN','http://192.168.1.212','/','/yiguo273/index.php'),
('1395599722','192.168.1.14','1','Safari 537.36','Windows NT','zh-CN,zh','LAN','','','/yiguo273/index.php'),
('1395599763','192.168.1.205','1','Internet Explorer 9.0','Windows NT','zh-CN','LAN','','','/yiguo273/index.php'),
('1395600090','192.168.1.200','1','Safari 537.36','Windows NT','zh-CN,zh','LAN','','','/yiguo273/index.php'),
('1395602020','192.168.1.205','2','Internet Explorer 9.0','Windows NT','zh-CN','LAN','','','/yiguo273/index.php'),
('1395608489','192.168.1.205','3','Internet Explorer 9.0','Windows NT','zh-CN','LAN','','','/yiguo273/index.php'),
('1395609232','192.168.1.212','7','Safari 537.36','Windows NT','zh-CN,zh','LAN','','','/yiguo273/index.php'),
('1395609849','192.168.1.212','2','FireFox 28.0','Windows NT','zh-cn,zh','LAN','','','/yiguo273/index.php'),
('1395610487','192.168.1.200','2','Safari 537.36','Windows NT','zh-CN,zh','LAN','','','/yiguo273/index.php'),
('1395613593','127.0.0.1','229','Safari 537.36','Windows NT','zh-CN,zh','LAN','http://localhost','/','/yiguo273/index.php'),
('1395613956','127.0.0.1','29','FireFox 28.0','Windows NT','zh-cn,zh','LAN','','','/yiguo273/index.php'),
('1395614431','127.0.0.1','30','FireFox 28.0','Windows NT','zh-cn,zh','LAN','','','/yiguo273/index.php'),
('1395614744','192.168.1.200','3','Safari 537.36','Windows NT','zh-CN,zh','LAN','','','/yiguo273/index.php'),
('1395616140','127.0.0.1','230','Safari 537.36','Windows NT','zh-CN,zh','LAN','http://localhost','/yiguo273/index.php','/yiguo273/goods.php'),
('1395618881','127.0.0.1','233','Safari 537.36','Windows NT','zh-CN,zh','LAN','http://localhost','/yiguo273/index.php','/yiguo273/index.php'),
('1395621703','127.0.0.1','235','Safari 537.36','Windows NT','zh-CN,zh','LAN','http://localhost','/yiguo273/index.php','/yiguo273/index.php'),
('1395622074','127.0.0.1','237','Safari 537.36','Windows NT','zh-CN,zh','LAN','http://localhost','/yiguo273/index.php','/yiguo273/index.php'),
('1395623178','127.0.0.1','239','Safari 537.36','Windows NT','zh-CN,zh','LAN','http://localhost','/yiguo273/index.php','/yiguo273/index.php'),
('1395623398','127.0.0.1','241','Safari 537.36','Windows NT','zh-CN,zh','LAN','http://localhost','/yiguo273/index.php','/yiguo273/index.php'),
('1395624285','127.0.0.1','243','Safari 537.36','Windows NT','zh-CN,zh','LAN','http://localhost','/yiguo273/index.php','/yiguo273/index.php'),
('1395680778','127.0.0.1','247','Safari 537.36','Windows NT','zh-CN,zh','LAN','','','/yiguo273/index.php'),
('1395682806','127.0.0.1','249','Safari 537.36','Windows NT','zh-CN,zh','LAN','','','/yiguo273/index.php'),
('1395683071','127.0.0.1','251','Safari 537.36','Windows NT','zh-CN,zh','LAN','','','/yiguo273/index.php'),
('1395688373','127.0.0.1','264','Safari 537.36','Windows NT','zh-CN,zh','LAN','','','/yiguo273/index.php'),
('1395689778','127.0.0.1','266','Safari 537.36','Windows NT','zh-CN,zh','LAN','http://localhost','/yiguo273/goods.php?id=131','/yiguo273/user.php'),
('1395694385','127.0.0.1','275','Safari 537.36','Windows NT','zh-CN,zh','LAN','','','/yiguo273/index.php'),
('1395696224','127.0.0.1','278','Safari 537.36','Windows NT','zh-CN,zh','LAN','','','/yiguo273/index.php'),
('1395697540','127.0.0.1','280','Safari 537.36','Windows NT','zh-CN,zh','LAN','http://localhost','/yiguo273/','/yiguo273/goods.php'),
('1395698446','127.0.0.1','282','Safari 537.36','Windows NT','zh-CN,zh','LAN','','','/yiguo273/index.php'),
('1395698932','127.0.0.1','284','Safari 537.36','Windows NT','zh-CN,zh','LAN','http://localhost','/yiguo273/goods.php?id=142','/yiguo273/index.php'),
('1395699043','127.0.0.1','286','Safari 537.36','Windows NT','zh-CN,zh','LAN','','','/yiguo273/index.php'),
('1395699089','127.0.0.1','288','Safari 537.36','Windows NT','zh-CN,zh','LAN','','','/yiguo273/index.php'),
('1395699546','127.0.0.1','290','Safari 537.36','Windows NT','zh-CN,zh','LAN','http://localhost','/yiguo273/goods.php?id=131','/yiguo273/index.php'),
('1395699638','127.0.0.1','292','Safari 537.36','Windows NT','zh-CN,zh','LAN','http://localhost','/yiguo273/goods.php?id=129','/yiguo273/index.php'),
('1395699704','127.0.0.1','294','Safari 537.36','Windows NT','zh-CN,zh','LAN','http://localhost','/yiguo273/goods.php?id=152','/yiguo273/index.php'),
('1395699764','127.0.0.1','296','Safari 537.36','Windows NT','zh-CN,zh','LAN','http://localhost','/yiguo273/goods.php?id=148','/yiguo273/index.php'),
('1395701496','127.0.0.1','298','Safari 537.36','Windows NT','zh-CN,zh','LAN','http://localhost','/yiguo273/index.php','/yiguo273/goods.php'),
('1395703895','192.168.1.212','9','Safari 537.36','Windows NT','zh-CN,zh','LAN','','','/yiguo273/index.php'),
('1395709255','127.0.0.1','301','Safari 537.36','Windows NT','zh-CN,zh','LAN','http://localhost','/','/yiguo273/index.php'),
('1395709293','192.168.1.212','11','Safari 537.36','Windows NT','zh-CN,zh','LAN','','','/yiguo273/goods.php'),
('1395768219','127.0.0.1','303','Safari 537.36','Windows NT','zh-CN,zh','LAN','http://localhost','/','/yiguo273/index.php'),
('1395768494','127.0.0.1','305','Safari 537.36','Windows NT','zh-CN,zh','LAN','','','/yiguo273/index.php'),
('1395771788','127.0.0.1','309','Safari 537.36','Windows NT','zh-CN,zh','LAN','','','/yiguo273/index.php'),
('1395780614','127.0.0.1','35','FireFox 28.0','Windows NT','zh-cn,zh','LAN','','','/yiguo273/index.php'),
('1395782418','127.0.0.1','314','Safari 537.36','Windows NT','zh-CN,zh','LAN','http://localhost','/','/yiguo273/index.php'),
('1395784064','192.168.1.212','15','Safari 537.36','Windows NT','zh-CN,zh','LAN','','','/yiguo273/flow.php'),
('1395784100','192.168.1.221','6','Unknow browser','Windows NT','zh-CN','LAN','','','/yiguo273/index.php'),
('1395784213','192.168.1.221','8','Unknow browser','Windows NT','zh-CN','LAN','http://192.168.1.212','/yiguo273/admin/index.php?act=top','/yiguo273/index.php'),
('1395784891','127.0.0.1','316','Safari 537.36','Windows NT','zh-CN,zh','LAN','','','/yiguo273/index.php'),
('1395786741','127.0.0.1','318','Safari 537.36','Windows NT','zh-CN,zh','LAN','','','/yiguo273/index.php'),
('1395787700','127.0.0.1','320','Safari 537.36','Windows NT','zh-CN,zh','LAN','','','/yiguo273/index.php'),
('1395790215','127.0.0.1','322','Safari 537.36','Windows NT','zh-CN,zh','LAN','http://localhost','/','/yiguo273/index.php'),
('1395790539','192.168.1.221','9','Unknow browser','Windows NT','zh-CN','LAN','http://192.168.1.212','/yiguo273/admin/index.php?act=top','/yiguo273/index.php'),
('1395790647','192.168.1.212','1','Internet Explorer 9.0','Windows NT','zh-CN','LAN','','','/yiguo273/index.php'),
('1395791010','192.168.1.212','5','FireFox 28.0','Windows NT','zh-cn,zh','LAN','','','/yiguo273/goods.php'),
('1395791370','127.0.0.1','324','Safari 537.36','Windows NT','zh-CN,zh','LAN','','','/yiguo273/index.php'),
('1395791871','192.168.1.221','10','Unknow browser','Windows NT','zh-CN','LAN','http://192.168.1.212','/yiguo273/admin/index.php?act=top','/yiguo273/index.php'),
('1395792021','127.0.0.1','326','Safari 537.36','Windows NT','zh-CN,zh','LAN','http://localhost','/yiguo273/goods.php?id=152','/yiguo273/flow.php'),
('1395794232','192.168.1.212','6','FireFox 28.0','Windows NT','zh-cn,zh','LAN','','','/yiguo273/goods.php'),
('1395798358','127.0.0.1','329','Safari 537.36','Windows NT','zh-CN,zh','LAN','http://localhost','/yiguo273/admin/index.php?act=top','/yiguo273/index.php'),
('1395854537','127.0.0.1','332','Safari 537.36','Windows NT','zh-CN,zh','LAN','','','/yiguo273/index.php'),
('1395857205','127.0.0.1','335','Safari 537.36','Windows NT','zh-CN,zh','LAN','','','/yiguo273/index.php'),
('1395858974','127.0.0.1','345','Safari 537.36','Windows NT','zh-CN,zh','LAN','','','/yiguo273/index.php'),
('1395946453','127.0.0.1','368','Safari 537.36','Windows NT','zh-CN,zh','LAN','','','/yiguo273/index.php'),
('1396214587','127.0.0.1','478','Safari 537.36','Windows NT','zh-CN,zh','LAN','http://localhost','/','/yiguo273/index.php'),
('1396217221','127.0.0.1','480','Safari 537.36','Windows NT','zh-CN,zh','LAN','http://localhost','/','/yiguo273/index.php'),
('1396309817','127.0.0.1','497','Safari 9537.53','Unknown','zh-CN,zh','LAN','','','/yiguo273/index.php'),
('1396380126','127.0.0.1','504','Safari 537.36','Windows NT','zh-CN,zh','LAN','http://localhost','/','/yiguo273/index.php'),
('1396390907','127.0.0.1','509','Safari 537.36','Windows NT','zh-CN,zh','LAN','','','/yiguo273/index.php'),
('1396478697','127.0.0.1','517','Safari 537.36','Windows NT','zh-CN,zh','LAN','','','/yiguo273/index.php'),
('1397240097','127.0.0.1','7','Internet Explorer 9.0','Windows NT','zh-CN','LAN','http://localhost','/','/yiguo273/index.php'),
('1397409411','127.0.0.1','602','Safari 9537.53','Unknown','zh-CN,zh','LAN','','','/yiguo273/index.php'),
('1397516550','127.0.0.1','604','Safari 537.36','Windows NT','zh-CN,zh','LAN','http://localhost','/xiwang273/admin/index.php?act=top','/xiwang273/index.php'),
('1397516782','127.0.0.1','605','Safari 537.36','Windows NT','zh-CN,zh','LAN','http://localhost','/yiguo273/admin/index.php?act=top','/yiguo273/index.php'),
('1397516822','127.0.0.1','607','Safari 537.36','Windows NT','zh-CN,zh','LAN','http://localhost','/yiguo273/admin/index.php?act=top','/yiguo273/index.php'),
('1397675435','127.0.0.1','627','Safari 537.36','Windows NT','zh-CN,zh','LAN','http://localhost','/','/yiguo273/index.php'),
('1397677782','192.168.1.212','67','Safari 537.36','Windows NT','zh-CN,zh','LAN','http://192.168.1.212','/','/yiguo273/index.php'),
('1397677817','192.168.1.208','4','Safari 537.1','Windows NT','zh-CN,zh','LAN','','','/yiguo273/goods.php'),
('1397688518','127.0.0.1','635','Safari 537.36','Windows NT','zh-CN,zh','LAN','','','/xiwang273_beifen/index.php'),
('1397688628','127.0.0.1','636','Safari 537.36','Windows NT','zh-CN,zh','LAN','http://localhost','/xiwang273_beifen/admin/index.php?act=top','/xiwang273_beifen/index.php'),
('1397688651','127.0.0.1','637','Safari 537.36','Windows NT','zh-CN,zh','LAN','http://localhost','/','/yiguo273/index.php'),
('1397688844','127.0.0.1','638','Safari 537.36','Windows NT','zh-CN,zh','LAN','','','/xiwang273_beifen/index.php'),
('1397689605','127.0.0.1','640','Safari 537.36','Windows NT','zh-CN,zh','LAN','http://localhost','/','/xiwang273_beifen/index.php'),
('1407812195','27.15.142.129','1','Safari 537.36','Windows NT','zh-CN,zh','IANA','','','/mobile/index.php'),
('1407813037','27.15.142.129','1','Safari 534.30','Linux','zh-CN, en-US','IANA','','','/mobile/goods.php'),
('1407816031','27.15.142.129','2','Safari 534.30','Linux','zh-CN, en-US','IANA','','','/mobile/user.php'),
('1407816922','27.15.142.129','2','Safari 537.36','Windows NT','zh-CN,zh','IANA','','','/mobile/index.php'),
('1407820930','27.15.142.129','3','Safari 537.36','Windows NT','zh-CN,zh','IANA','','','/mobile/index.php'),
('1407821213','121.196.43.130','1','Unknow browser','Unknown','','','','','/mobile/certi.php'),
('1407821213','121.196.43.130','1','Unknow browser','Unknown','','','','','/mobile/certi.php'),
('1407825194','115.175.158.29','1','FireFox 31.0','Windows NT','zh-cn,zh','IANA','http://vipshop.5maiche.cn','/flow.php','/mobile/index.php'),
('1407826698','101.226.33.206','1','Unknow browser','Unknown','zh-cn, zh','IANA','http://vipshop.5maiche.cn','/mobile/goods.php?id=202','/mobile/goods.php'),
('1407826793','101.226.33.201','1','Unknow browser','Unknown','zh-cn, zh','IANA','http://vipshop.5maiche.cn','/mobile/','/mobile/goods.php'),
('1407826943','222.73.77.55','1','Unknow browser','Unknown','zh-cn, zh','','http://vipshop.5maiche.cn','/mobile/goods.php?id=202','/mobile/captcha.php'),
('1407827059','180.153.214.192','1','Unknow browser','Unknown','zh-cn, zh','[δ֪IP0801]','http://vipshop.5maiche.cn','/mobile/goods.php?id=202','/mobile/goods.php'),
('1407827096','101.226.33.227','1','Unknow browser','Unknown','zh-cn, zh','IANA','http://vipshop.5maiche.cn','/mobile/flow.php','/mobile/user.php'),
('1407827103','101.226.66.175','1','Unknow browser','Unknown','zh-cn, zh','IANA','http://vipshop.5maiche.cn','/mobile/goods.php?id=202','/mobile/cat_all.php'),
('1407827155','180.153.214.152','1','Unknow browser','Unknown','zh-cn, zh','[δ֪IP0801]','http://vipshop.5maiche.cn','/mobile/user.php?act=collection_list','/mobile/user.php'),
('1407827287','180.153.214.180','1','Unknow browser','Unknown','zh-cn, zh','[δ֪IP0801]','http://vipshop.5maiche.cn','/mobile/goods.php?id=202','/mobile/flow.php'),
('1407827453','27.15.142.129','4','Safari 537.36','Windows NT','zh-CN,zh','IANA','http://vipshop.5maiche.cn','/article.php?id=100','/mobile/index.php'),
('1407827534','180.153.201.216','1','Unknow browser','Unknown','zh-cn, zh','[δ֪IP0801]','http://vipshop.5maiche.cn','/mobile/flow.php?step=cart','/mobile/flow.php'),
('1407827573','112.65.193.16','1','Unknow browser','Unknown','zh-cn, zh','IANA','http://vipshop.5maiche.cn','/mobile/flow.php?step=cart','/mobile/flow.php'),
('1407827702','180.153.206.35','1','Unknow browser','Unknown','zh-cn, zh','[δ֪IP0801]','http://vipshop.5maiche.cn','/flow.php','/mobile/index.php'),
('1407827877','110.75.105.123','1','Internet Explorer 8.0','Windows NT','en-US,*','IANA','','','/mobile/index.php'),
('1407828154','110.75.216.252','1','Internet Explorer 8.0','Windows NT','en-US,*','IANA','','','/mobile/index.php'),
('1407828445','110.75.105.51','1','Internet Explorer 8.0','Windows NT','en-US,*','IANA','','','/mobile/index.php'),
('1407870071','106.44.172.146','1','Safari 537.1','Windows NT','zh-CN,zh','IANA','','','/mobile/index.php'),
('1407876111','180.153.181.160','1','Internet Explorer 9.0','Windows NT','zh-CN','[δ֪IP0801]','http://vipshop.5maiche.cn','/mobile/flow.php?step=consignee','/mobile/flow.php'),
('1446385956','192.168.1.100','2','Safari 537.36','Windows NT','zh-CN,zh','LAN','','','/wwwroot/demo/ecshop0671vip/mobile/index.php');
DROP TABLE IF EXISTS  `ecs_suppliers`;
CREATE TABLE `ecs_suppliers` (
  `suppliers_id` smallint(5) unsigned NOT NULL AUTO_INCREMENT,
  `suppliers_name` varchar(255) DEFAULT NULL,
  `suppliers_desc` mediumtext,
  `is_check` tinyint(1) unsigned NOT NULL DEFAULT '1',
  PRIMARY KEY (`suppliers_id`)
) ENGINE=InnoDB AUTO_INCREMENT=3 DEFAULT CHARSET=utf8 ROW_FORMAT=DYNAMIC;

insert into `ecs_suppliers`(`suppliers_id`,`suppliers_name`,`suppliers_desc`,`is_check`) values
('1','北京供货商','北京供货商','1'),
('2','上海供货商','上海供货商','1');
DROP TABLE IF EXISTS  `ecs_tag`;
CREATE TABLE `ecs_tag` (
  `tag_id` mediumint(8) NOT NULL AUTO_INCREMENT,
  `user_id` mediumint(8) unsigned NOT NULL DEFAULT '0',
  `goods_id` mediumint(8) unsigned NOT NULL DEFAULT '0',
  `tag_words` varchar(255) NOT NULL DEFAULT '',
  PRIMARY KEY (`tag_id`),
  KEY `user_id` (`user_id`),
  KEY `goods_id` (`goods_id`)
) ENGINE=InnoDB DEFAULT CHARSET=utf8 ROW_FORMAT=DYNAMIC;

DROP TABLE IF EXISTS  `ecs_template`;
CREATE TABLE `ecs_template` (
  `filename` varchar(30) NOT NULL DEFAULT '',
  `region` varchar(40) NOT NULL DEFAULT '',
  `library` varchar(40) NOT NULL DEFAULT '',
  `sort_order` tinyint(1) unsigned NOT NULL DEFAULT '0',
  `id` smallint(5) unsigned NOT NULL DEFAULT '0',
  `number` tinyint(1) unsigned NOT NULL DEFAULT '5',
  `type` tinyint(1) unsigned NOT NULL DEFAULT '0',
  `theme` varchar(60) NOT NULL DEFAULT '',
  `remarks` varchar(30) NOT NULL DEFAULT '',
  KEY `filename` (`filename`,`region`),
  KEY `theme` (`theme`),
  KEY `remarks` (`remarks`)
) ENGINE=InnoDB DEFAULT CHARSET=utf8 ROW_FORMAT=DYNAMIC;

insert into `ecs_template`(`filename`,`region`,`library`,`sort_order`,`id`,`number`,`type`,`theme`,`remarks`) values
('index','左边区域','/library/vote_list.lbi','8','0','0','0','default',''),
('index','左边区域','/library/email_list.lbi','9','0','0','0','default',''),
('index','左边区域','/library/order_query.lbi','6','0','0','0','default',''),
('index','左边区域','/library/cart.lbi','0','0','0','0','default',''),
('index','左边区域','/library/promotion_info.lbi','3','0','0','0','default',''),
('index','左边区域','/library/auction.lbi','4','0','3','0','default',''),
('index','左边区域','/library/group_buy.lbi','5','0','3','0','default',''),
('index','','/library/recommend_promotion.lbi','0','0','4','0','default',''),
('index','右边主区域','/library/recommend_hot.lbi','2','0','10','0','default',''),
('index','右边主区域','/library/recommend_new.lbi','1','0','10','0','default',''),
('index','右边主区域','/library/recommend_best.lbi','0','0','10','0','default',''),
('index','左边区域','/library/invoice_query.lbi','7','0','0','0','default',''),
('index','左边区域','/library/top10.lbi','2','0','0','0','default',''),
('index','左边区域','/library/category_tree.lbi','1','0','0','0','default',''),
('index','','/library/brands.lbi','0','0','11','0','default',''),
('category','左边区域','/library/category_tree.lbi','1','0','0','0','default',''),
('category','右边区域','/library/recommend_best.lbi','0','0','5','0','default',''),
('category','右边区域','/library/goods_list.lbi','1','0','0','0','default',''),
('category','右边区域','/library/pages.lbi','2','0','0','0','default',''),
('category','左边区域','/library/cart.lbi','0','0','0','0','default',''),
('category','左边区域','/library/price_grade.lbi','3','0','0','0','default',''),
('category','左边区域','/library/filter_attr.lbi','2','0','0','0','default',''),
('index','','/library/group_buy.lbi','0','0','3','0','weipinhui',''),
('index','','/library/auction.lbi','0','0','3','0','weipinhui',''),
('index','','/library/recommend_promotion.lbi','0','0','100','0','weipinhui',''),
('index','','/library/recommend_hot.lbi','0','0','4','0','weipinhui',''),
('index','','/library/recommend_new.lbi','0','0','4','0','weipinhui',''),
('index','','/library/recommend_best.lbi','0','0','4','0','weipinhui',''),
('index','','/library/search_form.lbi','0','0','0','0','weipinhui',''),
('index','','/library/brands.lbi','0','0','3','0','weipinhui','');
DROP TABLE IF EXISTS  `ecs_topic`;
CREATE TABLE `ecs_topic` (
  `topic_id` int(10) unsigned NOT NULL AUTO_INCREMENT,
  `title` varchar(255) NOT NULL DEFAULT '''''',
  `intro` text NOT NULL,
  `start_time` int(11) NOT NULL DEFAULT '0',
  `end_time` int(10) NOT NULL DEFAULT '0',
  `data` text NOT NULL,
  `template` varchar(255) NOT NULL DEFAULT '''''',
  `css` text NOT NULL,
  `topic_img` varchar(255) DEFAULT NULL,
  `title_pic` varchar(255) DEFAULT NULL,
  `base_style` char(6) DEFAULT NULL,
  `htmls` mediumtext,
  `keywords` varchar(255) DEFAULT NULL,
  `description` varchar(255) DEFAULT NULL,
  KEY `topic_id` (`topic_id`)
) ENGINE=InnoDB AUTO_INCREMENT=3 DEFAULT CHARSET=utf8 ROW_FORMAT=DYNAMIC;

insert into `ecs_topic`(`topic_id`,`title`,`intro`,`start_time`,`end_time`,`data`,`template`,`css`,`topic_img`,`title_pic`,`base_style`,`htmls`,`keywords`,`description`) values
('1','夏新优惠大酬宾','<p>
	夏新产品优惠开始了
</p>','1404892800','1436428800','O:8:"stdClass":1:{s:7:"default";a:17:{i:0;s:31:"永生花【春暖花开】|208";i:1;s:31:"永生花【春花烂漫】|209";i:2;s:16:"倾城之恋|207";i:3;s:16:"无可取代|205";i:4;s:19:"陪你去未来|206";i:5;s:16:"脉脉含情|204";i:6;s:22:"喜欢你没道理|202";i:7;s:22:"许你一世芳菲|203";i:8;s:16:"细水流年|201";i:9;s:16:"五月花香|200";i:10;s:16:"母爱至上|199";i:11;s:16:"爱是阳光|198";i:12;s:19:"爱历久弥新|197";i:13;s:16:"一生爱人|196";i:14;s:19:"简单的幸福|195";i:15;s:44:"一生的期盼 喜欢你是淡淡的爱|210";i:16;s:37:"七彩玫瑰【为爱写的信】|211";}}','','','data/afficheimg/20140812fvpyxb.gif','data/afficheimg/20140812zgexpi.gif','30bbf6','','',''),
('2','专题名称专题名称专题名称','介绍介绍','1404892800','1404979200','O:8:"stdClass":1:{s:7:"default";a:18:{i:0;s:36:"诗妃 玫瑰嫩白润手霜 60g|202";i:1;s:64:"卡玛Kar%26Ma 指甲油组合(气质女王) 18ml*2--176+002|199";i:2;s:32:"轻透防晒喷雾SPF30/141g|210";i:3;s:45:"诗妃 莱菲丝竹炭袪黑头鼻贴 10P|208";i:4;s:44:"韩后 植物能量亮肤洁颜膏 100ml|209";i:5;s:53:"三草两木 自然肌本水动力保湿乳 120ml|207";i:6;s:50:"candy moyo cm637珐琅红（草莓香味）8ml|205";i:7;s:32:"珍养裸妆BB霜裸妆 40ml|206";i:8;s:37:"meier美尔 全身水密码 240ml|204";i:9;s:50:"小迷糊 美白嫩肤补水蚕丝面膜套装|203";i:10;s:67:"膜法世家·1908 绿豆清肌去黑头T区护理套装3件套|201";i:11;s:59:"萌黛儿 顶级黑水牛角梳防静电加大加厚款|200";i:12;s:64:"卡玛Kar%26Ma 指甲油组合(气质女王) 18ml*2--176+002|199";i:13;s:53:"ZLIME致美 超柔净透洁肤仪（粉紫） 1pc|198";i:14;s:49:"ARTOS雅涂 602沙滩城堡+608酒红色 13ml|197";i:15;s:56:"VEECCI唯资 超完美持久水眉笔104#灰色 1.5g|196";i:16;s:66:"圣荷stherb LoveBank[TangerineDream]佛罗蒙女用香水30ml|195";i:17;s:47:"雅诗兰黛 密集焕白滋润乳液 100ml|211";}}','','','data/afficheimg/20140710ntsofr.jpg','data/afficheimg/20140710deaoos.jpg','','','','');
DROP TABLE IF EXISTS  `ecs_touch_activity`;
CREATE TABLE `ecs_touch_activity` (
  `act_id` int(10) NOT NULL,
  `act_banner` varchar(255) DEFAULT NULL
) ENGINE=InnoDB DEFAULT CHARSET=utf8 ROW_FORMAT=DYNAMIC;

insert into `ecs_touch_activity`(`act_id`,`act_banner`) values
('1','http://d8.yihaodianimg.com/N00/M08/9A/E0/CgMBmVPPNHqAXRx1AACfU7I8J8857100.jpg'),
('2','http://img13.360buyimg.com/cms/jfs/t184/306/2459217274/143660/f83440cc/53d20980N337e37e1.jpg!q35.jpg'),
('3','http://img10.360buyimg.com/cms/jfs/t157/153/2494576813/117819/654b2854/53d20fe1N246c1e4a.jpg!q35.jpg'),
('4','http://img11.360buyimg.com/cms/jfs/t145/259/2655815990/39930/9c6e8426/53d772c7N26e261e4.jpg!q35.jpg'),
('5','data/attached/banner_image/ea725b8e67518d05c5cd80e5fed8d04f.jpg');
DROP TABLE IF EXISTS  `ecs_touch_ad`;
CREATE TABLE `ecs_touch_ad` (
  `ad_id` smallint(5) unsigned NOT NULL AUTO_INCREMENT,
  `position_id` smallint(5) unsigned NOT NULL DEFAULT '0',
  `media_type` tinyint(3) unsigned NOT NULL DEFAULT '0',
  `ad_name` varchar(255) NOT NULL DEFAULT '',
  `ad_link` varchar(255) NOT NULL DEFAULT '',
  `ad_code` text NOT NULL,
  `start_time` int(11) NOT NULL DEFAULT '0',
  `end_time` int(11) NOT NULL DEFAULT '0',
  `link_man` varchar(60) NOT NULL DEFAULT '',
  `link_email` varchar(60) NOT NULL DEFAULT '',
  `link_phone` varchar(60) NOT NULL DEFAULT '',
  `click_count` mediumint(8) unsigned NOT NULL DEFAULT '0',
  `enabled` tinyint(3) unsigned NOT NULL DEFAULT '1',
  PRIMARY KEY (`ad_id`),
  KEY `position_id` (`position_id`),
  KEY `enabled` (`enabled`)
) ENGINE=InnoDB AUTO_INCREMENT=21 DEFAULT CHARSET=utf8 ROW_FORMAT=DYNAMIC;

insert into `ecs_touch_ad`(`ad_id`,`position_id`,`media_type`,`ad_name`,`ad_link`,`ad_code`,`start_time`,`end_time`,`link_man`,`link_email`,`link_phone`,`click_count`,`enabled`) values
('4','2','0','首页特卖广告_1','#','data/attached/ad_img/bfbe2b2d5b6213fa0bbc808d9bac378f.jpg','1414915200','1512806400','','','','2','1'),
('5','2','0','首页特卖广告_2','','data/attached/ad_img/f64bf8c1485b69412a0c9c2d1701eca2.jpg','1415174400','1512460800','','','','3','1'),
('6','2','0','首页特卖广告_3','','data/attached/ad_img/3d997deda47308119ec1fcbc73081049.jpg','1415347200','1512806400','','','','3','1'),
('7','2','0','首页特卖广告_4','','data/attached/ad_img/21b07aca2478eab51f3b8b510eb6899e.jpg','1415347200','1512806400','','','','0','1'),
('8','1','0','1','','data/attached/ad_img/5ea22c7e9c0bc8714a967917279255b2.jpg','1415520000','1512806400','','','','2','1'),
('9','1','0','2','','data/attached/ad_img/e2014312bead9d26bff79edc0be3b271.jpg','1415433600','1512720000','','','','0','1'),
('10','3','0','首页新品特卖广告_1','','data/attached/ad_img/a2ee85e1d83efe0796f35d8fe97e1d79.jpg','1415520000','1512806400','','','','0','1'),
('11','3','0','首页新品特卖广告_2','','data/attached/ad_img/8c6ada728bc321578fc068e2120079f3.jpg','1415606400','1512892800','','','','0','1'),
('12','3','0','首页新品特卖广告_3','','data/attached/ad_img/cbbd7c56f99ffcbf48995b0f818745b1.jpg','1415606400','1512892800','','','','0','1'),
('13','3','0','首页新品特卖广告_4','','data/attached/ad_img/15e034bdbea78995c9c8230ee9d4ab98.jpg','1415606400','1512892800','','','','1','1'),
('14','3','0','首页新品特卖广告_5','','data/attached/ad_img/d833523e045f15aa87774b38f7ca3267.jpg','1415606400','1512892800','','','','0','1'),
('15','3','0','首页新品特卖广告_6','','data/attached/ad_img/78d4aa72d22ceef81dfdaac6af0403c2.jpg','1415606400','1512892800','','','','0','1'),
('16','3','0','首页新品特卖广告_7','','data/attached/ad_img/de8f6edcfb974799e1d52646a0aa3b6c.jpg','1415606400','1512892800','','','','1','1'),
('17','3','0','首页新品特卖广告_8','','data/attached/ad_img/dffdf8a37b01d7e4a9a28e831d7d499a.jpg','1415520000','1512806400','','','','0','1'),
('18','3','0','首页新品特卖广告_9','','data/attached/ad_img/b4ca329bac7a4a93e4fd3088f7bc08d3.jpg','1415606400','1512892800','','','','0','1'),
('19','3','0','首页新品特卖广告_10','','data/attached/ad_img/72e49480825b3d6b9b848daf987b9326.jpg','1415606400','1512892800','','','','0','1'),
('20','4','0','测试1','http://ecmoban.com','data/attached/ad_img/5ea22c7e9c0bc8714a967917279255b2.jpg','1418745600','1419955200','','151222@qq.com','12365985698','2','1');
DROP TABLE IF EXISTS  `ecs_touch_ad_position`;
CREATE TABLE `ecs_touch_ad_position` (
  `position_id` tinyint(3) unsigned NOT NULL AUTO_INCREMENT,
  `position_name` varchar(255) NOT NULL DEFAULT '',
  `ad_width` smallint(5) unsigned NOT NULL DEFAULT '0',
  `ad_height` smallint(5) unsigned NOT NULL DEFAULT '0',
  `position_desc` varchar(255) NOT NULL DEFAULT '',
  `position_style` text NOT NULL,
  PRIMARY KEY (`position_id`)
) ENGINE=InnoDB AUTO_INCREMENT=5 DEFAULT CHARSET=utf8 ROW_FORMAT=DYNAMIC;

insert into `ecs_touch_ad_position`(`position_id`,`position_name`,`ad_width`,`ad_height`,`position_desc`,`position_style`) values
('1','首页Banner广告位','360','168','','<ul>
{foreach from=$ads item=ad}
  <li>{$ad}</li>
{/foreach}
</ul>
'),
('2','首页特卖广告位','320','140','','&lt;ul&gt;
{foreach from=$ads item=ad}
&lt;li&gt;{$ad}&lt;/li&gt;
{/foreach}
&lt;/ul&gt;'),
('3','首页新品特卖广告位','640','260','首页新品特卖广告位','&lt;ul&gt;
{foreach from=$ads_array item=ad}
      &lt;li&gt;
       &lt;div class=\\&quot;pic\\&quot;&gt;{$ad.ad_img}&lt;/div&gt;
       &lt;div class=\\&quot;shop_info\\&quot;&gt;
            &lt;p&gt;{$ad.ad_name}&lt;/p&gt;
            &lt;div class=\\&quot;brand_time\\&quot;&gt;&lt;span&gt;&lt;/span&gt;仅剩 {$ad.time}天&lt;/div&gt;
         &lt;/div&gt;
         &lt;/li&gt;
{/foreach}
&lt;/ul&gt;'),
('4','商品详情页','300','160','商品详情页广告位','&lt;ul&gt;
{foreach from=$ads_array item=ad}
      &lt;li&gt;
       &lt;div class=\\&quot;pic\\&quot;&gt;{$ad.ad_img}&lt;/div&gt;
       &lt;div class=\\&quot;shop_info\\&quot;&gt;
            &lt;p&gt;{$ad.ad_name}&lt;/p&gt;
            &lt;div class=\\&quot;brand_time\\&quot;&gt;&lt;span&gt;&lt;/span&gt;仅剩 {$ad.time}天&lt;/div&gt;
         &lt;/div&gt;
         &lt;/li&gt;
{/foreach}
&lt;/ul&gt;');
DROP TABLE IF EXISTS  `ecs_touch_adsense`;
CREATE TABLE `ecs_touch_adsense` (
  `from_ad` smallint(5) NOT NULL DEFAULT '0',
  `referer` varchar(255) NOT NULL DEFAULT '',
  `clicks` int(10) unsigned NOT NULL DEFAULT '0',
  KEY `from_ad` (`from_ad`)
) ENGINE=InnoDB DEFAULT CHARSET=utf8 ROW_FORMAT=DYNAMIC;

insert into `ecs_touch_adsense`(`from_ad`,`referer`,`clicks`) values
('8','本站','2'),
('16','本站','1');
DROP TABLE IF EXISTS  `ecs_touch_article`;
CREATE TABLE `ecs_touch_article` (
  `article_id` mediumint(8) unsigned NOT NULL AUTO_INCREMENT,
  `cat_id` smallint(5) NOT NULL DEFAULT '0',
  `title` varchar(150) NOT NULL DEFAULT '',
  `content` longtext NOT NULL,
  `author` varchar(30) NOT NULL DEFAULT '',
  `author_email` varchar(60) NOT NULL DEFAULT '',
  `keywords` varchar(255) NOT NULL DEFAULT '',
  `is_open` tinyint(1) unsigned NOT NULL DEFAULT '1',
  `add_time` int(10) unsigned NOT NULL DEFAULT '0',
  `file_url` varchar(255) NOT NULL DEFAULT '',
  `open_type` tinyint(1) unsigned NOT NULL DEFAULT '0',
  `link` varchar(255) NOT NULL DEFAULT '',
  `description` varchar(255) DEFAULT NULL,
  PRIMARY KEY (`article_id`),
  KEY `cat_id` (`cat_id`)
) ENGINE=InnoDB DEFAULT CHARSET=utf8 ROW_FORMAT=DYNAMIC;

DROP TABLE IF EXISTS  `ecs_touch_article_cat`;
CREATE TABLE `ecs_touch_article_cat` (
  `cat_id` smallint(5) NOT NULL AUTO_INCREMENT,
  `cat_name` varchar(255) NOT NULL DEFAULT '',
  `keywords` varchar(255) NOT NULL DEFAULT '',
  `cat_desc` varchar(255) NOT NULL DEFAULT '',
  `sort_order` tinyint(3) unsigned NOT NULL DEFAULT '50',
  `parent_id` smallint(5) unsigned NOT NULL DEFAULT '0',
  PRIMARY KEY (`cat_id`),
  KEY `sort_order` (`sort_order`),
  KEY `parent_id` (`parent_id`)
) ENGINE=InnoDB DEFAULT CHARSET=utf8 ROW_FORMAT=DYNAMIC;

DROP TABLE IF EXISTS  `ecs_touch_auth`;
CREATE TABLE `ecs_touch_auth` (
  `id` tinyint(2) NOT NULL AUTO_INCREMENT,
  `auth_config` varchar(255) NOT NULL,
  `from` varchar(10) NOT NULL,
  PRIMARY KEY (`id`)
) ENGINE=InnoDB DEFAULT CHARSET=utf8 ROW_FORMAT=DYNAMIC;

DROP TABLE IF EXISTS  `ecs_touch_brand`;
CREATE TABLE `ecs_touch_brand` (
  `brand_id` int(8) NOT NULL,
  `brand_banner` varchar(255) NOT NULL COMMENT '广告位',
  `brand_content` text NOT NULL COMMENT '详情'
) ENGINE=InnoDB DEFAULT CHARSET=utf8 ROW_FORMAT=DYNAMIC;

DROP TABLE IF EXISTS  `ecs_touch_category`;
CREATE TABLE `ecs_touch_category` (
  `id` int(10) unsigned NOT NULL AUTO_INCREMENT,
  `cat_id` int(10) unsigned DEFAULT NULL COMMENT '外键',
  `cat_image` varchar(255) DEFAULT NULL COMMENT '分类ICO图标',
  PRIMARY KEY (`id`)
) ENGINE=InnoDB AUTO_INCREMENT=21 DEFAULT CHARSET=utf8 ROW_FORMAT=DYNAMIC;

insert into `ecs_touch_category`(`id`,`cat_id`,`cat_image`) values
('1','469','data/attached/cat_image/3fba3c74dd09fcf724ea44953fa8bb71.jpg'),
('2','467','data/attached/cat_image/52f9e0ae8da67018fcf5dafda1fdd544.jpg'),
('3','466','data/attached/cat_image/df6fe9fe2e9254c9ec3700e5835383d4.png'),
('4','468','data/attached/cat_image/52f9e0ae8da67018fcf5dafda1fdd544.jpg'),
('5','476','data/attached/cat_image/df6fe9fe2e9254c9ec3700e5835383d4.png'),
('6','479','data/attached/cat_image/df6fe9fe2e9254c9ec3700e5835383d4.png'),
('7','480','data/attached/cat_image/df6fe9fe2e9254c9ec3700e5835383d4.png'),
('8','477','data/attached/cat_image/df6fe9fe2e9254c9ec3700e5835383d4.png'),
('9','478','data/attached/cat_image/df6fe9fe2e9254c9ec3700e5835383d4.png'),
('10','482','data/attached/cat_image/f2a32f8799a158963c874464b6c834c3.jpg'),
('11','486','data/attached/cat_image/f2a32f8799a158963c874464b6c834c3.jpg'),
('12','483','data/attached/cat_image/f2a32f8799a158963c874464b6c834c3.jpg'),
('13','485','data/attached/cat_image/f2a32f8799a158963c874464b6c834c3.jpg'),
('14','484','data/attached/cat_image/f2a32f8799a158963c874464b6c834c3.jpg'),
('15','473','data/attached/cat_image/7b283b698842f5e5e729f6d284c8dc94.jpg'),
('16','470','data/attached/cat_image/7b283b698842f5e5e729f6d284c8dc94.jpg'),
('17','474','data/attached/cat_image/7b283b698842f5e5e729f6d284c8dc94.jpg'),
('18','471','data/attached/cat_image/7b283b698842f5e5e729f6d284c8dc94.jpg'),
('19','475','data/attached/cat_image/7b283b698842f5e5e729f6d284c8dc94.jpg'),
('20','472','data/attached/cat_image/7b283b698842f5e5e729f6d284c8dc94.jpg');
DROP TABLE IF EXISTS  `ecs_touch_feedback`;
CREATE TABLE `ecs_touch_feedback` (
  `id` int(10) unsigned NOT NULL AUTO_INCREMENT,
  `msg_id` mediumint(8) unsigned NOT NULL,
  `msg_read` int(1) unsigned NOT NULL DEFAULT '0',
  PRIMARY KEY (`id`)
) ENGINE=InnoDB DEFAULT CHARSET=utf8 ROW_FORMAT=DYNAMIC;

DROP TABLE IF EXISTS  `ecs_touch_goods`;
CREATE TABLE `ecs_touch_goods` (
  `goods_id` int(10) unsigned DEFAULT NULL COMMENT '外键',
  `sales_volume` int(10) unsigned DEFAULT NULL COMMENT '销量统计'
) ENGINE=InnoDB DEFAULT CHARSET=utf8 ROW_FORMAT=DYNAMIC;

insert into `ecs_touch_goods`(`goods_id`,`sales_volume`) values
('212','0');
DROP TABLE IF EXISTS  `ecs_touch_goods_activity`;
CREATE TABLE `ecs_touch_goods_activity` (
  `act_id` int(10) DEFAULT NULL,
  `act_banner` varchar(255) DEFAULT NULL,
  `sales_count` int(10) DEFAULT NULL,
  `click_num` int(10) NOT NULL DEFAULT '0',
  `cur_price` decimal(10,2) NOT NULL
) ENGINE=InnoDB DEFAULT CHARSET=utf8 ROW_FORMAT=DYNAMIC;

insert into `ecs_touch_goods_activity`(`act_id`,`act_banner`,`sales_count`,`click_num`,`cur_price`) values
('9','','0','0',100.00),
('10','','0','0',28.00),
('11','','0','0',45.00),
('12','','0','0',42.00),
('13','','0','0',39.00),
('14','','0','0',19.00),
('17','','0','0',97.00),
('18','','0','0',62.00),
('16','','0','0',19.00),
('36',null,null,'0',59.00),
('37',null,null,'0',50.00),
('38',null,null,'0',59.00),
('39',null,null,'0',69.00),
('42',null,null,'0',200.00);
DROP TABLE IF EXISTS  `ecs_touch_nav`;
CREATE TABLE `ecs_touch_nav` (
  `id` mediumint(8) NOT NULL AUTO_INCREMENT,
  `ctype` varchar(10) DEFAULT NULL,
  `cid` smallint(5) unsigned DEFAULT NULL,
  `name` varchar(255) NOT NULL,
  `ifshow` tinyint(1) NOT NULL,
  `vieworder` tinyint(1) NOT NULL,
  `opennew` tinyint(1) NOT NULL,
  `url` varchar(255) NOT NULL,
  `pic` varchar(255) NOT NULL,
  `type` varchar(10) NOT NULL,
  PRIMARY KEY (`id`),
  KEY `type` (`type`),
  KEY `ifshow` (`ifshow`)
) ENGINE=InnoDB AUTO_INCREMENT=9 DEFAULT CHARSET=utf8 ROW_FORMAT=DYNAMIC;

insert into `ecs_touch_nav`(`id`,`ctype`,`cid`,`name`,`ifshow`,`vieworder`,`opennew`,`url`,`pic`,`type`) values
('1','','0','全部分类','1','0','0','index.php?c=category&amp;a=top_all','data/attached/nav/a060d6cbe2f3123dc8881ffafd5b52da.png','middle'),
('2','','0','我的订单','1','0','0','index.php?m=default&amp;c=user&amp;a=order_list','data/attached/nav/932e7922b6e8bd52ab7eb3790f5f090e.png','middle'),
('3','','0','最新团购','0','0','0','index.php?m=default&amp;c=groupbuy','data/attached/nav/4faf3d782e509fd0cc455d15b8be6a25.png','middle'),
('4','','0','促销活动','0','0','0','index.php?m=default&amp;c=activity','data/attached/nav/49a463e1a1175cf22dc45d95b61578fb.png','middle'),
('5','','0','热门搜索','0','0','0','javascript:openSearch();','data/attached/nav/b45af2d0ca97d52bbb1715a88942a5ed.png','middle'),
('6','','0','品牌街','0','0','0','index.php?m=default&amp;c=brand','data/attached/nav/57d6b63d54132e58a4b116c3dbe5aa7f.png','middle'),
('7','','0','个人中心','1','0','0','index.php?m=default&amp;c=user','data/attached/nav/b86be6278f2b182aba402ec1901f6c8d.png','middle'),
('8','','0','购物车','1','0','0','index.php?m=default&amp;c=flow&amp;a=cart','data/attached/nav/ed82d0762bdc9373c8e0d05be75c2afa.png','middle');
DROP TABLE IF EXISTS  `ecs_touch_payment`;
CREATE TABLE `ecs_touch_payment` (
  `pay_id` tinyint(3) unsigned NOT NULL AUTO_INCREMENT,
  `pay_code` varchar(20) NOT NULL DEFAULT '',
  `pay_name` varchar(120) NOT NULL DEFAULT '',
  `pay_fee` varchar(10) NOT NULL DEFAULT '0',
  `pay_desc` text NOT NULL,
  `pay_order` tinyint(3) unsigned NOT NULL DEFAULT '0',
  `pay_config` text NOT NULL,
  `enabled` tinyint(1) unsigned NOT NULL DEFAULT '0',
  `is_cod` tinyint(1) unsigned NOT NULL DEFAULT '0',
  `is_online` tinyint(1) unsigned NOT NULL DEFAULT '0',
  PRIMARY KEY (`pay_id`),
  UNIQUE KEY `pay_code` (`pay_code`)
) ENGINE=InnoDB AUTO_INCREMENT=6 DEFAULT CHARSET=utf8 ROW_FORMAT=DYNAMIC;

insert into `ecs_touch_payment`(`pay_id`,`pay_code`,`pay_name`,`pay_fee`,`pay_desc`,`pay_order`,`pay_config`,`enabled`,`is_cod`,`is_online`) values
('1','balance','余额支付','0','使用帐户余额支付。只有会员才能使用，通过设置信用额度，可以透支。','0','a:0:{}','1','0','1'),
('2','bank','银行汇款/转帐','0','银行名称
收款人信息：全称 ××× ；帐号或地址 ××× ；开户行 ×××。
注意事项：办理电汇时，请在电汇单“汇款用途”一栏处注明您的订单号。','0','a:0:{}','1','0','0'),
('3','cod','货到付款','0','开通城市：×××
货到付款区域：×××','0','a:0:{}','1','1','0'),
('4','alipay_wap','支付宝（手机版）','0','支付宝（手机版）网站(www.alipay.com) 是国内先进的网上支付平台。','0','a:4:{i:0;a:3:{s:4:"name";s:14:"alipay_account";s:4:"type";s:4:"text";s:5:"value";s:0:"";}i:1;a:3:{s:4:"name";s:10:"alipay_key";s:4:"type";s:4:"text";s:5:"value";s:0:"";}i:2;a:3:{s:4:"name";s:14:"alipay_partner";s:4:"type";s:4:"text";s:5:"value";s:0:"";}i:3;a:3:{s:4:"name";s:10:"relate_pay";s:4:"type";s:6:"select";s:5:"value";s:1:"6";}}','1','0','1'),
('5','wxpay','微信支付','0','微信支付，是基于客户端提供的服务功能。同时向商户提供销售经营分析、账户和资金管理的功能支持。用户通过扫描二维码、微信内打开商品页面购买等多种方式调起微信支付模块完成支付。','0','a:4:{i:0;a:3:{s:4:"name";s:11:"wxpay_appid";s:4:"type";s:4:"text";s:5:"value";s:0:"";}i:1;a:3:{s:4:"name";s:15:"wxpay_appsecret";s:4:"type";s:4:"text";s:5:"value";s:0:"";}i:2;a:3:{s:4:"name";s:9:"wxpay_key";s:4:"type";s:4:"text";s:5:"value";s:0:"";}i:3;a:3:{s:4:"name";s:11:"wxpay_mchid";s:4:"type";s:4:"text";s:5:"value";s:0:"";}}','0','0','1');
DROP TABLE IF EXISTS  `ecs_touch_shop_config`;
CREATE TABLE `ecs_touch_shop_config` (
  `id` smallint(5) unsigned NOT NULL AUTO_INCREMENT,
  `parent_id` smallint(5) unsigned NOT NULL DEFAULT '0',
  `code` varchar(30) NOT NULL DEFAULT '',
  `type` varchar(10) NOT NULL DEFAULT '',
  `store_range` varchar(255) NOT NULL DEFAULT '',
  `store_dir` varchar(255) NOT NULL DEFAULT '',
  `value` text NOT NULL,
  `sort_order` tinyint(3) unsigned NOT NULL DEFAULT '1',
  PRIMARY KEY (`id`),
  UNIQUE KEY `code` (`code`),
  KEY `parent_id` (`parent_id`)
) ENGINE=InnoDB AUTO_INCREMENT=910 DEFAULT CHARSET=utf8 ROW_FORMAT=DYNAMIC;

insert into `ecs_touch_shop_config`(`id`,`parent_id`,`code`,`type`,`store_range`,`store_dir`,`value`,`sort_order`) values
('1','0','shop_info','group','','','','1'),
('2','0','basic','group','','','','1'),
('3','0','display','group','','','','1'),
('7','0','goods','group','','','','1'),
('8','0','sms','group','','','','1'),
('101','1','shop_name','text','','','德卫机油','1'),
('102','1','shop_title','text','','','德卫机油','1'),
('103','1','shop_desc','text','','','德卫机油','1'),
('104','1','shop_keywords','text','','','','1'),
('118','1','shop_logo','file','','./themes/{$template}/images/','/wwwroot/demo/ecshop0651meilishuo/mobile/themes/weipinhui/images/logo.png','1'),
('120','1','user_notice','textarea','','','','1'),
('122','1','shop_reg_closed','select','1,0','','0','1'),
('215','2','no_picture','file','','./data/common/images/','','1'),
('218','2','stats_code','textarea','','','','1'),
('220','2','register_points','text','','','0','1'),
('312','3','top_number','text','','','5','1'),
('313','3','history_number','text','','','5','1'),
('314','3','comments_number','text','','','5','1'),
('315','3','bought_goods','text','','','10','1'),
('316','3','article_number','text','','','4','1'),
('317','3','goods_name_length','text','','','40','1'),
('319','3','page_size','text','','','16','1'),
('320','3','sort_order_type','select','0,1,2','','1','1'),
('321','3','sort_order_method','select','0,1','','0','1'),
('322','3','show_order_type','select','1','','1','1'),
('323','3','attr_related_number','text','','','10','1'),
('330','3','search_keywords','text','','','','0'),
('332','3','related_goods_number','text','','','8','1'),
('334','3','article_page_size','text','','','10','1'),
('604','6','template','hidden','','','weipinhui','1'),
('623','6','stylename','hidden','','','','1'),
('701','7','show_goodssn','select','1,0','','0','1'),
('702','7','show_brand','select','1,0','','0','1'),
('703','7','show_goodsweight','select','1,0','','0','1'),
('704','7','show_goodsnumber','select','1,0','','0','1'),
('705','7','show_addtime','select','1,0','','0','1'),
('706','7','goodsattr_style','select','1,0','','0','1'),
('707','7','show_marketprice','select','1,0','','0','1'),
('801','8','sms_shop_mobile','text','','','','1'),
('802','8','sms_order_placed','select','1,0','','0','1'),
('803','8','sms_order_payed','select','1,0','','0','1'),
('905','1','shop_url','text','','','http://www.deweijiyou.com','1'),
('906','1','show_asynclist','select','1,0','','0','1'),
('907','8','sms_ecmoban_user','text','','','','0'),
('908','8','sms_ecmoban_password','password','','','','0'),
('909','8','sms_signin','select','1,0','','0','1');
DROP TABLE IF EXISTS  `ecs_touch_topic`;
CREATE TABLE `ecs_touch_topic` (
  `topic_id` int(10) unsigned NOT NULL AUTO_INCREMENT,
  `title` varchar(255) NOT NULL DEFAULT '',
  `intro` text NOT NULL,
  `start_time` int(11) NOT NULL DEFAULT '0',
  `end_time` int(10) NOT NULL DEFAULT '0',
  `data` text NOT NULL,
  `template` varchar(255) NOT NULL DEFAULT '',
  `css` text NOT NULL,
  `topic_img` varchar(255) DEFAULT NULL,
  `title_pic` varchar(255) DEFAULT NULL,
  `base_style` char(6) DEFAULT NULL,
  `htmls` mediumtext,
  `keywords` varchar(255) DEFAULT NULL,
  `description` varchar(255) DEFAULT NULL,
  KEY `topic_id` (`topic_id`)
) ENGINE=InnoDB DEFAULT CHARSET=utf8 ROW_FORMAT=DYNAMIC;

DROP TABLE IF EXISTS  `ecs_touch_user_info`;
CREATE TABLE `ecs_touch_user_info` (
  `user_id` int(10) NOT NULL,
  `aite_id` varchar(200) NOT NULL COMMENT '标识'
) ENGINE=InnoDB DEFAULT CHARSET=utf8 ROW_FORMAT=DYNAMIC;

DROP TABLE IF EXISTS  `ecs_user_account`;
CREATE TABLE `ecs_user_account` (
  `id` mediumint(8) unsigned NOT NULL AUTO_INCREMENT,
  `user_id` mediumint(8) unsigned NOT NULL DEFAULT '0',
  `admin_user` varchar(255) NOT NULL,
  `amount` decimal(10,2) NOT NULL,
  `add_time` int(10) NOT NULL DEFAULT '0',
  `paid_time` int(10) NOT NULL DEFAULT '0',
  `admin_note` varchar(255) NOT NULL,
  `user_note` varchar(255) NOT NULL,
  `process_type` tinyint(1) NOT NULL DEFAULT '0',
  `payment` varchar(90) NOT NULL,
  `is_paid` tinyint(1) NOT NULL DEFAULT '0',
  PRIMARY KEY (`id`),
  KEY `user_id` (`user_id`),
  KEY `is_paid` (`is_paid`)
) ENGINE=InnoDB DEFAULT CHARSET=utf8 ROW_FORMAT=DYNAMIC;

DROP TABLE IF EXISTS  `ecs_user_address`;
CREATE TABLE `ecs_user_address` (
  `address_id` mediumint(8) unsigned NOT NULL AUTO_INCREMENT,
  `address_name` varchar(50) NOT NULL DEFAULT '',
  `user_id` mediumint(8) unsigned NOT NULL DEFAULT '0',
  `consignee` varchar(60) NOT NULL DEFAULT '',
  `email` varchar(60) NOT NULL DEFAULT '',
  `country` smallint(5) NOT NULL DEFAULT '0',
  `province` smallint(5) NOT NULL DEFAULT '0',
  `city` smallint(5) NOT NULL DEFAULT '0',
  `district` smallint(5) NOT NULL DEFAULT '0',
  `address` varchar(120) NOT NULL DEFAULT '',
  `zipcode` varchar(60) NOT NULL DEFAULT '',
  `tel` varchar(60) NOT NULL DEFAULT '',
  `mobile` varchar(60) NOT NULL DEFAULT '',
  `sign_building` varchar(120) NOT NULL DEFAULT '',
  `best_time` varchar(120) NOT NULL DEFAULT '',
  PRIMARY KEY (`address_id`),
  KEY `user_id` (`user_id`)
) ENGINE=InnoDB AUTO_INCREMENT=17 DEFAULT CHARSET=utf8 ROW_FORMAT=DYNAMIC;

insert into `ecs_user_address`(`address_id`,`address_name`,`user_id`,`consignee`,`email`,`country`,`province`,`city`,`district`,`address`,`zipcode`,`tel`,`mobile`,`sign_building`,`best_time`) values
('1','','1','刘先生','ecshop@ecshop.com','1','2','52','502','海兴大厦','','010-25851234','13986765412','',''),
('2','','3','叶先生','text@ecshop.com','1','2','52','510','通州区旗舰凯旋小区','','13588104710','','',''),
('3','','9','1111','123456789@qq.com','1','6','82','760','11111111111','11111','11111199999','','',''),
('4','','10','11','admin123@qq.com','1','6','82','760','111','','2222','','',''),
('5','','8','dagaf','123@qq.com','1','3','37','410','hgahahahahr','','12345678993','','',''),
('6','','11','范波','260436487@qq.com','1','25','321','2709','中山北路2911号中关村科技大厦2402室','200333','15221019887','','',''),
('7','','14','ecmoban','1234567@ecmoban.com','1','25','321','2709','111111111111111111111','111111','11111111','','',''),
('8','','7','1111111111111111111','123456@qq.com','1','4','54','532','11111111111111111','111111111111','111111111111111','1111111111111','1111111111','11111111111'),
('12','','15','123','yangting@ecmoban.com','1','2','52','500','ds','','2312323','','',''),
('13','','16','胡辉','2232783008@qq.com','1','32','394','3341','何家榜318号','409000','13355892255','13355892255','肯德基',''),
('14','','19','青蜂网络','','1','6','79','715','光明路','','','15916852053','',''),
('15','','20','234123','','1','2','52','500','123','','','13838389438','',''),
('16','','20','123','demo@demo.com','1','2','52','504','123132','','1383839438','','','');
DROP TABLE IF EXISTS  `ecs_user_bonus`;
CREATE TABLE `ecs_user_bonus` (
  `bonus_id` mediumint(8) unsigned NOT NULL AUTO_INCREMENT,
  `bonus_type_id` tinyint(3) unsigned NOT NULL DEFAULT '0',
  `bonus_sn` bigint(20) unsigned NOT NULL DEFAULT '0',
  `user_id` mediumint(8) unsigned NOT NULL DEFAULT '0',
  `used_time` int(10) unsigned NOT NULL DEFAULT '0',
  `order_id` mediumint(8) unsigned NOT NULL DEFAULT '0',
  `emailed` tinyint(3) unsigned NOT NULL DEFAULT '0',
  PRIMARY KEY (`bonus_id`),
  KEY `user_id` (`user_id`)
) ENGINE=InnoDB AUTO_INCREMENT=32 DEFAULT CHARSET=utf8 ROW_FORMAT=DYNAMIC;

insert into `ecs_user_bonus`(`bonus_id`,`bonus_type_id`,`bonus_sn`,`user_id`,`used_time`,`order_id`,`emailed`) values
('1','3','0','1','1242142681','4','0'),
('2','4','1000003379','1','1242976699','14','0'),
('3','4','1000018450','0','0','0','0'),
('4','4','1000023774','0','0','0','0'),
('5','4','1000039394','0','0','0','0'),
('6','4','1000049305','0','0','0','0'),
('7','4','1000052248','0','0','0','0'),
('8','4','1000061542','0','0','0','0'),
('9','4','1000070278','0','0','0','0'),
('10','4','1000080588','0','0','0','0'),
('11','4','1000091405','0','0','0','0'),
('24','3','0','1','0','0','0'),
('25','3','0','1','0','0','0'),
('26','3','0','1','0','0','0'),
('27','3','0','1','0','0','0'),
('28','3','0','1','0','0','0'),
('29','3','0','1','0','0','0'),
('30','3','0','1','0','0','0'),
('31','3','0','1','0','0','0');
DROP TABLE IF EXISTS  `ecs_user_feed`;
CREATE TABLE `ecs_user_feed` (
  `feed_id` mediumint(8) unsigned NOT NULL AUTO_INCREMENT,
  `user_id` mediumint(8) unsigned NOT NULL DEFAULT '0',
  `value_id` mediumint(8) unsigned NOT NULL DEFAULT '0',
  `goods_id` mediumint(8) unsigned NOT NULL DEFAULT '0',
  `feed_type` tinyint(1) unsigned NOT NULL DEFAULT '0',
  `is_feed` tinyint(1) unsigned NOT NULL DEFAULT '0',
  PRIMARY KEY (`feed_id`)
) ENGINE=InnoDB DEFAULT CHARSET=utf8 ROW_FORMAT=DYNAMIC;

DROP TABLE IF EXISTS  `ecs_user_rank`;
CREATE TABLE `ecs_user_rank` (
  `rank_id` tinyint(3) unsigned NOT NULL AUTO_INCREMENT,
  `rank_name` varchar(30) NOT NULL DEFAULT '',
  `min_points` int(10) unsigned NOT NULL DEFAULT '0',
  `max_points` int(10) unsigned NOT NULL DEFAULT '0',
  `discount` tinyint(3) unsigned NOT NULL DEFAULT '0',
  `show_price` tinyint(1) unsigned NOT NULL DEFAULT '1',
  `special_rank` tinyint(1) unsigned NOT NULL DEFAULT '0',
  PRIMARY KEY (`rank_id`)
) ENGINE=InnoDB AUTO_INCREMENT=100 DEFAULT CHARSET=utf8 ROW_FORMAT=DYNAMIC;

insert into `ecs_user_rank`(`rank_id`,`rank_name`,`min_points`,`max_points`,`discount`,`show_price`,`special_rank`) values
('1','注册用户','0','10000','100','1','0'),
('2','vip','10000','10000000','95','1','0'),
('3','代销用户','0','0','90','0','1'),
('99','微信用户','0','0','100','1','1');
DROP TABLE IF EXISTS  `ecs_users`;
CREATE TABLE `ecs_users` (
  `user_id` mediumint(8) unsigned NOT NULL AUTO_INCREMENT,
  `aite_id` text NOT NULL,
  `email` varchar(60) NOT NULL DEFAULT '',
  `user_name` varchar(60) NOT NULL DEFAULT '',
  `password` varchar(32) NOT NULL DEFAULT '',
  `question` varchar(255) NOT NULL DEFAULT '',
  `answer` varchar(255) NOT NULL DEFAULT '',
  `sex` tinyint(1) unsigned NOT NULL DEFAULT '0',
  `birthday` date NOT NULL DEFAULT '0000-00-00',
  `user_money` decimal(10,2) NOT NULL DEFAULT '0.00',
  `frozen_money` decimal(10,2) NOT NULL DEFAULT '0.00',
  `pay_points` int(10) unsigned NOT NULL DEFAULT '0',
  `rank_points` int(10) unsigned NOT NULL DEFAULT '0',
  `address_id` mediumint(8) unsigned NOT NULL DEFAULT '0',
  `reg_time` int(10) unsigned NOT NULL DEFAULT '0',
  `last_login` int(11) unsigned NOT NULL DEFAULT '0',
  `last_time` datetime NOT NULL DEFAULT '0000-00-00 00:00:00',
  `last_ip` varchar(15) NOT NULL DEFAULT '',
  `visit_count` smallint(5) unsigned NOT NULL DEFAULT '0',
  `user_rank` tinyint(3) unsigned NOT NULL DEFAULT '0',
  `is_special` tinyint(3) unsigned NOT NULL DEFAULT '0',
  `ec_salt` varchar(10) DEFAULT NULL,
  `salt` varchar(10) NOT NULL DEFAULT '0',
  `parent_id` mediumint(9) NOT NULL DEFAULT '0',
  `flag` tinyint(3) unsigned NOT NULL DEFAULT '0',
  `alias` varchar(60) NOT NULL,
  `msn` varchar(60) NOT NULL,
  `qq` varchar(20) NOT NULL,
  `office_phone` varchar(20) NOT NULL,
  `home_phone` varchar(20) NOT NULL,
  `mobile_phone` varchar(20) NOT NULL,
  `is_validated` tinyint(3) unsigned NOT NULL DEFAULT '0',
  `credit_line` decimal(10,2) unsigned NOT NULL,
  `passwd_question` varchar(50) DEFAULT NULL,
  `passwd_answer` varchar(255) DEFAULT NULL,
  `wxid` char(28) NOT NULL,
  `wxch_bd` char(2) NOT NULL,
  PRIMARY KEY (`user_id`),
  UNIQUE KEY `user_name` (`user_name`),
  KEY `email` (`email`),
  KEY `parent_id` (`parent_id`),
  KEY `flag` (`flag`)
) ENGINE=InnoDB AUTO_INCREMENT=21 DEFAULT CHARSET=utf8 ROW_FORMAT=DYNAMIC;

insert into `ecs_users`(`user_id`,`aite_id`,`email`,`user_name`,`password`,`question`,`answer`,`sex`,`birthday`,`user_money`,`frozen_money`,`pay_points`,`rank_points`,`address_id`,`reg_time`,`last_login`,`last_time`,`last_ip`,`visit_count`,`user_rank`,`is_special`,`ec_salt`,`salt`,`parent_id`,`flag`,`alias`,`msn`,`qq`,`office_phone`,`home_phone`,`mobile_phone`,`is_validated`,`credit_line`,`passwd_question`,`passwd_answer`,`wxid`,`wxch_bd`) values
('1','','ecshop@ecshop.com','ecshop','554fcae493e564ee0dc75bdf2ebf94ca','','','0','1960-03-03',0.00,0.00,'98388','15390','1','0','1245048540','0000-00-00 00:00:00','0.0.0.0','11','0','0','','0','0','0','','','','','','','0',0.00,'','','',''),
('2','','vip@ecshop.com','vip','232059cb5361a9336ccf1b8c2ba7657a','','','0','1949-01-01',0.00,0.00,'0','0','0','0','0','0000-00-00 00:00:00','','0','0','0','','0','0','0','','','','','','','0',0.00,'','','',''),
('3','','text@ecshop.com','text','1cb251ec0d568de6a929b520c4aed8d1','','','0','1949-01-01',0.00,0.00,'0','0','2','0','1242973574','0000-00-00 00:00:00','0.0.0.0','2','0','0','','0','0','0','','','','','','','0',0.00,'','','',''),
('5','','zuanshi@ecshop.com','zuanshi','815a71fb334412e7ba4595741c5a111d','','','0','1949-01-01',0.00,10000.00,'0','0','0','0','0','0000-00-00 00:00:00','','0','3','0','','0','0','0','','','','','','','0',0.00,'','','',''),
('6','','497110669@qq.com','周欢','12c4009a19335a3777e57dd10192e7fb','','','0','0000-00-00',0.00,0.00,'0','0','0','1381276290','1381276290','0000-00-00 00:00:00','127.0.0.1','1','0','0','','0','0','0','','1111@live.cn','444444','44444','55555','66666','0',0.00,'motto','7777777','',''),
('7','','123456@qq.com','123456','80e7a5f22e22a906efa21f5491050758','','','0','0000-00-00',0.00,0.00,'0','0','8','1383007932','1395614842','0000-00-00 00:00:00','192.168.1.200','3','0','0','9072','0','0','0','','','','','','','0',0.00,'','','',''),
('8','','123@qq.com','admin123','b5b5312f406815d38eaeba88aae69e7d','','','0','0000-00-00',0.00,0.00,'5860','5860','5','1386290864','1390438119','0000-00-00 00:00:00','127.0.0.1','295','0','0','7839','0','0','0','','','','','','','0',0.00,'','','',''),
('9','','123456789@qq.com','123456789','1c989fbb8c9b5b1bdca927c8a2e3a7c9','','','0','0000-00-00',0.00,0.00,'0','0','3','1386542427','1387500589','0000-00-00 00:00:00','127.0.0.1','48','0','0','6405','0','0','0','','','','','','','0',0.00,'','','',''),
('10','','admin123@qq.com','admin9041','650cdb11cd428301302c1043b87666fd','','','0','0000-00-00',0.00,0.00,'0','0','4','1388096666','1388447782','0000-00-00 00:00:00','127.0.0.1','6','0','0','4674','0','0','0','','','','','','','0',0.00,'','','',''),
('11','','260436487@qq.com','小松','0aa2bf67f22ebfd83d1f801445c22ac8','','','0','1954-01-01',1328.30,10000.00,'39946','44966','6','1393872931','1404953995','0000-00-00 00:00:00','192.168.1.56','3366','0','0','1493','0','0','0','','','','','','','0',10000.00,'','','',''),
('12','','yx7230@qq.com','yx7230','e10adc3949ba59abbe56e057f20f883e','','','0','0000-00-00',0.00,0.00,'0','0','0','1394745675','1394745675','0000-00-00 00:00:00','127.0.0.1','1','0','0','','0','0','0','','','','','','','0',0.00,'','','',''),
('13','','123123123123@qq.com','21131231','4297f44b13955235245b2497399d7a93','','','0','0000-00-00',0.00,0.00,'0','0','0','1394991469','1394991469','0000-00-00 00:00:00','127.0.0.1','1','0','0','','0','0','0','','','','','','','0',0.00,'','','',''),
('14','','1234567@ecmoban.com','1234567','fcea920f7412b5da7be0cf42b8c93759','','','0','0000-00-00',0.00,0.00,'0','0','7','1395599992','1395599992','0000-00-00 00:00:00','192.168.1.14','1','0','0','','0','0','0','','','','','','','0',0.00,'','','',''),
('15','','yangting@ecmoban.com','yang','70cb16330469d464df4fa545e02a7b89','','','0','0000-00-00',0.00,0.00,'0','0','12','1404949047','1404955885','0000-00-00 00:00:00','192.168.1.72','2','0','0','3432','0','0','0','','','','','','','0',0.00,'','','',''),
('16','','2232783008@qq.com','221115','a6a72c3acddacbe3054a6adbe600ed3f','','','0','0000-00-00',0.00,0.00,'25','0','13','1407718915','1407813615','0000-00-00 00:00:00','27.15.142.129','4','0','0','9201','0','0','0','','','','','','','0',0.00,null,null,'o20majvFw6Kok6oc3504f0hEmb88','ok'),
('17','','','weixin349','61c7be2384dcc9fa405a8c0e6237111a','','','0','0000-00-00',0.00,0.00,'10','0','0','0','0','0000-00-00 00:00:00','','0','0','0',null,'0','0','0','','','','','','','0',0.00,null,null,'',''),
('18','','','wx18','c10ae0c5506c5fc419ab051f585c5852','','','0','0000-00-00',0.00,0.00,'0','0','0','0','0','0000-00-00 00:00:00','','0','99','0',null,'0','0','0','','','','','','','0',0.00,null,null,'o20majvFw6Kok6oc3504f0hEmb88','no'),
('19','','782869779@qq.com','小蜂','6bfcbe1456e6e7ea8c1fa4b6982a3862','','','0','0000-00-00',0.00,0.00,'0','0','14','1446539974','1447208419','0000-00-00 00:00:00','192.168.1.109','138','0','0','912','0','0','0','','','','','','','0',0.00,null,null,'',''),
('20','','demo@demo.com','demo','965eb288db80e24c1a0c36be586089bf','','','0','0000-00-00',0.00,0.00,'0','0','16','1501115090','1501459877','0000-00-00 00:00:00','14.18.154.138','5','0','0','5425','0','0','0','','','','','','','0',0.00,null,null,'','');
DROP TABLE IF EXISTS  `ecs_virtual_card`;
CREATE TABLE `ecs_virtual_card` (
  `card_id` mediumint(8) NOT NULL AUTO_INCREMENT,
  `goods_id` mediumint(8) unsigned NOT NULL DEFAULT '0',
  `card_sn` varchar(60) NOT NULL DEFAULT '',
  `card_password` varchar(60) NOT NULL DEFAULT '',
  `add_date` int(11) NOT NULL DEFAULT '0',
  `end_date` int(11) NOT NULL DEFAULT '0',
  `is_saled` tinyint(1) NOT NULL DEFAULT '0',
  `order_sn` varchar(20) NOT NULL DEFAULT '',
  `crc32` varchar(12) NOT NULL DEFAULT '0',
  PRIMARY KEY (`card_id`),
  KEY `goods_id` (`goods_id`),
  KEY `car_sn` (`card_sn`),
  KEY `is_saled` (`is_saled`)
) ENGINE=InnoDB DEFAULT CHARSET=utf8 ROW_FORMAT=DYNAMIC;

DROP TABLE IF EXISTS  `ecs_volume_price`;
CREATE TABLE `ecs_volume_price` (
  `price_type` tinyint(1) unsigned NOT NULL,
  `goods_id` mediumint(8) unsigned NOT NULL,
  `volume_number` smallint(5) unsigned NOT NULL DEFAULT '0',
  `volume_price` decimal(10,2) NOT NULL DEFAULT '0.00',
  PRIMARY KEY (`price_type`,`goods_id`,`volume_number`)
) ENGINE=InnoDB DEFAULT CHARSET=utf8 ROW_FORMAT=DYNAMIC;

insert into `ecs_volume_price`(`price_type`,`goods_id`,`volume_number`,`volume_price`) values
('1','1','5',1366.00),
('1','9','3',2200.00),
('1','9','5',2100.00),
('1','13','3',1200.00),
('1','13','5',1150.00);
DROP TABLE IF EXISTS  `ecs_vote`;
CREATE TABLE `ecs_vote` (
  `vote_id` smallint(5) unsigned NOT NULL AUTO_INCREMENT,
  `vote_name` varchar(250) NOT NULL DEFAULT '',
  `start_time` int(11) unsigned NOT NULL DEFAULT '0',
  `end_time` int(11) unsigned NOT NULL DEFAULT '0',
  `can_multi` tinyint(1) unsigned NOT NULL DEFAULT '0',
  `vote_count` int(10) unsigned NOT NULL DEFAULT '0',
  PRIMARY KEY (`vote_id`)
) ENGINE=InnoDB AUTO_INCREMENT=2 DEFAULT CHARSET=utf8 ROW_FORMAT=DYNAMIC;

insert into `ecs_vote`(`vote_id`,`vote_name`,`start_time`,`end_time`,`can_multi`,`vote_count`) values
('1','您从哪里知道我们的网站','1213200000','1274803200','0','0');
DROP TABLE IF EXISTS  `ecs_vote_log`;
CREATE TABLE `ecs_vote_log` (
  `log_id` mediumint(8) unsigned NOT NULL AUTO_INCREMENT,
  `vote_id` smallint(5) unsigned NOT NULL DEFAULT '0',
  `ip_address` varchar(15) NOT NULL DEFAULT '',
  `vote_time` int(10) unsigned NOT NULL DEFAULT '0',
  PRIMARY KEY (`log_id`),
  KEY `vote_id` (`vote_id`)
) ENGINE=InnoDB DEFAULT CHARSET=utf8 ROW_FORMAT=DYNAMIC;

DROP TABLE IF EXISTS  `ecs_vote_option`;
CREATE TABLE `ecs_vote_option` (
  `option_id` smallint(5) unsigned NOT NULL AUTO_INCREMENT,
  `vote_id` smallint(5) unsigned NOT NULL DEFAULT '0',
  `option_name` varchar(250) NOT NULL DEFAULT '',
  `option_count` int(8) unsigned NOT NULL DEFAULT '0',
  `option_order` tinyint(3) unsigned NOT NULL DEFAULT '100',
  PRIMARY KEY (`option_id`),
  KEY `vote_id` (`vote_id`)
) ENGINE=InnoDB AUTO_INCREMENT=4 DEFAULT CHARSET=utf8 ROW_FORMAT=DYNAMIC;

insert into `ecs_vote_option`(`option_id`,`vote_id`,`option_name`,`option_count`,`option_order`) values
('1','1','论坛','0','100'),
('2','1','朋友','0','100'),
('3','1','友情链接','0','100');
DROP TABLE IF EXISTS  `ecs_wechat`;
CREATE TABLE `ecs_wechat` (
  `id` int(10) unsigned NOT NULL AUTO_INCREMENT,
  `name` varchar(255) NOT NULL COMMENT '公众号名称',
  `orgid` varchar(255) NOT NULL COMMENT '公众号原始ID',
  `weixin` varchar(255) NOT NULL COMMENT '微信号',
  `token` varchar(255) NOT NULL COMMENT 'Token',
  `appid` varchar(255) NOT NULL COMMENT 'AppID',
  `appsecret` varchar(255) NOT NULL COMMENT 'AppSecret',
  `type` int(1) unsigned NOT NULL DEFAULT '0' COMMENT '公众号类型',
  `oauth_name` varchar(100) DEFAULT NULL,
  `oauth_redirecturi` varchar(255) DEFAULT NULL,
  `oauth_count` int(11) unsigned NOT NULL DEFAULT '0',
  `oauth_status` int(1) unsigned NOT NULL DEFAULT '0' COMMENT '状态',
  `time` int(11) unsigned NOT NULL DEFAULT '0',
  `sort` int(10) unsigned NOT NULL DEFAULT '0' COMMENT '排序',
  `status` int(1) unsigned NOT NULL DEFAULT '0' COMMENT '状态',
  `default_wx` int(1) NOT NULL DEFAULT '0' COMMENT '1为默认使用，0为不默认',
  PRIMARY KEY (`id`)
) ENGINE=InnoDB DEFAULT CHARSET=utf8 ROW_FORMAT=DYNAMIC;

DROP TABLE IF EXISTS  `ecs_wechat_custom_message`;
CREATE TABLE `ecs_wechat_custom_message` (
  `id` int(10) NOT NULL AUTO_INCREMENT,
  `uid` int(10) unsigned NOT NULL DEFAULT '0',
  `msg` varchar(255) DEFAULT NULL COMMENT '信息内容',
  `iswechat` smallint(1) unsigned DEFAULT NULL,
  `send_time` int(11) unsigned NOT NULL DEFAULT '0' COMMENT '发送时间',
  PRIMARY KEY (`id`)
) ENGINE=InnoDB DEFAULT CHARSET=utf8 ROW_FORMAT=DYNAMIC;

DROP TABLE IF EXISTS  `ecs_wechat_extend`;
CREATE TABLE `ecs_wechat_extend` (
  `id` int(11) NOT NULL AUTO_INCREMENT,
  `name` varchar(100) DEFAULT NULL COMMENT '功能名称',
  `keywords` varchar(20) DEFAULT NULL,
  `command` varchar(255) DEFAULT NULL COMMENT '扩展词',
  `config` text COMMENT '配置信息',
  `type` varchar(20) DEFAULT NULL,
  `enable` int(1) unsigned NOT NULL DEFAULT '0' COMMENT '是否安装，1为已安装，0未安装',
  `author` varchar(100) DEFAULT NULL,
  `website` varchar(100) DEFAULT NULL,
  `wechat_id` int(10) unsigned NOT NULL COMMENT '公众号id',
  PRIMARY KEY (`id`)
) ENGINE=InnoDB DEFAULT CHARSET=utf8 ROW_FORMAT=DYNAMIC;

DROP TABLE IF EXISTS  `ecs_wechat_mass_history`;
CREATE TABLE `ecs_wechat_mass_history` (
  `id` int(11) NOT NULL AUTO_INCREMENT,
  `wechat_id` int(11) unsigned NOT NULL,
  `media_id` int(11) unsigned NOT NULL DEFAULT '0' COMMENT '素材id',
  `type` varchar(10) DEFAULT NULL COMMENT '发送内容类型',
  `status` varchar(20) DEFAULT NULL COMMENT '发送状态，对应微信通通知状态',
  `send_time` int(11) unsigned NOT NULL DEFAULT '0',
  `msg_id` varchar(20) DEFAULT NULL COMMENT '微信端返回的消息ID',
  `totalcount` int(10) unsigned NOT NULL DEFAULT '0' COMMENT 'group_id下粉丝数；或者openid_list中的粉丝数',
  `filtercount` int(10) unsigned NOT NULL DEFAULT '0',
  `sentcount` int(10) unsigned NOT NULL DEFAULT '0' COMMENT '发送成功的粉丝数',
  `errorcount` int(10) unsigned NOT NULL DEFAULT '0' COMMENT '发送失败的粉丝数',
  PRIMARY KEY (`id`)
) ENGINE=InnoDB DEFAULT CHARSET=utf8 ROW_FORMAT=DYNAMIC;

DROP TABLE IF EXISTS  `ecs_wechat_media`;
CREATE TABLE `ecs_wechat_media` (
  `id` int(10) NOT NULL AUTO_INCREMENT,
  `wechat_id` int(10) NOT NULL,
  `title` varchar(255) DEFAULT NULL COMMENT '图文消息标题',
  `command` varchar(20) NOT NULL COMMENT '关键词',
  `author` varchar(20) DEFAULT NULL,
  `is_show` int(1) unsigned NOT NULL DEFAULT '0' COMMENT '是否显示封面，1为显示，0为不显示',
  `digest` varchar(255) DEFAULT NULL COMMENT '图文消息的描述',
  `content` text NOT NULL COMMENT '图文消息页面的内容，支持HTML标签',
  `link` varchar(255) DEFAULT NULL COMMENT '点击图文消息跳转链接',
  `file` varchar(255) DEFAULT NULL COMMENT '图片链接',
  `size` int(7) DEFAULT NULL COMMENT '媒体文件上传后，获取时的唯一标识',
  `file_name` varchar(255) DEFAULT NULL COMMENT '媒体文件上传时间戳',
  `thumb` varchar(255) DEFAULT NULL,
  `add_time` int(11) unsigned NOT NULL DEFAULT '0' COMMENT '添加时间',
  `edit_time` int(11) unsigned NOT NULL DEFAULT '0',
  `type` varchar(10) DEFAULT NULL,
  `article_id` varchar(100) DEFAULT NULL,
  `sort` int(10) unsigned NOT NULL DEFAULT '0',
  PRIMARY KEY (`id`)
) ENGINE=InnoDB DEFAULT CHARSET=utf8 ROW_FORMAT=DYNAMIC;

DROP TABLE IF EXISTS  `ecs_wechat_menu`;
CREATE TABLE `ecs_wechat_menu` (
  `id` int(10) unsigned NOT NULL AUTO_INCREMENT,
  `wechat_id` int(10) unsigned NOT NULL DEFAULT '0',
  `pid` int(3) unsigned NOT NULL DEFAULT '0' COMMENT '父级ID',
  `name` varchar(255) NOT NULL COMMENT '菜单标题',
  `type` varchar(10) NOT NULL COMMENT '菜单的响应动作类型',
  `key` varchar(255) NOT NULL COMMENT '菜单KEY值，click类型必须',
  `url` varchar(255) NOT NULL COMMENT '网页链接，view类型必须',
  `sort` int(10) unsigned NOT NULL DEFAULT '0' COMMENT '排序',
  `status` int(10) unsigned NOT NULL DEFAULT '0' COMMENT '状态',
  PRIMARY KEY (`id`)
) ENGINE=InnoDB DEFAULT CHARSET=utf8 ROW_FORMAT=DYNAMIC;

DROP TABLE IF EXISTS  `ecs_wechat_point`;
CREATE TABLE `ecs_wechat_point` (
  `log_id` mediumint(8) unsigned NOT NULL COMMENT '积分增加记录id',
  `openid` varchar(100) DEFAULT NULL,
  `keywords` varchar(100) NOT NULL COMMENT '关键词',
  `createtime` int(11) unsigned NOT NULL DEFAULT '0'
) ENGINE=InnoDB DEFAULT CHARSET=utf8 ROW_FORMAT=DYNAMIC;

DROP TABLE IF EXISTS  `ecs_wechat_prize`;
CREATE TABLE `ecs_wechat_prize` (
  `id` int(11) unsigned NOT NULL AUTO_INCREMENT,
  `wechat_id` int(11) unsigned NOT NULL,
  `openid` varchar(100) NOT NULL,
  `prize_name` varchar(100) NOT NULL,
  `issue_status` int(2) NOT NULL DEFAULT '0' COMMENT '发放状态，0未发放，1发放',
  `winner` varchar(255) DEFAULT NULL,
  `dateline` int(11) unsigned NOT NULL DEFAULT '0',
  `prize_type` int(1) unsigned NOT NULL DEFAULT '0' COMMENT '是否中奖，0未中奖，1中奖',
  `activity_type` varchar(20) NOT NULL COMMENT '活动类型',
  PRIMARY KEY (`id`)
) ENGINE=InnoDB DEFAULT CHARSET=utf8 ROW_FORMAT=DYNAMIC;

DROP TABLE IF EXISTS  `ecs_wechat_qrcode`;
CREATE TABLE `ecs_wechat_qrcode` (
  `id` int(10) NOT NULL AUTO_INCREMENT,
  `type` int(1) NOT NULL DEFAULT '0' COMMENT '二维码类型，0临时，1永久',
  `expire_seconds` int(4) DEFAULT NULL COMMENT '二维码有效时间',
  `scene_id` int(10) NOT NULL COMMENT '场景值ID，临时二维码时为32位非0整型，永久二维码时最大值为100000（目前参数只支持1--100000）',
  `username` varchar(60) DEFAULT NULL COMMENT '推荐人',
  `function` varchar(255) NOT NULL COMMENT '功能',
  `ticket` varchar(255) DEFAULT NULL COMMENT '二维码ticket',
  `qrcode_url` varchar(255) DEFAULT NULL COMMENT '二维码路径',
  `endtime` int(11) unsigned NOT NULL DEFAULT '0' COMMENT '结束时间',
  `scan_num` int(10) unsigned NOT NULL DEFAULT '0' COMMENT '扫描量',
  `wechat_id` int(10) NOT NULL,
  `status` int(1) NOT NULL DEFAULT '1' COMMENT '状态',
  `sort` int(10) NOT NULL DEFAULT '0',
  PRIMARY KEY (`id`)
) ENGINE=InnoDB DEFAULT CHARSET=utf8 ROW_FORMAT=DYNAMIC;

DROP TABLE IF EXISTS  `ecs_wechat_reply`;
CREATE TABLE `ecs_wechat_reply` (
  `id` int(10) NOT NULL AUTO_INCREMENT,
  `wechat_id` int(11) unsigned NOT NULL,
  `type` varchar(10) NOT NULL COMMENT '自动回复类型',
  `content` varchar(255) DEFAULT NULL,
  `media_id` int(10) DEFAULT NULL,
  `rule_name` varchar(180) DEFAULT NULL,
  `add_time` int(11) unsigned NOT NULL DEFAULT '0',
  `reply_type` varchar(10) DEFAULT NULL COMMENT '关键词回复内容的类型',
  PRIMARY KEY (`id`)
) ENGINE=InnoDB DEFAULT CHARSET=utf8 ROW_FORMAT=DYNAMIC;

DROP TABLE IF EXISTS  `ecs_wechat_rule_keywords`;
CREATE TABLE `ecs_wechat_rule_keywords` (
  `id` int(11) NOT NULL AUTO_INCREMENT,
  `rid` int(11) NOT NULL COMMENT '规则id',
  `rule_keywords` varchar(255) DEFAULT NULL,
  PRIMARY KEY (`id`)
) ENGINE=InnoDB DEFAULT CHARSET=utf8 ROW_FORMAT=DYNAMIC;

DROP TABLE IF EXISTS  `ecs_wechat_user`;
CREATE TABLE `ecs_wechat_user` (
  `uid` int(10) unsigned NOT NULL AUTO_INCREMENT,
  `wechat_id` int(10) unsigned NOT NULL DEFAULT '0',
  `subscribe` tinyint(1) unsigned NOT NULL DEFAULT '0' COMMENT '用户是否订阅该公众号标识',
  `openid` varchar(255) NOT NULL COMMENT '用户的标识',
  `nickname` varchar(255) NOT NULL COMMENT '用户的昵称',
  `sex` tinyint(1) unsigned NOT NULL DEFAULT '0' COMMENT '用户的性别',
  `city` varchar(255) NOT NULL COMMENT '用户所在城市',
  `country` varchar(255) NOT NULL COMMENT '用户所在国家',
  `province` varchar(255) NOT NULL COMMENT '用户所在省份',
  `language` varchar(50) NOT NULL COMMENT '用户的语言',
  `headimgurl` varchar(255) NOT NULL COMMENT '用户头像',
  `subscribe_time` int(11) unsigned NOT NULL DEFAULT '0' COMMENT '用户关注时间',
  `remark` varchar(255) DEFAULT NULL,
  `privilege` varchar(255) DEFAULT NULL,
  `unionid` varchar(255) NOT NULL,
  `group_id` int(11) unsigned NOT NULL DEFAULT '0' COMMENT '用户组id',
  `ect_uid` int(11) unsigned NOT NULL COMMENT 'ecshop会员id',
  `bein_kefu` tinyint(1) unsigned NOT NULL COMMENT '是否处在多客服流程',
  PRIMARY KEY (`uid`)
) ENGINE=InnoDB DEFAULT CHARSET=utf8 ROW_FORMAT=DYNAMIC;

DROP TABLE IF EXISTS  `ecs_wechat_user_group`;
CREATE TABLE `ecs_wechat_user_group` (
  `id` int(10) unsigned NOT NULL AUTO_INCREMENT,
  `wechat_id` int(10) unsigned NOT NULL DEFAULT '0',
  `group_id` int(10) unsigned NOT NULL DEFAULT '0' COMMENT '分组id',
  `name` varchar(255) NOT NULL COMMENT '分组名字，UTF8编码',
  `count` int(10) unsigned NOT NULL DEFAULT '0' COMMENT '分组内用户数量',
  `sort` int(10) unsigned NOT NULL DEFAULT '0' COMMENT '排序',
  PRIMARY KEY (`id`)
) ENGINE=InnoDB DEFAULT CHARSET=utf8 ROW_FORMAT=DYNAMIC;

DROP TABLE IF EXISTS  `ecs_wholesale`;
CREATE TABLE `ecs_wholesale` (
  `act_id` mediumint(8) unsigned NOT NULL AUTO_INCREMENT,
  `goods_id` mediumint(8) unsigned NOT NULL,
  `goods_name` varchar(255) NOT NULL,
  `rank_ids` varchar(255) NOT NULL,
  `prices` text NOT NULL,
  `enabled` tinyint(3) unsigned NOT NULL,
  PRIMARY KEY (`act_id`),
  KEY `goods_id` (`goods_id`)
) ENGINE=InnoDB AUTO_INCREMENT=2 DEFAULT CHARSET=utf8 ROW_FORMAT=DYNAMIC;

insert into `ecs_wholesale`(`act_id`,`goods_id`,`goods_name`,`rank_ids`,`prices`,`enabled`) values
('1','21','金立 A30','1,2','a:1:{i:0;a:2:{s:4:"attr";a:1:{i:120;s:1:"0";}s:7:"qp_list";a:2:{i:0;a:2:{s:8:"quantity";i:50;s:5:"price";d:1700;}i:1;a:2:{s:8:"quantity";i:100;s:5:"price";d:1680;}}}}','1');
SET FOREIGN_KEY_CHECKS = 1;

